{
    "0x3df2c7b1e2c3e8e5e40c6035f6a3a5bb8fdb6b87": {
        "StartingPointWrittenToContract": 2311,
        "DestinationWrittenToContract": 1619,
        "GettingNearbyRegions": 3,
        "FoundTheMostNearbyCar": 115,
        "TheMostNearbyCarConflict": 1859,
        "RepeatlyFoundTheMostNearbyCar": 14116,
        "TheMostNearbyCarIsSelected": 2907,
        "PassengerOnBoard": 4088,
        "PassengerArriveAtDestination": 3295,
        "PassengerPaysAndGetsOff": 3614
    },
    "0x46dfb062b17f2ef557a64283347653f11ba7c089": {
        "StartingPointWrittenToContract": 1559,
        "DestinationWrittenToContract": 1620,
        "GettingNearbyRegions": 2,
        "FoundTheMostNearbyCar": 123,
        "TheMostNearbyCarIsSelected": 1851,
        "PassengerOnBoard": 3470,
        "PassengerArriveAtDestination": 1524,
        "PassengerPaysAndGetsOff": 2885
    },
    "0xd402c7301a68c4c65529ab0c597bb8b13e27f607": {
        "StartingPointWrittenToContract": 1848,
        "DestinationWrittenToContract": 1651,
        "GettingNearbyRegions": 1,
        "FoundTheMostNearbyCar": 115,
        "TheMostNearbyCarConflict": 4272,
        "RepeatlyFoundTheMostNearbyCar": 54343,
        "TheMostNearbyCarIsSelected": 1071,
        "PassengerOnBoard": 4849,
        "PassengerArriveAtDestination": 1881,
        "PassengerPaysAndGetsOff": 1191
    },
    "0x42389309e69a2b32b98f04bc8255ad971797f757": {
        "StartingPointWrittenToContract": 1096,
        "DestinationWrittenToContract": 1652,
        "GettingNearbyRegions": 2,
        "FoundTheMostNearbyCar": 117,
        "TheMostNearbyCarConflict": 5331,
        "RepeatlyFoundTheMostNearbyCar": 80467,
        "TheMostNearbyCarIsSelected": 907,
        "PassengerOnBoard": 3098,
        "PassengerArriveAtDestination": 3416,
        "PassengerPaysAndGetsOff": 3234
    },
    "0xcae58827099cb4557f40dd308f5efc29e9065be8": {
        "StartingPointWrittenToContract": 931,
        "DestinationWrittenToContract": 1976,
        "GettingNearbyRegions": 2,
        "FoundTheMostNearbyCar": 117,
        "TheMostNearbyCarIsSelected": 838,
        "PassengerOnBoard": 4040,
        "PassengerArriveAtDestination": 2878,
        "PassengerPaysAndGetsOff": 1502
    },
    "0x6d1558ef76336d670fb6f2b04ae1f345eab94761": {
        "StartingPointWrittenToContract": 1249,
        "DestinationWrittenToContract": 1753,
        "GettingNearbyRegions": 1,
        "FoundTheMostNearbyCar": 123,
        "TheMostNearbyCarConflict": 2981,
        "RepeatlyFoundTheMostNearbyCar": 32228,
        "TheMostNearbyCarIsSelected": 998,
        "PassengerOnBoard": 4813,
        "PassengerArriveAtDestination": 2081,
        "PassengerPaysAndGetsOff": 1585
    },
    "0x95d2b2a36e6a3d1e7ac8edbf99481c6009a19131": {
        "StartingPointWrittenToContract": 1405,
        "DestinationWrittenToContract": 961,
        "GettingNearbyRegions": 2,
        "FoundTheMostNearbyCar": 118,
        "TheMostNearbyCarIsSelected": 2392,
        "PassengerOnBoard": 4409,
        "PassengerArriveAtDestination": 1493,
        "PassengerPaysAndGetsOff": 4002
    },
    "0xd35d112793fe59877302d4064c9ef5a89c0485ba": {
        "StartingPointWrittenToContract": 1503,
        "DestinationWrittenToContract": 220,
        "GettingNearbyRegions": 1,
        "FoundTheMostNearbyCar": 127,
        "TheMostNearbyCarConflict": 2280,
        "RepeatlyFoundTheMostNearbyCar": 14123,
        "TheMostNearbyCarIsSelected": 463,
        "PassengerOnBoard": 3199,
        "PassengerArriveAtDestination": 3146,
        "PassengerPaysAndGetsOff": 3616
    },
    "0xac37a0543b6abb8e7add0c00128c9f486e45b0e9": {
        "StartingPointWrittenToContract": 861,
        "DestinationWrittenToContract": 2519,
        "GettingNearbyRegions": 4,
        "FoundTheMostNearbyCar": 140,
        "TheMostNearbyCarIsSelected": 1380,
        "PassengerOnBoard": 4378,
        "PassengerArriveAtDestination": 3996,
        "PassengerPaysAndGetsOff": 260
    },
    "0x7a5b8a958a74e39ade01f412951fb319ee4fe6d9": {
        "StartingPointWrittenToContract": 222,
        "DestinationWrittenToContract": 2406,
        "GettingNearbyRegions": 3,
        "FoundTheMostNearbyCar": 138,
        "TheMostNearbyCarConflict": 6149,
        "RepeatlyFoundTheMostNearbyCar": 54338,
        "TheMostNearbyCarIsSelected": 1526,
        "PassengerOnBoard": 3722,
        "PassengerArriveAtDestination": 873,
        "PassengerPaysAndGetsOff": 2401
    },
    "0xfb1c049ecb1884a77e857bcca8ae6443f0143dbf": {
        "StartingPointWrittenToContract": 1877,
        "DestinationWrittenToContract": 1525,
        "GettingNearbyRegions": 3,
        "FoundTheMostNearbyCar": 125,
        "TheMostNearbyCarConflict": 2758,
        "RepeatlyFoundTheMostNearbyCar": 14107,
        "TheMostNearbyCarIsSelected": 2430,
        "PassengerOnBoard": 7376,
        "PassengerArriveAtDestination": 2069,
        "PassengerPaysAndGetsOff": 1845
    },
    "0x4c0ae67f9e2dcabbcaee58afa56c14e427272b6f": {
        "StartingPointWrittenToContract": 1127,
        "DestinationWrittenToContract": 1526,
        "GettingNearbyRegions": 3,
        "FoundTheMostNearbyCar": 122,
        "TheMostNearbyCarIsSelected": 2758,
        "PassengerOnBoard": 5496,
        "PassengerArriveAtDestination": 255,
        "PassengerPaysAndGetsOff": 3394
    },
    "0x0d5f26272be5a3b462c3b7a978c7bf4b0d6aadb1": {
        "StartingPointWrittenToContract": 1763,
        "DestinationWrittenToContract": 1331,
        "GettingNearbyRegions": 0,
        "FoundTheMostNearbyCar": 119,
        "TheMostNearbyCarConflict": 4001,
        "RepeatlyFoundTheMostNearbyCar": 32220,
        "TheMostNearbyCarIsSelected": 1550,
        "PassengerOnBoard": 2596,
        "PassengerArriveAtDestination": 2070,
        "PassengerPaysAndGetsOff": 2809
    },
    "0x0cac0bfe17bd73be78486a51a15db39b10cbafcf": {
        "StartingPointWrittenToContract": 1149,
        "DestinationWrittenToContract": 2883,
        "GettingNearbyRegions": 3,
        "FoundTheMostNearbyCar": 149,
        "TheMostNearbyCarIsSelected": 1344,
        "PassengerOnBoard": 4257,
        "PassengerArriveAtDestination": 3387,
        "PassengerPaysAndGetsOff": 1044
    },
    "0xbf5868b482ace24aa4f339ceb26e32230fc7d3aa": {
        "StartingPointWrittenToContract": 402,
        "DestinationWrittenToContract": 2883,
        "GettingNearbyRegions": 6,
        "FoundTheMostNearbyCar": 151,
        "TheMostNearbyCarConflict": 3814,
        "RepeatlyFoundTheMostNearbyCar": 54339,
        "TheMostNearbyCarIsSelected": 1753,
        "PassengerOnBoard": 4678,
        "PassengerArriveAtDestination": 3511,
        "PassengerPaysAndGetsOff": 2655
    },
    "0x926f155822d00a9191fe71ec570bcd1f0eb0c300": {
        "StartingPointWrittenToContract": 2536,
        "DestinationWrittenToContract": 1498,
        "GettingNearbyRegions": 2,
        "FoundTheMostNearbyCar": 136,
        "TheMostNearbyCarConflict": 6510,
        "RepeatlyFoundTheMostNearbyCar": 32225,
        "TheMostNearbyCarIsSelected": 495,
        "PassengerOnBoard": 4310,
        "PassengerArriveAtDestination": 2327,
        "PassengerPaysAndGetsOff": 2184
    },
    "0xedb6f3a4a1ebc511f7fe9bd4f2cd4219ca0a3cf4": {
        "StartingPointWrittenToContract": 1786,
        "DestinationWrittenToContract": 1495,
        "GettingNearbyRegions": 2,
        "FoundTheMostNearbyCar": 142,
        "TheMostNearbyCarIsSelected": 3857,
        "PassengerOnBoard": 3646,
        "PassengerArriveAtDestination": 1035,
        "PassengerPaysAndGetsOff": 3055
    },
    "0xbd2f3e025a8f0b0d8bb9f64ef60980ebb27e8d5d": {
        "StartingPointWrittenToContract": 1609,
        "DestinationWrittenToContract": 3379,
        "GettingNearbyRegions": 2,
        "FoundTheMostNearbyCar": 126,
        "TheMostNearbyCarConflict": 4539,
        "RepeatlyFoundTheMostNearbyCar": 54359,
        "TheMostNearbyCarIsSelected": 1764,
        "PassengerOnBoard": 6159,
        "PassengerArriveAtDestination": 882,
        "PassengerPaysAndGetsOff": 4115
    },
    "0xabd6b57b7d198796947bc03e4f5bd911813caada": {
        "StartingPointWrittenToContract": 859,
        "DestinationWrittenToContract": 3379,
        "GettingNearbyRegions": 2,
        "FoundTheMostNearbyCar": 116,
        "TheMostNearbyCarConflict": 1562,
        "RepeatlyFoundTheMostNearbyCar": 14130,
        "TheMostNearbyCarIsSelected": 2494,
        "PassengerOnBoard": 5401,
        "PassengerArriveAtDestination": 1497,
        "PassengerPaysAndGetsOff": 860
    },
    "0x62119c27e0081b14e6e0c596603d21eaa6d6452b": {
        "StartingPointWrittenToContract": 1033,
        "DestinationWrittenToContract": 3998,
        "GettingNearbyRegions": 2,
        "FoundTheMostNearbyCar": 119,
        "TheMostNearbyCarIsSelected": 136,
        "PassengerOnBoard": 4428,
        "PassengerArriveAtDestination": 3046,
        "PassengerPaysAndGetsOff": 154
    },
    "0xc265c858c1186113b2d830e6f46f6d95142e9750": {
        "StartingPointWrittenToContract": 2739,
        "DestinationWrittenToContract": 1675,
        "GettingNearbyRegions": 3,
        "FoundTheMostNearbyCar": 119,
        "TheMostNearbyCarConflict": 5533,
        "RepeatlyFoundTheMostNearbyCar": 32304,
        "TheMostNearbyCarIsSelected": 1084,
        "PassengerOnBoard": 2920,
        "PassengerArriveAtDestination": 2101,
        "PassengerPaysAndGetsOff": 1320
    },
    "0x03875bcc0db199992266825e2c1cf0f5bfc200d2": {
        "StartingPointWrittenToContract": 3530,
        "DestinationWrittenToContract": 259,
        "GettingNearbyRegions": 4,
        "FoundTheMostNearbyCar": 152,
        "TheMostNearbyCarConflict": 9692,
        "RepeatlyFoundTheMostNearbyCar": 110750,
        "TheMostNearbyCarIsSelected": 324,
        "PassengerOnBoard": 4684,
        "PassengerArriveAtDestination": 2856,
        "PassengerPaysAndGetsOff": 2645
    },
    "0xf0ce9fe96ac15405e4fd51a62cbdbdaef2d36372": {
        "StartingPointWrittenToContract": 2782,
        "DestinationWrittenToContract": 256,
        "GettingNearbyRegions": 2,
        "FoundTheMostNearbyCar": 149,
        "TheMostNearbyCarConflict": 10075,
        "RepeatlyFoundTheMostNearbyCar": 144812,
        "TheMostNearbyCarIsSelected": 1194,
        "PassengerOnBoard": 5879,
        "PassengerArriveAtDestination": 2659,
        "PassengerPaysAndGetsOff": 1391
    },
    "0x1bdf42d9a37b5b5c5a3bc09cadfade23d075791a": {
        "StartingPointWrittenToContract": 2031,
        "DestinationWrittenToContract": 256,
        "GettingNearbyRegions": 2,
        "FoundTheMostNearbyCar": 155,
        "TheMostNearbyCarConflict": 3238,
        "RepeatlyFoundTheMostNearbyCar": 14157,
        "TheMostNearbyCarIsSelected": 2119,
        "PassengerOnBoard": 3735,
        "PassengerArriveAtDestination": 847,
        "PassengerPaysAndGetsOff": 2267
    },
    "0x3449a20e1b4700ffd4dd49f0fc14bcac44fee63c": {
        "StartingPointWrittenToContract": 1417,
        "DestinationWrittenToContract": 476,
        "GettingNearbyRegions": 0,
        "FoundTheMostNearbyCar": 117,
        "TheMostNearbyCarConflict": 10900,
        "RepeatlyFoundTheMostNearbyCar": 182966,
        "TheMostNearbyCarIsSelected": 3067,
        "PassengerOnBoard": 8463,
        "PassengerArriveAtDestination": 4096,
        "PassengerPaysAndGetsOff": 2148
    },
    "0xd2ed0cb17fd847c8aa8bc8e9ed3870481ede088b": {
        "StartingPointWrittenToContract": 665,
        "DestinationWrittenToContract": 477,
        "GettingNearbyRegions": 2,
        "FoundTheMostNearbyCar": 116,
        "TheMostNearbyCarConflict": 7615,
        "RepeatlyFoundTheMostNearbyCar": 80568,
        "TheMostNearbyCarIsSelected": 1832,
        "PassengerOnBoard": 2245,
        "PassengerArriveAtDestination": 3558,
        "PassengerPaysAndGetsOff": 3729
    },
    "0x5227daf8db7c57d268979df21ba9ee9c93d26712": {
        "StartingPointWrittenToContract": 391,
        "DestinationWrittenToContract": 3037,
        "GettingNearbyRegions": 5,
        "FoundTheMostNearbyCar": 131,
        "TheMostNearbyCarConflict": 3682,
        "RepeatlyFoundTheMostNearbyCar": 54337,
        "TheMostNearbyCarIsSelected": 948,
        "PassengerOnBoard": 3566,
        "PassengerArriveAtDestination": 4076,
        "PassengerPaysAndGetsOff": 1556
    },
    "0xb658cbd857f52f9705fbecf9b30cf827dd8c81a8": {
        "StartingPointWrittenToContract": 2679,
        "DestinationWrittenToContract": 1041,
        "GettingNearbyRegions": 2,
        "FoundTheMostNearbyCar": 179,
        "TheMostNearbyCarIsSelected": 2866,
        "PassengerOnBoard": 6910,
        "PassengerArriveAtDestination": 3766,
        "PassengerPaysAndGetsOff": 2079
    },
    "0x5895ef03d8c36b9a53b4f961cd1345ed0bd79fa3": {
        "StartingPointWrittenToContract": 1928,
        "DestinationWrittenToContract": 1040,
        "GettingNearbyRegions": 4,
        "FoundTheMostNearbyCar": 171,
        "TheMostNearbyCarConflict": 3307,
        "RepeatlyFoundTheMostNearbyCar": 32288,
        "TheMostNearbyCarIsSelected": 1551,
        "PassengerOnBoard": 3515,
        "PassengerArriveAtDestination": 806,
        "PassengerPaysAndGetsOff": 4049
    },
    "0x4093777e3bf0a104ef5576011a965c58a206b69b": {
        "StartingPointWrittenToContract": 1181,
        "DestinationWrittenToContract": 1037,
        "GettingNearbyRegions": 3,
        "FoundTheMostNearbyCar": 145,
        "TheMostNearbyCarConflict": 4899,
        "RepeatlyFoundTheMostNearbyCar": 54394,
        "TheMostNearbyCarIsSelected": 1263,
        "PassengerOnBoard": 5015,
        "PassengerArriveAtDestination": 1549,
        "PassengerPaysAndGetsOff": 824
    },
    "0x7906b337632876b8050f55ee5b57228f02972fa3": {
        "StartingPointWrittenToContract": 431,
        "DestinationWrittenToContract": 1039,
        "GettingNearbyRegions": 4,
        "FoundTheMostNearbyCar": 177,
        "TheMostNearbyCarConflict": 2865,
        "RepeatlyFoundTheMostNearbyCar": 14150,
        "TheMostNearbyCarIsSelected": 450,
        "PassengerOnBoard": 2922,
        "PassengerArriveAtDestination": 3354,
        "PassengerPaysAndGetsOff": 2091
    },
    "0x3b49b8eb1d9d3c28242b97c135379e0e32468fb9": {
        "StartingPointWrittenToContract": 716,
        "DestinationWrittenToContract": 3047,
        "GettingNearbyRegions": 7,
        "FoundTheMostNearbyCar": 118,
        "TheMostNearbyCarConflict": 3186,
        "RepeatlyFoundTheMostNearbyCar": 14132,
        "TheMostNearbyCarIsSelected": 1600,
        "PassengerOnBoard": 4842,
        "PassengerArriveAtDestination": 1367,
        "PassengerPaysAndGetsOff": 376
    },
    "0x086ba65affc894f226e87f8d16f20a35d4f60b4d": {
        "StartingPointWrittenToContract": 3015,
        "DestinationWrittenToContract": 152,
        "GettingNearbyRegions": 4,
        "FoundTheMostNearbyCar": 112,
        "TheMostNearbyCarIsSelected": 3036,
        "PassengerOnBoard": 7385,
        "PassengerArriveAtDestination": 2065,
        "PassengerPaysAndGetsOff": 1847
    },
    "0x2702ee5633daab4d277f5660f1c29d3e5454f7b3": {
        "StartingPointWrittenToContract": 2264,
        "DestinationWrittenToContract": 151,
        "GettingNearbyRegions": 2,
        "FoundTheMostNearbyCar": 103,
        "TheMostNearbyCarConflict": 4675,
        "RepeatlyFoundTheMostNearbyCar": 32240,
        "TheMostNearbyCarIsSelected": 614,
        "PassengerOnBoard": 4858,
        "PassengerArriveAtDestination": 1879,
        "PassengerPaysAndGetsOff": 1186
    },
    "0x2888bd343cbbc9cb5469c7a3c52d51dff4350d97": {
        "StartingPointWrittenToContract": 1519,
        "DestinationWrittenToContract": 146,
        "GettingNearbyRegions": 2,
        "FoundTheMostNearbyCar": 111,
        "TheMostNearbyCarConflict": 5270,
        "RepeatlyFoundTheMostNearbyCar": 54376,
        "TheMostNearbyCarIsSelected": 2762,
        "PassengerOnBoard": 2374,
        "PassengerArriveAtDestination": 2201,
        "PassengerPaysAndGetsOff": 661
    },
    "0x7a594ef9f871e4ef17c8d659aa58b3b09e090cf3": {
        "StartingPointWrittenToContract": 764,
        "DestinationWrittenToContract": 151,
        "GettingNearbyRegions": 3,
        "FoundTheMostNearbyCar": 99,
        "TheMostNearbyCarConflict": 9784,
        "RepeatlyFoundTheMostNearbyCar": 110536,
        "TheMostNearbyCarIsSelected": 2668,
        "PassengerOnBoard": 2351,
        "PassengerArriveAtDestination": 2811,
        "PassengerPaysAndGetsOff": 1564
    },
    "0xb2e192f38247113c0a695a4da975771bfd32d68e": {
        "StartingPointWrittenToContract": 26,
        "DestinationWrittenToContract": 3294,
        "GettingNearbyRegions": 5,
        "FoundTheMostNearbyCar": 104,
        "TheMostNearbyCarIsSelected": 3496,
        "PassengerOnBoard": 5848,
        "PassengerArriveAtDestination": 1832,
        "PassengerPaysAndGetsOff": 1480
    },
    "0xe3cfc7fd117fa5762bfb5390acbdf48557a18ac2": {
        "StartingPointWrittenToContract": 2571,
        "DestinationWrittenToContract": 3607,
        "GettingNearbyRegions": 8,
        "FoundTheMostNearbyCar": 154,
        "TheMostNearbyCarConflict": 5444,
        "RepeatlyFoundTheMostNearbyCar": 54366,
        "TheMostNearbyCarIsSelected": 382,
        "PassengerOnBoard": 4074,
        "PassengerArriveAtDestination": 3220,
        "PassengerPaysAndGetsOff": 1375
    },
    "0xa97253e4fe217e80b5f2e995bd54904f63726719": {
        "StartingPointWrittenToContract": 1819,
        "DestinationWrittenToContract": 3608,
        "GettingNearbyRegions": 5,
        "FoundTheMostNearbyCar": 142,
        "TheMostNearbyCarIsSelected": 3626,
        "PassengerOnBoard": 3912,
        "PassengerArriveAtDestination": 1460,
        "PassengerPaysAndGetsOff": 1465
    },
    "0xce2897c392e16c5762131a56686733e035a4aa30": {
        "StartingPointWrittenToContract": 1072,
        "DestinationWrittenToContract": 3605,
        "GettingNearbyRegions": 5,
        "FoundTheMostNearbyCar": 156,
        "TheMostNearbyCarConflict": 3609,
        "RepeatlyFoundTheMostNearbyCar": 14126,
        "TheMostNearbyCarIsSelected": 755,
        "PassengerOnBoard": 4879,
        "PassengerArriveAtDestination": 1498,
        "PassengerPaysAndGetsOff": 2340
    },
    "0x441d24425b99411edd0ecf95501cb0db988e2f13": {
        "StartingPointWrittenToContract": 321,
        "DestinationWrittenToContract": 3605,
        "GettingNearbyRegions": 5,
        "FoundTheMostNearbyCar": 136,
        "TheMostNearbyCarConflict": 4387,
        "RepeatlyFoundTheMostNearbyCar": 32223,
        "TheMostNearbyCarIsSelected": 1114,
        "PassengerOnBoard": 3745,
        "PassengerArriveAtDestination": 2984,
        "PassengerPaysAndGetsOff": 3520
    },
    "0xf5493c66a2f85637127510a53b6cd0b067936b51": {
        "StartingPointWrittenToContract": 3179,
        "DestinationWrittenToContract": 3770,
        "GettingNearbyRegions": 5,
        "FoundTheMostNearbyCar": 102,
        "TheMostNearbyCarIsSelected": 1966,
        "PassengerOnBoard": 3315,
        "PassengerArriveAtDestination": 1447,
        "PassengerPaysAndGetsOff": 3360
    },
    "0xcd924d3e8e043bb9579a4033ab08f8c1404840f0": {
        "StartingPointWrittenToContract": 4542,
        "DestinationWrittenToContract": 3166,
        "GettingNearbyRegions": 5,
        "FoundTheMostNearbyCar": 135,
        "TheMostNearbyCarConflict": 3991,
        "RepeatlyFoundTheMostNearbyCar": 32282,
        "TheMostNearbyCarIsSelected": 2909,
        "PassengerOnBoard": 6146,
        "PassengerArriveAtDestination": 904,
        "PassengerPaysAndGetsOff": 4109
    },
    "0xf85378de486a9514f26f3118450ff6409aaf2bfb": {
        "StartingPointWrittenToContract": 3790,
        "DestinationWrittenToContract": 3168,
        "GettingNearbyRegions": 4,
        "FoundTheMostNearbyCar": 137,
        "TheMostNearbyCarConflict": 13064,
        "RepeatlyFoundTheMostNearbyCar": 271101,
        "TheMostNearbyCarIsSelected": 2197,
        "PassengerOnBoard": 7337,
        "PassengerArriveAtDestination": 2142,
        "PassengerPaysAndGetsOff": 1067
    },
    "0x2a52bc09f527f500c7fc62c63f681d24dad62a77": {
        "StartingPointWrittenToContract": 3039,
        "DestinationWrittenToContract": 3166,
        "GettingNearbyRegions": 5,
        "FoundTheMostNearbyCar": 140,
        "TheMostNearbyCarConflict": 10883,
        "RepeatlyFoundTheMostNearbyCar": 182874,
        "TheMostNearbyCarIsSelected": 1481,
        "PassengerOnBoard": 4960,
        "PassengerArriveAtDestination": 1343,
        "PassengerPaysAndGetsOff": 3339
    },
    "0x0c05c7ae6e3a58c23e5d27fc1d121ed1aec0f738": {
        "StartingPointWrittenToContract": 2289,
        "DestinationWrittenToContract": 3170,
        "GettingNearbyRegions": 5,
        "FoundTheMostNearbyCar": 128,
        "TheMostNearbyCarConflict": 9994,
        "RepeatlyFoundTheMostNearbyCar": 144805,
        "TheMostNearbyCarIsSelected": 869,
        "PassengerOnBoard": 7037,
        "PassengerArriveAtDestination": 1963,
        "PassengerPaysAndGetsOff": 1942
    },
    "0x7776ed3449f97157630b06035e11bc7759e4f0db": {
        "StartingPointWrittenToContract": 3197,
        "DestinationWrittenToContract": 2076,
        "GettingNearbyRegions": 2,
        "FoundTheMostNearbyCar": 126,
        "TheMostNearbyCarIsSelected": 1712,
        "PassengerOnBoard": 2926,
        "PassengerArriveAtDestination": 3349,
        "PassengerPaysAndGetsOff": 2094
    },
    "0xd30d093abb9d34fb14917d07121ed6a61cb1f99e": {
        "StartingPointWrittenToContract": 2450,
        "DestinationWrittenToContract": 2072,
        "GettingNearbyRegions": 2,
        "FoundTheMostNearbyCar": 133,
        "TheMostNearbyCarConflict": 7277,
        "RepeatlyFoundTheMostNearbyCar": 80507,
        "TheMostNearbyCarIsSelected": 1253,
        "PassengerOnBoard": 3976,
        "PassengerArriveAtDestination": 2734,
        "PassengerPaysAndGetsOff": 2117
    },
    "0x7b11919cd9db9a817c8f9d2e9477f410273a3ceb": {
        "StartingPointWrittenToContract": 1702,
        "DestinationWrittenToContract": 2071,
        "GettingNearbyRegions": 3,
        "FoundTheMostNearbyCar": 129,
        "TheMostNearbyCarConflict": 1709,
        "RepeatlyFoundTheMostNearbyCar": 14101,
        "TheMostNearbyCarIsSelected": 1741,
        "PassengerOnBoard": 3845,
        "PassengerArriveAtDestination": 2178,
        "PassengerPaysAndGetsOff": 1321
    },
    "0x3c28dc70332560ed17d1002704780df9df497abb": {
        "StartingPointWrittenToContract": 2456,
        "DestinationWrittenToContract": 2234,
        "GettingNearbyRegions": 6,
        "FoundTheMostNearbyCar": 116,
        "TheMostNearbyCarConflict": 6872,
        "RepeatlyFoundTheMostNearbyCar": 110666,
        "TheMostNearbyCarIsSelected": 909,
        "PassengerOnBoard": 5745,
        "PassengerArriveAtDestination": 1424,
        "PassengerPaysAndGetsOff": 2311
    },
    "0xeef75753e18f97f0ee8a61119d84cdba23d22a7f": {
        "StartingPointWrittenToContract": 1707,
        "DestinationWrittenToContract": 2237,
        "GettingNearbyRegions": 3,
        "FoundTheMostNearbyCar": 116,
        "TheMostNearbyCarConflict": 4767,
        "RepeatlyFoundTheMostNearbyCar": 54320,
        "TheMostNearbyCarIsSelected": 924,
        "PassengerOnBoard": 5214,
        "PassengerArriveAtDestination": 3229,
        "PassengerPaysAndGetsOff": 1528
    },
    "0x2a772e261792d208c40d685b31673a85ad18eb90": {
        "StartingPointWrittenToContract": 1521,
        "DestinationWrittenToContract": 1840,
        "GettingNearbyRegions": 10,
        "FoundTheMostNearbyCar": 118,
        "TheMostNearbyCarConflict": 9960,
        "RepeatlyFoundTheMostNearbyCar": 224992,
        "TheMostNearbyCarIsSelected": 712,
        "PassengerOnBoard": 3630,
        "PassengerArriveAtDestination": 3357,
        "PassengerPaysAndGetsOff": 1177
    },
    "0x495b77d80ccb1d3d1476db06dd522292555b2e23": {
        "StartingPointWrittenToContract": 771,
        "DestinationWrittenToContract": 1836,
        "GettingNearbyRegions": 11,
        "FoundTheMostNearbyCar": 119,
        "TheMostNearbyCarIsSelected": 1347,
        "PassengerOnBoard": 4810,
        "PassengerArriveAtDestination": 2083,
        "PassengerPaysAndGetsOff": 1580
    },
    "0xa95e44270fc15576da490955d8e6698e2a95f610": {
        "StartingPointWrittenToContract": 1695,
        "DestinationWrittenToContract": 1497,
        "GettingNearbyRegions": 1,
        "FoundTheMostNearbyCar": 104,
        "TheMostNearbyCarConflict": 753,
        "RepeatlyFoundTheMostNearbyCar": 14105,
        "TheMostNearbyCarIsSelected": 1058,
        "PassengerOnBoard": 4508,
        "PassengerArriveAtDestination": 1318,
        "PassengerPaysAndGetsOff": 826
    },
    "0xa330923b96f26c88a2681112bfe26d4d9186131a": {
        "StartingPointWrittenToContract": 1109,
        "DestinationWrittenToContract": 1478,
        "GettingNearbyRegions": 2,
        "FoundTheMostNearbyCar": 125,
        "TheMostNearbyCarConflict": 3213,
        "RepeatlyFoundTheMostNearbyCar": 32229,
        "TheMostNearbyCarIsSelected": 3389,
        "PassengerOnBoard": 3547,
        "PassengerArriveAtDestination": 4084,
        "PassengerPaysAndGetsOff": 1551
    },
    "0x814d66fc3f60ca8b257b21f1b89faeecd31475af": {
        "StartingPointWrittenToContract": 367,
        "DestinationWrittenToContract": 1468,
        "GettingNearbyRegions": 3,
        "FoundTheMostNearbyCar": 119,
        "TheMostNearbyCarIsSelected": 1334,
        "PassengerOnBoard": 5440,
        "PassengerArriveAtDestination": 1572,
        "PassengerPaysAndGetsOff": 1027
    },
    "0x17164c34807aa124363d80a604efd4560d8cea0e": {
        "StartingPointWrittenToContract": 1082,
        "DestinationWrittenToContract": 1458,
        "GettingNearbyRegions": 5,
        "FoundTheMostNearbyCar": 130,
        "TheMostNearbyCarIsSelected": 3221,
        "PassengerOnBoard": 3665,
        "PassengerArriveAtDestination": 1022,
        "PassengerPaysAndGetsOff": 2070
    },
    "0x9edfe6721d18361bf2b6d83b5cc22c0bf4db6314": {
        "StartingPointWrittenToContract": 333,
        "DestinationWrittenToContract": 1455,
        "GettingNearbyRegions": 4,
        "FoundTheMostNearbyCar": 122,
        "TheMostNearbyCarConflict": 3232,
        "RepeatlyFoundTheMostNearbyCar": 14090,
        "TheMostNearbyCarIsSelected": 1483,
        "PassengerOnBoard": 2147,
        "PassengerArriveAtDestination": 4032,
        "PassengerPaysAndGetsOff": 1882
    },
    "0x08346710bfb71d0fea0b4a9a3d31107df5fe287a": {
        "StartingPointWrittenToContract": 1040,
        "DestinationWrittenToContract": 3354,
        "GettingNearbyRegions": 3,
        "FoundTheMostNearbyCar": 102,
        "TheMostNearbyCarIsSelected": 1983,
        "PassengerOnBoard": 2597,
        "PassengerArriveAtDestination": 2072,
        "PassengerPaysAndGetsOff": 2803
    },
    "0x28a3f726b61a49da7ae14fd456b80e44e4974d1d": {
        "StartingPointWrittenToContract": 1807,
        "DestinationWrittenToContract": 2919,
        "GettingNearbyRegions": 1,
        "FoundTheMostNearbyCar": 103,
        "TheMostNearbyCarConflict": 1820,
        "RepeatlyFoundTheMostNearbyCar": 14115,
        "TheMostNearbyCarIsSelected": 599,
        "PassengerOnBoard": 5924,
        "PassengerArriveAtDestination": 1180,
        "PassengerPaysAndGetsOff": 2538
    },
    "0xb08c2456169491982bb3ab852eae8ee3300b9261": {
        "StartingPointWrittenToContract": 2894,
        "DestinationWrittenToContract": 2087,
        "GettingNearbyRegions": 4,
        "FoundTheMostNearbyCar": 117,
        "TheMostNearbyCarConflict": 7753,
        "RepeatlyFoundTheMostNearbyCar": 54313,
        "TheMostNearbyCarIsSelected": 3661,
        "PassengerOnBoard": 6794,
        "PassengerArriveAtDestination": 1748,
        "PassengerPaysAndGetsOff": 604
    },
    "0x073ad6ab89e9097b5405da6d46e1b0db47ec632e": {
        "StartingPointWrittenToContract": 2146,
        "DestinationWrittenToContract": 2087,
        "GettingNearbyRegions": 3,
        "FoundTheMostNearbyCar": 116,
        "TheMostNearbyCarIsSelected": 1459,
        "PassengerOnBoard": 3090,
        "PassengerArriveAtDestination": 2801,
        "PassengerPaysAndGetsOff": 1510
    },
    "0x3007e2b9de5a7a57c84cd64609441bef2d29a9d0": {
        "StartingPointWrittenToContract": 2476,
        "DestinationWrittenToContract": 1924,
        "GettingNearbyRegions": 1,
        "FoundTheMostNearbyCar": 114,
        "TheMostNearbyCarConflict": 10508,
        "RepeatlyFoundTheMostNearbyCar": 80406,
        "TheMostNearbyCarIsSelected": 3173,
        "PassengerOnBoard": 2901,
        "PassengerArriveAtDestination": 2635,
        "PassengerPaysAndGetsOff": 1697
    },
    "0xea9453d9095bf11acba9728c471703e9af4c31af": {
        "StartingPointWrittenToContract": 1725,
        "DestinationWrittenToContract": 1924,
        "GettingNearbyRegions": 1,
        "FoundTheMostNearbyCar": 114,
        "TheMostNearbyCarConflict": 1252,
        "RepeatlyFoundTheMostNearbyCar": 14098,
        "TheMostNearbyCarIsSelected": 3292,
        "PassengerOnBoard": 3057,
        "PassengerArriveAtDestination": 2536,
        "PassengerPaysAndGetsOff": 878
    },
    "0x989bd3f4b8def49a869eee53fc2f8c31559dad10": {
        "StartingPointWrittenToContract": 1983,
        "DestinationWrittenToContract": 1576,
        "GettingNearbyRegions": 4,
        "FoundTheMostNearbyCar": 124,
        "TheMostNearbyCarConflict": 893,
        "RepeatlyFoundTheMostNearbyCar": 14105,
        "TheMostNearbyCarIsSelected": 2967,
        "PassengerOnBoard": 3073,
        "PassengerArriveAtDestination": 2530,
        "PassengerPaysAndGetsOff": 878
    },
    "0x3daa27591a675fceb7fe25f39a2aa575730a6a1a": {
        "StartingPointWrittenToContract": 1233,
        "DestinationWrittenToContract": 1577,
        "GettingNearbyRegions": 4,
        "FoundTheMostNearbyCar": 122,
        "TheMostNearbyCarIsSelected": 892,
        "PassengerOnBoard": 4879,
        "PassengerArriveAtDestination": 1497,
        "PassengerPaysAndGetsOff": 2338
    },
    "0x170d67b04d990cfa4326549efeafb86f4b95b9dc": {
        "StartingPointWrittenToContract": 1399,
        "DestinationWrittenToContract": 1365,
        "GettingNearbyRegions": 2,
        "FoundTheMostNearbyCar": 108,
        "TheMostNearbyCarConflict": 9114,
        "RepeatlyFoundTheMostNearbyCar": 80454,
        "TheMostNearbyCarIsSelected": 3158,
        "PassengerOnBoard": 2903,
        "PassengerArriveAtDestination": 2634,
        "PassengerPaysAndGetsOff": 1698
    },
    "0x16941e3fe553ea1fec94de08aa5d0522b2fd5df1": {
        "StartingPointWrittenToContract": 1310,
        "DestinationWrittenToContract": 1019,
        "GettingNearbyRegions": 5,
        "FoundTheMostNearbyCar": 122,
        "TheMostNearbyCarIsSelected": 1947,
        "PassengerOnBoard": 4309,
        "PassengerArriveAtDestination": 2329,
        "PassengerPaysAndGetsOff": 2179
    },
    "0x092f0e6aeaaad8f6308c54ad7c97a7120d8ef8b5": {
        "StartingPointWrittenToContract": 1266,
        "DestinationWrittenToContract": 376,
        "GettingNearbyRegions": 1,
        "FoundTheMostNearbyCar": 114,
        "TheMostNearbyCarConflict": 5089,
        "RepeatlyFoundTheMostNearbyCar": 54357,
        "TheMostNearbyCarIsSelected": 3631,
        "PassengerOnBoard": 6790,
        "PassengerArriveAtDestination": 1744,
        "PassengerPaysAndGetsOff": 607
    },
    "0x524ced5b4382264574313760c481d131e49cea06": {
        "StartingPointWrittenToContract": 829,
        "DestinationWrittenToContract": 2072,
        "GettingNearbyRegions": 2,
        "FoundTheMostNearbyCar": 120,
        "TheMostNearbyCarConflict": 3805,
        "RepeatlyFoundTheMostNearbyCar": 32247,
        "TheMostNearbyCarIsSelected": 997,
        "PassengerOnBoard": 3098,
        "PassengerArriveAtDestination": 3432,
        "PassengerPaysAndGetsOff": 3221
    },
    "0x7aedbd17c7198de1a60bbf73e77840baeab2315a": {
        "StartingPointWrittenToContract": 141,
        "DestinationWrittenToContract": 2012,
        "GettingNearbyRegions": 1,
        "FoundTheMostNearbyCar": 120,
        "TheMostNearbyCarIsSelected": 2686,
        "PassengerOnBoard": 3837,
        "PassengerArriveAtDestination": 2183,
        "PassengerPaysAndGetsOff": 1321
    },
    "0xd1dea501c85b53e90c881515eccd4280db615287": {
        "StartingPointWrittenToContract": 1402,
        "DestinationWrittenToContract": 2810,
        "GettingNearbyRegions": 2,
        "FoundTheMostNearbyCar": 131,
        "TheMostNearbyCarIsSelected": 1365,
        "PassengerOnBoard": 4513,
        "PassengerArriveAtDestination": 1321,
        "PassengerPaysAndGetsOff": 822
    },
    "0x06a1ee74591def94efcdbd9a13c1b7df2350d160": {
        "StartingPointWrittenToContract": 652,
        "DestinationWrittenToContract": 2807,
        "GettingNearbyRegions": 3,
        "FoundTheMostNearbyCar": 132,
        "TheMostNearbyCarConflict": 1372,
        "RepeatlyFoundTheMostNearbyCar": 14113,
        "TheMostNearbyCarIsSelected": 2175,
        "PassengerOnBoard": 3273,
        "PassengerArriveAtDestination": 3514,
        "PassengerPaysAndGetsOff": 2634
    },
    "0x99f859fba99facf38c0f6263b9794f672147f4aa": {
        "StartingPointWrittenToContract": 2705,
        "DestinationWrittenToContract": 1511,
        "GettingNearbyRegions": 3,
        "FoundTheMostNearbyCar": 131,
        "TheMostNearbyCarConflict": 2929,
        "RepeatlyFoundTheMostNearbyCar": 32215,
        "TheMostNearbyCarIsSelected": 462,
        "PassengerOnBoard": 6877,
        "PassengerArriveAtDestination": 1365,
        "PassengerPaysAndGetsOff": 3842
    },
    "0x0dca32fa900933ab3e9fe1f4527ec95d07bf772b": {
        "StartingPointWrittenToContract": 1961,
        "DestinationWrittenToContract": 1502,
        "GettingNearbyRegions": 4,
        "FoundTheMostNearbyCar": 129,
        "TheMostNearbyCarIsSelected": 2203,
        "PassengerOnBoard": 3503,
        "PassengerArriveAtDestination": 804,
        "PassengerPaysAndGetsOff": 4052
    },
    "0x7cefd545055114e6b058ed0d110d4ac012a99cd7": {
        "StartingPointWrittenToContract": 2205,
        "DestinationWrittenToContract": 2068,
        "GettingNearbyRegions": 1,
        "FoundTheMostNearbyCar": 122,
        "TheMostNearbyCarConflict": 3730,
        "RepeatlyFoundTheMostNearbyCar": 32262,
        "TheMostNearbyCarIsSelected": 1709,
        "PassengerOnBoard": 4603,
        "PassengerArriveAtDestination": 3835,
        "PassengerPaysAndGetsOff": 3221
    },
    "0x156a54e7c951fa985e77e8bc827fdfed8905b4c1": {
        "StartingPointWrittenToContract": 1454,
        "DestinationWrittenToContract": 2073,
        "GettingNearbyRegions": 2,
        "FoundTheMostNearbyCar": 125,
        "TheMostNearbyCarConflict": 725,
        "RepeatlyFoundTheMostNearbyCar": 14125,
        "TheMostNearbyCarIsSelected": 629,
        "PassengerOnBoard": 5918,
        "PassengerArriveAtDestination": 2619,
        "PassengerPaysAndGetsOff": 924
    },
    "0x9d854e759b2cce86dd08080d3ac043b4c79d2d9a": {
        "StartingPointWrittenToContract": 1215,
        "DestinationWrittenToContract": 2326,
        "GettingNearbyRegions": 8,
        "FoundTheMostNearbyCar": 132,
        "TheMostNearbyCarConflict": 2039,
        "RepeatlyFoundTheMostNearbyCar": 14100,
        "TheMostNearbyCarIsSelected": 960,
        "PassengerOnBoard": 6142,
        "PassengerArriveAtDestination": 912,
        "PassengerPaysAndGetsOff": 4104
    },
    "0x499c7e13c1303502e55fe72b120312c0e0131884": {
        "StartingPointWrittenToContract": 2024,
        "DestinationWrittenToContract": 853,
        "GettingNearbyRegions": 3,
        "FoundTheMostNearbyCar": 118,
        "TheMostNearbyCarIsSelected": 1975,
        "PassengerOnBoard": 2143,
        "PassengerArriveAtDestination": 4027,
        "PassengerPaysAndGetsOff": 1890
    },
    "0xddfc8e76b2bd61e9359ea5a2ed639d73e74ded71": {
        "StartingPointWrittenToContract": 2053,
        "DestinationWrittenToContract": 2169,
        "GettingNearbyRegions": 10,
        "FoundTheMostNearbyCar": 144,
        "TheMostNearbyCarConflict": 5721,
        "RepeatlyFoundTheMostNearbyCar": 54343,
        "TheMostNearbyCarIsSelected": 1057,
        "PassengerOnBoard": 4199,
        "PassengerArriveAtDestination": 2954,
        "PassengerPaysAndGetsOff": 1021
    },
    "0x08f7cc636acfed10206a64c661dcb6f00606c26c": {
        "StartingPointWrittenToContract": 1297,
        "DestinationWrittenToContract": 2177,
        "GettingNearbyRegions": 9,
        "FoundTheMostNearbyCar": 132,
        "TheMostNearbyCarIsSelected": 1187,
        "PassengerOnBoard": 4853,
        "PassengerArriveAtDestination": 1882,
        "PassengerPaysAndGetsOff": 1178
    },
    "0x98f3af9a9d129dd78041b588c36cff0afefddc05": {
        "StartingPointWrittenToContract": 627,
        "DestinationWrittenToContract": 2095,
        "GettingNearbyRegions": 10,
        "FoundTheMostNearbyCar": 136,
        "TheMostNearbyCarConflict": 6776,
        "RepeatlyFoundTheMostNearbyCar": 80461,
        "TheMostNearbyCarIsSelected": 1750,
        "PassengerOnBoard": 4376,
        "PassengerArriveAtDestination": 885,
        "PassengerPaysAndGetsOff": 2146
    },
    "0x397e94a4cd9fad4c4a472d6a92122d6ed9ec71d6": {
        "StartingPointWrittenToContract": 1973,
        "DestinationWrittenToContract": 1327,
        "GettingNearbyRegions": 5,
        "FoundTheMostNearbyCar": 147,
        "TheMostNearbyCarIsSelected": 660,
        "PassengerOnBoard": 5926,
        "PassengerArriveAtDestination": 1173,
        "PassengerPaysAndGetsOff": 2545
    },
    "0xee6e220d86366845afbdb1213c122c8a7424a03e": {
        "StartingPointWrittenToContract": 1221,
        "DestinationWrittenToContract": 1329,
        "GettingNearbyRegions": 4,
        "FoundTheMostNearbyCar": 145,
        "TheMostNearbyCarConflict": 2975,
        "RepeatlyFoundTheMostNearbyCar": 32270,
        "TheMostNearbyCarIsSelected": 1379,
        "PassengerOnBoard": 5216,
        "PassengerArriveAtDestination": 3229,
        "PassengerPaysAndGetsOff": 1526
    },
    "0x49c7f84ca89d2ffb5dc35eba1d88b731fe1c53df": {
        "StartingPointWrittenToContract": 469,
        "DestinationWrittenToContract": 1331,
        "GettingNearbyRegions": 6,
        "FoundTheMostNearbyCar": 141,
        "TheMostNearbyCarConflict": 669,
        "RepeatlyFoundTheMostNearbyCar": 14117,
        "TheMostNearbyCarIsSelected": 2318,
        "PassengerOnBoard": 3535,
        "PassengerArriveAtDestination": 4096,
        "PassengerPaysAndGetsOff": 1539
    },
    "0xe5c2e3eaf8883a9d5ed7089e0484cfa6b027d816": {
        "StartingPointWrittenToContract": 1053,
        "DestinationWrittenToContract": 810,
        "GettingNearbyRegions": 4,
        "FoundTheMostNearbyCar": 113,
        "TheMostNearbyCarConflict": 4847,
        "RepeatlyFoundTheMostNearbyCar": 32220,
        "TheMostNearbyCarIsSelected": 2513,
        "PassengerOnBoard": 6234,
        "PassengerArriveAtDestination": 721,
        "PassengerPaysAndGetsOff": 3569
    },
    "0xd6c18c15ee56beeaf9a94322f0fcc958b611a323": {
        "StartingPointWrittenToContract": 304,
        "DestinationWrittenToContract": 812,
        "GettingNearbyRegions": 3,
        "FoundTheMostNearbyCar": 117,
        "TheMostNearbyCarConflict": 3924,
        "RepeatlyFoundTheMostNearbyCar": 14113,
        "TheMostNearbyCarIsSelected": 908,
        "PassengerOnBoard": 5008,
        "PassengerArriveAtDestination": 1542,
        "PassengerPaysAndGetsOff": 829
    },
    "0xdd5e69139ec63cef0c137048bb0a6c7760721937": {
        "StartingPointWrittenToContract": 362,
        "DestinationWrittenToContract": 4044,
        "GettingNearbyRegions": 3,
        "FoundTheMostNearbyCar": 126,
        "TheMostNearbyCarIsSelected": 1744,
        "PassengerOnBoard": 3724,
        "PassengerArriveAtDestination": 873,
        "PassengerPaysAndGetsOff": 2399
    },
    "0x0de4d33bb26cb0107ac34844054f6f975c587554": {
        "StartingPointWrittenToContract": 3658,
        "DestinationWrittenToContract": 1872,
        "GettingNearbyRegions": 13,
        "FoundTheMostNearbyCar": 164,
        "TheMostNearbyCarConflict": 6845,
        "RepeatlyFoundTheMostNearbyCar": 80520,
        "TheMostNearbyCarIsSelected": 939,
        "PassengerOnBoard": 5743,
        "PassengerArriveAtDestination": 1419,
        "PassengerPaysAndGetsOff": 2315
    },
    "0xc64efbfcb752a3822f6b8d7c96b0502e81ce2882": {
        "StartingPointWrittenToContract": 2899,
        "DestinationWrittenToContract": 1891,
        "GettingNearbyRegions": 8,
        "FoundTheMostNearbyCar": 161,
        "TheMostNearbyCarConflict": 7802,
        "RepeatlyFoundTheMostNearbyCar": 110611,
        "TheMostNearbyCarIsSelected": 574,
        "PassengerOnBoard": 4313,
        "PassengerArriveAtDestination": 2988,
        "PassengerPaysAndGetsOff": 4049
    },
    "0x16b22e2402a183dcaf5b1fb73f64689b7700a2a0": {
        "StartingPointWrittenToContract": 2155,
        "DestinationWrittenToContract": 1882,
        "GettingNearbyRegions": 9,
        "FoundTheMostNearbyCar": 169,
        "TheMostNearbyCarConflict": 1008,
        "RepeatlyFoundTheMostNearbyCar": 14132,
        "TheMostNearbyCarIsSelected": 2832,
        "PassengerOnBoard": 2373,
        "PassengerArriveAtDestination": 2207,
        "PassengerPaysAndGetsOff": 654
    },
    "0x747d046d0c8a5d1bb1764517dd1984d0732c96bc": {
        "StartingPointWrittenToContract": 1404,
        "DestinationWrittenToContract": 1883,
        "GettingNearbyRegions": 8,
        "FoundTheMostNearbyCar": 166,
        "TheMostNearbyCarIsSelected": 1012,
        "PassengerOnBoard": 3405,
        "PassengerArriveAtDestination": 2396,
        "PassengerPaysAndGetsOff": 3505
    },
    "0x27ff8a06ca69b16c194a5132a1925d358c89ff39": {
        "StartingPointWrittenToContract": 1267,
        "DestinationWrittenToContract": 1523,
        "GettingNearbyRegions": 1,
        "FoundTheMostNearbyCar": 116,
        "TheMostNearbyCarConflict": 5818,
        "RepeatlyFoundTheMostNearbyCar": 54428,
        "TheMostNearbyCarIsSelected": 766,
        "PassengerOnBoard": 4852,
        "PassengerArriveAtDestination": 526,
        "PassengerPaysAndGetsOff": 2165
    },
    "0xef0d03069e88fb45575f66aa4345b5448408dcfc": {
        "StartingPointWrittenToContract": 1785,
        "DestinationWrittenToContract": 1190,
        "GettingNearbyRegions": 1,
        "FoundTheMostNearbyCar": 123,
        "TheMostNearbyCarConflict": 9326,
        "RepeatlyFoundTheMostNearbyCar": 182904,
        "TheMostNearbyCarIsSelected": 3817,
        "PassengerOnBoard": 4168,
        "PassengerArriveAtDestination": 1128,
        "PassengerPaysAndGetsOff": 3073
    },
    "0x07f4d74e86c2501a96b032f05daf6d9603f1a596": {
        "StartingPointWrittenToContract": 1290,
        "DestinationWrittenToContract": 2057,
        "GettingNearbyRegions": 2,
        "FoundTheMostNearbyCar": 123,
        "TheMostNearbyCarConflict": 6009,
        "RepeatlyFoundTheMostNearbyCar": 144826,
        "TheMostNearbyCarIsSelected": 2162,
        "PassengerOnBoard": 4994,
        "PassengerArriveAtDestination": 2619,
        "PassengerPaysAndGetsOff": 562
    },
    "0xb560b30b372dae7df40f67cd542730f5de15cefa": {
        "StartingPointWrittenToContract": 540,
        "DestinationWrittenToContract": 2056,
        "GettingNearbyRegions": 2,
        "FoundTheMostNearbyCar": 127,
        "TheMostNearbyCarConflict": 1979,
        "RepeatlyFoundTheMostNearbyCar": 32278,
        "TheMostNearbyCarIsSelected": 1783,
        "PassengerOnBoard": 2254,
        "PassengerArriveAtDestination": 3549,
        "PassengerPaysAndGetsOff": 3739
    },
    "0x91b40a93fc528a5c5291c3acaa1de939af17548f": {
        "StartingPointWrittenToContract": 1848,
        "DestinationWrittenToContract": 1686,
        "GettingNearbyRegions": 3,
        "FoundTheMostNearbyCar": 155,
        "TheMostNearbyCarIsSelected": 2838,
        "PassengerOnBoard": 6144,
        "PassengerArriveAtDestination": 912,
        "PassengerPaysAndGetsOff": 4098
    },
    "0x62b4b91e944da60b258acf5a8777a3d61da1e831": {
        "StartingPointWrittenToContract": 2508,
        "DestinationWrittenToContract": 875,
        "GettingNearbyRegions": 2,
        "FoundTheMostNearbyCar": 106,
        "TheMostNearbyCarConflict": 2291,
        "RepeatlyFoundTheMostNearbyCar": 14108,
        "TheMostNearbyCarIsSelected": 1642,
        "PassengerOnBoard": 4068,
        "PassengerArriveAtDestination": 3220,
        "PassengerPaysAndGetsOff": 1381
    },
    "0x8f65ffd51b4cf5ecdccf6e6d08d7b0893ed2e24a": {
        "StartingPointWrittenToContract": 1752,
        "DestinationWrittenToContract": 879,
        "GettingNearbyRegions": 3,
        "FoundTheMostNearbyCar": 118,
        "TheMostNearbyCarConflict": 3915,
        "RepeatlyFoundTheMostNearbyCar": 32231,
        "TheMostNearbyCarIsSelected": 3432,
        "PassengerOnBoard": 6794,
        "PassengerArriveAtDestination": 1738,
        "PassengerPaysAndGetsOff": 613
    },
    "0xe833f3be862ddfc8c1ac8f6ba52c593e2cdf8198": {
        "StartingPointWrittenToContract": 1285,
        "DestinationWrittenToContract": 2992,
        "GettingNearbyRegions": 6,
        "FoundTheMostNearbyCar": 133,
        "TheMostNearbyCarIsSelected": 3373,
        "PassengerOnBoard": 3559,
        "PassengerArriveAtDestination": 4071,
        "PassengerPaysAndGetsOff": 1556
    },
    "0x395d706a2f6eb62fff9dbb61c42a941e4ebcb112": {
        "StartingPointWrittenToContract": 536,
        "DestinationWrittenToContract": 2996,
        "GettingNearbyRegions": 3,
        "FoundTheMostNearbyCar": 137,
        "TheMostNearbyCarConflict": 5581,
        "RepeatlyFoundTheMostNearbyCar": 32213,
        "TheMostNearbyCarIsSelected": 3088,
        "PassengerOnBoard": 4817,
        "PassengerArriveAtDestination": 603,
        "PassengerPaysAndGetsOff": 2192
    },
    "0x6373f671766369c7d6fd8b4bafab42808c547ac8": {
        "StartingPointWrittenToContract": 2778,
        "DestinationWrittenToContract": 3519,
        "GettingNearbyRegions": 10,
        "FoundTheMostNearbyCar": 171,
        "TheMostNearbyCarConflict": 8467,
        "RepeatlyFoundTheMostNearbyCar": 80580,
        "TheMostNearbyCarIsSelected": 2430,
        "PassengerOnBoard": 2463,
        "PassengerArriveAtDestination": 3744,
        "PassengerPaysAndGetsOff": 1738
    },
    "0xd1e67dabefd2990196836433a22ea1bb148ffde1": {
        "StartingPointWrittenToContract": 2033,
        "DestinationWrittenToContract": 3519,
        "GettingNearbyRegions": 9,
        "FoundTheMostNearbyCar": 151,
        "TheMostNearbyCarConflict": 5260,
        "RepeatlyFoundTheMostNearbyCar": 32267,
        "TheMostNearbyCarIsSelected": 2886,
        "PassengerOnBoard": 2351,
        "PassengerArriveAtDestination": 2190,
        "PassengerPaysAndGetsOff": 1780
    },
    "0x5482002756a0678a1049988a3effb6ee9f26e6e7": {
        "StartingPointWrittenToContract": 1279,
        "DestinationWrittenToContract": 3503,
        "GettingNearbyRegions": 20,
        "FoundTheMostNearbyCar": 166,
        "TheMostNearbyCarConflict": 2479,
        "RepeatlyFoundTheMostNearbyCar": 14138,
        "TheMostNearbyCarIsSelected": 2737,
        "PassengerOnBoard": 5216,
        "PassengerArriveAtDestination": 3217,
        "PassengerPaysAndGetsOff": 1539
    },
    "0x172f1a41f8e4656571ce152786635b6a3aab4c3c": {
        "StartingPointWrittenToContract": 532,
        "DestinationWrittenToContract": 3506,
        "GettingNearbyRegions": 16,
        "FoundTheMostNearbyCar": 155,
        "TheMostNearbyCarIsSelected": 2469,
        "PassengerOnBoard": 5008,
        "PassengerArriveAtDestination": 1549,
        "PassengerPaysAndGetsOff": 827
    },
    "0x6a830145ff4b35a0ecd3cafd0db84ea451361810": {
        "StartingPointWrittenToContract": 3301,
        "DestinationWrittenToContract": 2623,
        "GettingNearbyRegions": 21,
        "FoundTheMostNearbyCar": 167,
        "TheMostNearbyCarConflict": 8288,
        "RepeatlyFoundTheMostNearbyCar": 110678,
        "TheMostNearbyCarIsSelected": 1263,
        "PassengerOnBoard": 2125,
        "PassengerArriveAtDestination": 2131,
        "PassengerPaysAndGetsOff": 1617
    },
    "0xef03c9f4d5f4b29626dd625852810a353dddfeb3": {
        "StartingPointWrittenToContract": 2545,
        "DestinationWrittenToContract": 2634,
        "GettingNearbyRegions": 18,
        "FoundTheMostNearbyCar": 165,
        "TheMostNearbyCarIsSelected": 724,
        "PassengerOnBoard": 5645,
        "PassengerArriveAtDestination": 824,
        "PassengerPaysAndGetsOff": 2230
    },
    "0x703a4bbfcd232c7cd0ce47d7060c387ef9a2436b": {
        "StartingPointWrittenToContract": 1792,
        "DestinationWrittenToContract": 2637,
        "GettingNearbyRegions": 19,
        "FoundTheMostNearbyCar": 156,
        "TheMostNearbyCarConflict": 9531,
        "RepeatlyFoundTheMostNearbyCar": 144814,
        "TheMostNearbyCarIsSelected": 1679,
        "PassengerOnBoard": 3352,
        "PassengerArriveAtDestination": 4049,
        "PassengerPaysAndGetsOff": 5772
    },
    "0x95222fdd3b6bf2c9156e2760369f046b1c61b965": {
        "StartingPointWrittenToContract": 1049,
        "DestinationWrittenToContract": 2644,
        "GettingNearbyRegions": 9,
        "FoundTheMostNearbyCar": 168,
        "TheMostNearbyCarConflict": 5493,
        "RepeatlyFoundTheMostNearbyCar": 54400,
        "TheMostNearbyCarIsSelected": 382,
        "PassengerOnBoard": 5498,
        "PassengerArriveAtDestination": 1690,
        "PassengerPaysAndGetsOff": 748
    },
    "0x8c2d065b423c841cffa3375b15e73d1f43ee60d2": {
        "StartingPointWrittenToContract": 281,
        "DestinationWrittenToContract": 2649,
        "GettingNearbyRegions": 19,
        "FoundTheMostNearbyCar": 153,
        "TheMostNearbyCarConflict": 11218,
        "RepeatlyFoundTheMostNearbyCar": 182913,
        "TheMostNearbyCarIsSelected": 2049,
        "PassengerOnBoard": 4534,
        "PassengerArriveAtDestination": 1413,
        "PassengerPaysAndGetsOff": 830
    },
    "0xbd2e487a16c3f7f18667b2901a2a2e336dca88c8": {
        "StartingPointWrittenToContract": 2188,
        "DestinationWrittenToContract": 907,
        "GettingNearbyRegions": 6,
        "FoundTheMostNearbyCar": 136,
        "TheMostNearbyCarConflict": 3952,
        "RepeatlyFoundTheMostNearbyCar": 14104,
        "TheMostNearbyCarIsSelected": 2996,
        "PassengerOnBoard": 4755,
        "PassengerArriveAtDestination": 720,
        "PassengerPaysAndGetsOff": 3569
    },
    "0xe86ca8f3a25a90ecf1d02f2ee818ddf8d8ca6a8a": {
        "StartingPointWrittenToContract": 1436,
        "DestinationWrittenToContract": 908,
        "GettingNearbyRegions": 5,
        "FoundTheMostNearbyCar": 136,
        "TheMostNearbyCarConflict": 6950,
        "RepeatlyFoundTheMostNearbyCar": 32214,
        "TheMostNearbyCarIsSelected": 2266,
        "PassengerOnBoard": 4740,
        "PassengerArriveAtDestination": 1008,
        "PassengerPaysAndGetsOff": 2752
    },
    "0xa7c6f824d33b3f4f6084687971649bcfff20ac72": {
        "StartingPointWrittenToContract": 686,
        "DestinationWrittenToContract": 907,
        "GettingNearbyRegions": 6,
        "FoundTheMostNearbyCar": 145,
        "TheMostNearbyCarIsSelected": 3923,
        "PassengerOnBoard": 2395,
        "PassengerArriveAtDestination": 2216,
        "PassengerPaysAndGetsOff": 642
    },
    "0xac9538cfc801744aad1662af15ac6c25d877cf5b": {
        "StartingPointWrittenToContract": 847,
        "DestinationWrittenToContract": 4090,
        "GettingNearbyRegions": 4,
        "FoundTheMostNearbyCar": 128,
        "TheMostNearbyCarIsSelected": 1398,
        "PassengerOnBoard": 3069,
        "PassengerArriveAtDestination": 639,
        "PassengerPaysAndGetsOff": 3422
    },
    "0xa988e958c9de98957d736d02e5b8a71a6f75dd14": {
        "StartingPointWrittenToContract": 1959,
        "DestinationWrittenToContract": 2605,
        "GettingNearbyRegions": 2,
        "FoundTheMostNearbyCar": 116,
        "TheMostNearbyCarConflict": 12822,
        "RepeatlyFoundTheMostNearbyCar": 144719,
        "TheMostNearbyCarIsSelected": 2446,
        "PassengerOnBoard": 4648,
        "PassengerArriveAtDestination": 3683,
        "PassengerPaysAndGetsOff": 3677
    },
    "0x43a056d660a0c033adcf7aa2c9ee984c2f4fd1e7": {
        "StartingPointWrittenToContract": 3436,
        "DestinationWrittenToContract": 1528,
        "GettingNearbyRegions": 24,
        "FoundTheMostNearbyCar": 114,
        "TheMostNearbyCarIsSelected": 707,
        "PassengerOnBoard": 2860,
        "PassengerArriveAtDestination": 3420,
        "PassengerPaysAndGetsOff": 3237
    },
    "0xcc34b6ee3e8e077796ce9aadf496d581c1c1172a": {
        "StartingPointWrittenToContract": 2685,
        "DestinationWrittenToContract": 1529,
        "GettingNearbyRegions": 25,
        "FoundTheMostNearbyCar": 118,
        "TheMostNearbyCarConflict": 9681,
        "RepeatlyFoundTheMostNearbyCar": 80523,
        "TheMostNearbyCarIsSelected": 251,
        "PassengerOnBoard": 4054,
        "PassengerArriveAtDestination": 2068,
        "PassengerPaysAndGetsOff": 2763
    },
    "0x1cf507a8ff155587e445db4641b2dda6048e5349": {
        "StartingPointWrittenToContract": 2315,
        "DestinationWrittenToContract": 1756,
        "GettingNearbyRegions": 4,
        "FoundTheMostNearbyCar": 138,
        "TheMostNearbyCarConflict": 13451,
        "RepeatlyFoundTheMostNearbyCar": 182855,
        "TheMostNearbyCarIsSelected": 3500,
        "PassengerOnBoard": 7521,
        "PassengerArriveAtDestination": 1853,
        "PassengerPaysAndGetsOff": 910
    },
    "0x25eca363b1883510982b1343d92762accde5347b": {
        "StartingPointWrittenToContract": 1564,
        "DestinationWrittenToContract": 1754,
        "GettingNearbyRegions": 5,
        "FoundTheMostNearbyCar": 146,
        "TheMostNearbyCarConflict": 3907,
        "RepeatlyFoundTheMostNearbyCar": 32271,
        "TheMostNearbyCarIsSelected": 3269,
        "PassengerOnBoard": 1727,
        "PassengerArriveAtDestination": 2505,
        "PassengerPaysAndGetsOff": 2124
    },
    "0x32a71253fcbb62f00ceea65c0c680a9a3e80b7d1": {
        "StartingPointWrittenToContract": 814,
        "DestinationWrittenToContract": 1756,
        "GettingNearbyRegions": 3,
        "FoundTheMostNearbyCar": 139,
        "TheMostNearbyCarConflict": 9324,
        "RepeatlyFoundTheMostNearbyCar": 110647,
        "TheMostNearbyCarIsSelected": 1677,
        "PassengerOnBoard": 3330,
        "PassengerArriveAtDestination": 4560,
        "PassengerPaysAndGetsOff": 3904
    },
    "0x98c53b4ec1bc96a396f41175cf2ca571367820a7": {
        "StartingPointWrittenToContract": 1220,
        "DestinationWrittenToContract": 842,
        "GettingNearbyRegions": 1,
        "FoundTheMostNearbyCar": 106,
        "TheMostNearbyCarConflict": 2115,
        "RepeatlyFoundTheMostNearbyCar": 14127,
        "TheMostNearbyCarIsSelected": 1602,
        "PassengerOnBoard": 2256,
        "PassengerArriveAtDestination": 3562,
        "PassengerPaysAndGetsOff": 3724
    },
    "0x9c82fd514b0283c75b2439979d863b0459bceb53": {
        "StartingPointWrittenToContract": 1069,
        "DestinationWrittenToContract": 2466,
        "GettingNearbyRegions": 2,
        "FoundTheMostNearbyCar": 114,
        "TheMostNearbyCarConflict": 4797,
        "RepeatlyFoundTheMostNearbyCar": 54342,
        "TheMostNearbyCarIsSelected": 1883,
        "PassengerOnBoard": 2446,
        "PassengerArriveAtDestination": 2133,
        "PassengerPaysAndGetsOff": 2218
    },
    "0x20a87ebe8156e5286084ce99165c02672cb0cb36": {
        "StartingPointWrittenToContract": 560,
        "DestinationWrittenToContract": 2217,
        "GettingNearbyRegions": 9,
        "FoundTheMostNearbyCar": 116,
        "TheMostNearbyCarIsSelected": 519,
        "PassengerOnBoard": 6651,
        "PassengerArriveAtDestination": 1381,
        "PassengerPaysAndGetsOff": 3836
    },
    "0xffbf1271569eea0a9366bacfba3957f7bfddf272": {
        "StartingPointWrittenToContract": 2035,
        "DestinationWrittenToContract": 638,
        "GettingNearbyRegions": 8,
        "FoundTheMostNearbyCar": 114,
        "TheMostNearbyCarIsSelected": 3304,
        "PassengerOnBoard": 4604,
        "PassengerArriveAtDestination": 3835,
        "PassengerPaysAndGetsOff": 3230
    },
    "0xd3f0a049b88a3b2c2d3640693c9ef45a4ba0ced5": {
        "StartingPointWrittenToContract": 1284,
        "DestinationWrittenToContract": 635,
        "GettingNearbyRegions": 7,
        "FoundTheMostNearbyCar": 111,
        "TheMostNearbyCarConflict": 6681,
        "RepeatlyFoundTheMostNearbyCar": 32223,
        "TheMostNearbyCarIsSelected": 1723,
        "PassengerOnBoard": 2635,
        "PassengerArriveAtDestination": 2161,
        "PassengerPaysAndGetsOff": 3637
    },
    "0x23618f01f25261d31c3adec02c22b1ee7407e318": {
        "StartingPointWrittenToContract": 530,
        "DestinationWrittenToContract": 641,
        "GettingNearbyRegions": 8,
        "FoundTheMostNearbyCar": 114,
        "TheMostNearbyCarConflict": 10649,
        "RepeatlyFoundTheMostNearbyCar": 80418,
        "TheMostNearbyCarIsSelected": 1828,
        "PassengerOnBoard": 4854,
        "PassengerArriveAtDestination": 2215,
        "PassengerPaysAndGetsOff": 2992
    },
    "0xa3c55eb2e949ad3ec6844e8f3ac90af0a25c2776": {
        "StartingPointWrittenToContract": 423,
        "DestinationWrittenToContract": 3423,
        "GettingNearbyRegions": 10,
        "FoundTheMostNearbyCar": 110,
        "TheMostNearbyCarConflict": 6108,
        "RepeatlyFoundTheMostNearbyCar": 54326,
        "TheMostNearbyCarIsSelected": 1109,
        "PassengerOnBoard": 5744,
        "PassengerArriveAtDestination": 1422,
        "PassengerPaysAndGetsOff": 2314
    },
    "0x0d38502b24c64bfc5b635720bf299384cc2594de": {
        "StartingPointWrittenToContract": 3105,
        "DestinationWrittenToContract": 3220,
        "GettingNearbyRegions": 8,
        "FoundTheMostNearbyCar": 119,
        "TheMostNearbyCarIsSelected": 1248,
        "PassengerOnBoard": 7076,
        "PassengerArriveAtDestination": 1516,
        "PassengerPaysAndGetsOff": 728
    }
}