{
    "0x989bd3f4b8def49a869eee53fc2f8c31559dad10": {
        "StartingPointWrittenToContract": 4435,
        "DestinationWrittenToContract": 6536,
        "GettingNearbyRegions": 2,
        "FoundTheMostNearbyCar": 50,
        "TheMostNearbyCarIsSelected": 4759,
        "PassengerOnBoard": 2974,
        "PassengerArriveAtDestination": 1274,
        "PassengerPaysAndGetsOff": 5583
    },
    "0x3daa27591a675fceb7fe25f39a2aa575730a6a1a": {
        "StartingPointWrittenToContract": 3211,
        "DestinationWrittenToContract": 4761,
        "GettingNearbyRegions": 5,
        "FoundTheMostNearbyCar": 43,
        "TheMostNearbyCarConflict": 17971,
        "RepeatlyFoundTheMostNearbyCar": 80177,
        "TheMostNearbyCarIsSelected": 840,
        "PassengerOnBoard": 3804,
        "PassengerArriveAtDestination": 2179,
        "PassengerPaysAndGetsOff": 2939
    },
    "0x170d67b04d990cfa4326549efeafb86f4b95b9dc": {
        "StartingPointWrittenToContract": 4970,
        "DestinationWrittenToContract": 4807,
        "GettingNearbyRegions": 11,
        "FoundTheMostNearbyCar": 54,
        "TheMostNearbyCarConflict": 9867,
        "RepeatlyFoundTheMostNearbyCar": 54159,
        "TheMostNearbyCarIsSelected": 3255,
        "PassengerOnBoard": 8058,
        "PassengerArriveAtDestination": 4495,
        "PassengerPaysAndGetsOff": 4400
    },
    "0x16941e3fe553ea1fec94de08aa5d0522b2fd5df1": {
        "StartingPointWrittenToContract": 1970,
        "DestinationWrittenToContract": 4811,
        "GettingNearbyRegions": 11,
        "FoundTheMostNearbyCar": 54,
        "TheMostNearbyCarIsSelected": 129,
        "PassengerOnBoard": 4061,
        "PassengerArriveAtDestination": 5575,
        "PassengerPaysAndGetsOff": 529
    },
    "0x092f0e6aeaaad8f6308c54ad7c97a7120d8ef8b5": {
        "StartingPointWrittenToContract": 3786,
        "DestinationWrittenToContract": 191,
        "GettingNearbyRegions": 5,
        "FoundTheMostNearbyCar": 54,
        "TheMostNearbyCarConflict": 5376,
        "RepeatlyFoundTheMostNearbyCar": 32091,
        "TheMostNearbyCarIsSelected": 4288,
        "PassengerOnBoard": 5402,
        "PassengerArriveAtDestination": 1537,
        "PassengerPaysAndGetsOff": 1978
    },
    "0x524ced5b4382264574313760c481d131e49cea06": {
        "StartingPointWrittenToContract": 776,
        "DestinationWrittenToContract": 200,
        "GettingNearbyRegions": 4,
        "FoundTheMostNearbyCar": 52,
        "TheMostNearbyCarIsSelected": 2726,
        "PassengerOnBoard": 6858,
        "PassengerArriveAtDestination": 517,
        "PassengerPaysAndGetsOff": 3353
    },
    "0x7aedbd17c7198de1a60bbf73e77840baeab2315a": {
        "StartingPointWrittenToContract": 872,
        "DestinationWrittenToContract": 1485,
        "GettingNearbyRegions": 0,
        "FoundTheMostNearbyCar": 37,
        "TheMostNearbyCarIsSelected": 5221,
        "PassengerOnBoard": 3869,
        "PassengerArriveAtDestination": 3928,
        "PassengerPaysAndGetsOff": 4503
    },
    "0xd1dea501c85b53e90c881515eccd4280db615287": {
        "StartingPointWrittenToContract": 4613,
        "DestinationWrittenToContract": 525,
        "GettingNearbyRegions": 4,
        "FoundTheMostNearbyCar": 47,
        "TheMostNearbyCarIsSelected": 3298,
        "PassengerOnBoard": 8426,
        "PassengerArriveAtDestination": 3478,
        "PassengerPaysAndGetsOff": 3831
    },
    "0x06a1ee74591def94efcdbd9a13c1b7df2350d160": {
        "StartingPointWrittenToContract": 1776,
        "DestinationWrittenToContract": 3708,
        "GettingNearbyRegions": 3,
        "FoundTheMostNearbyCar": 43,
        "TheMostNearbyCarIsSelected": 3903,
        "PassengerOnBoard": 7964,
        "PassengerArriveAtDestination": 3815,
        "PassengerPaysAndGetsOff": 3316
    },
    "0x99f859fba99facf38c0f6263b9794f672147f4aa": {
        "StartingPointWrittenToContract": 2485,
        "DestinationWrittenToContract": 3945,
        "GettingNearbyRegions": 5,
        "FoundTheMostNearbyCar": 56,
        "TheMostNearbyCarIsSelected": 4422,
        "PassengerOnBoard": 7307,
        "PassengerArriveAtDestination": 3302,
        "PassengerPaysAndGetsOff": 4551
    },
    "0x0dca32fa900933ab3e9fe1f4527ec95d07bf772b": {
        "StartingPointWrittenToContract": 3429,
        "DestinationWrittenToContract": 4485,
        "GettingNearbyRegions": 2,
        "FoundTheMostNearbyCar": 67,
        "TheMostNearbyCarIsSelected": 3412,
        "PassengerOnBoard": 7135,
        "PassengerArriveAtDestination": 4534,
        "PassengerPaysAndGetsOff": 4733
    },
    "0x7cefd545055114e6b058ed0d110d4ac012a99cd7": {
        "StartingPointWrittenToContract": 2457,
        "DestinationWrittenToContract": 3796,
        "GettingNearbyRegions": 1,
        "FoundTheMostNearbyCar": 57,
        "TheMostNearbyCarConflict": 4492,
        "RepeatlyFoundTheMostNearbyCar": 14064,
        "TheMostNearbyCarIsSelected": 2263,
        "PassengerOnBoard": 4615,
        "PassengerArriveAtDestination": 1959,
        "PassengerPaysAndGetsOff": 7065
    },
    "0x156a54e7c951fa985e77e8bc827fdfed8905b4c1": {
        "StartingPointWrittenToContract": 3253,
        "DestinationWrittenToContract": 4549,
        "GettingNearbyRegions": 2,
        "FoundTheMostNearbyCar": 50,
        "TheMostNearbyCarIsSelected": 2489,
        "PassengerOnBoard": 11452,
        "PassengerArriveAtDestination": 2330,
        "PassengerPaysAndGetsOff": 3064
    },
    "0x9d854e759b2cce86dd08080d3ac043b4c79d2d9a": {
        "StartingPointWrittenToContract": 2397,
        "DestinationWrittenToContract": 3820,
        "GettingNearbyRegions": 6,
        "FoundTheMostNearbyCar": 42,
        "TheMostNearbyCarConflict": 3263,
        "RepeatlyFoundTheMostNearbyCar": 14061,
        "TheMostNearbyCarIsSelected": 599,
        "PassengerOnBoard": 3517,
        "PassengerArriveAtDestination": 7060,
        "PassengerPaysAndGetsOff": 1468
    },
    "0x499c7e13c1303502e55fe72b120312c0e0131884": {
        "StartingPointWrittenToContract": 3220,
        "DestinationWrittenToContract": 3306,
        "GettingNearbyRegions": 5,
        "FoundTheMostNearbyCar": 52,
        "TheMostNearbyCarIsSelected": 4488,
        "PassengerOnBoard": 7058,
        "PassengerArriveAtDestination": 3056,
        "PassengerPaysAndGetsOff": 1558
    },
    "0xddfc8e76b2bd61e9359ea5a2ed639d73e74ded71": {
        "StartingPointWrittenToContract": 1341,
        "DestinationWrittenToContract": 4860,
        "GettingNearbyRegions": 1,
        "FoundTheMostNearbyCar": 54,
        "TheMostNearbyCarConflict": 6548,
        "RepeatlyFoundTheMostNearbyCar": 14040,
        "TheMostNearbyCarIsSelected": 3369,
        "PassengerOnBoard": 2530,
        "PassengerArriveAtDestination": 3965,
        "PassengerPaysAndGetsOff": 6506
    },
    "0x08f7cc636acfed10206a64c661dcb6f00606c26c": {
        "StartingPointWrittenToContract": 3200,
        "DestinationWrittenToContract": 6602,
        "GettingNearbyRegions": 5,
        "FoundTheMostNearbyCar": 75,
        "TheMostNearbyCarConflict": 6901,
        "RepeatlyFoundTheMostNearbyCar": 80200,
        "TheMostNearbyCarIsSelected": 979,
        "PassengerOnBoard": 3061,
        "PassengerArriveAtDestination": 2959,
        "PassengerPaysAndGetsOff": 2933
    },
    "0x98f3af9a9d129dd78041b588c36cff0afefddc05": {
        "StartingPointWrittenToContract": 2070,
        "DestinationWrittenToContract": 4721,
        "GettingNearbyRegions": 14,
        "FoundTheMostNearbyCar": 66,
        "TheMostNearbyCarConflict": 5711,
        "RepeatlyFoundTheMostNearbyCar": 54160,
        "TheMostNearbyCarIsSelected": 1188,
        "PassengerOnBoard": 3269,
        "PassengerArriveAtDestination": 492,
        "PassengerPaysAndGetsOff": 2009
    },
    "0x397e94a4cd9fad4c4a472d6a92122d6ed9ec71d6": {
        "StartingPointWrittenToContract": 3798,
        "DestinationWrittenToContract": 2333,
        "GettingNearbyRegions": 5,
        "FoundTheMostNearbyCar": 60,
        "TheMostNearbyCarConflict": 7780,
        "RepeatlyFoundTheMostNearbyCar": 54150,
        "TheMostNearbyCarIsSelected": 497,
        "PassengerOnBoard": 5195,
        "PassengerArriveAtDestination": 2717,
        "PassengerPaysAndGetsOff": 1630
    },
    "0xee6e220d86366845afbdb1213c122c8a7424a03e": {
        "StartingPointWrittenToContract": 3092,
        "DestinationWrittenToContract": 3098,
        "GettingNearbyRegions": 5,
        "FoundTheMostNearbyCar": 68,
        "TheMostNearbyCarIsSelected": 1477,
        "PassengerOnBoard": 9030,
        "PassengerArriveAtDestination": 1452,
        "PassengerPaysAndGetsOff": 2444
    },
    "0x49c7f84ca89d2ffb5dc35eba1d88b731fe1c53df": {
        "StartingPointWrittenToContract": 131,
        "DestinationWrittenToContract": 3058,
        "GettingNearbyRegions": 7,
        "FoundTheMostNearbyCar": 68,
        "TheMostNearbyCarConflict": 5333,
        "RepeatlyFoundTheMostNearbyCar": 54129,
        "TheMostNearbyCarIsSelected": 1973,
        "PassengerOnBoard": 5837,
        "PassengerArriveAtDestination": 1614,
        "PassengerPaysAndGetsOff": 6268
    },
    "0xe5c2e3eaf8883a9d5ed7089e0484cfa6b027d816": {
        "StartingPointWrittenToContract": 190,
        "DestinationWrittenToContract": 1551,
        "GettingNearbyRegions": 3,
        "FoundTheMostNearbyCar": 55,
        "TheMostNearbyCarIsSelected": 1905,
        "PassengerOnBoard": 8527,
        "PassengerArriveAtDestination": 2424,
        "PassengerPaysAndGetsOff": 1920
    },
    "0xd6c18c15ee56beeaf9a94322f0fcc958b611a323": {
        "StartingPointWrittenToContract": 707,
        "DestinationWrittenToContract": 7062,
        "GettingNearbyRegions": 2,
        "FoundTheMostNearbyCar": 48,
        "TheMostNearbyCarConflict": 1412,
        "RepeatlyFoundTheMostNearbyCar": 14056,
        "TheMostNearbyCarIsSelected": 1891,
        "PassengerOnBoard": 8896,
        "PassengerArriveAtDestination": 913,
        "PassengerPaysAndGetsOff": 3714
    },
    "0xdd5e69139ec63cef0c137048bb0a6c7760721937": {
        "StartingPointWrittenToContract": 4767,
        "DestinationWrittenToContract": 1465,
        "GettingNearbyRegions": 2,
        "FoundTheMostNearbyCar": 50,
        "TheMostNearbyCarIsSelected": 2382,
        "PassengerOnBoard": 5454,
        "PassengerArriveAtDestination": 5077,
        "PassengerPaysAndGetsOff": 2986
    },
    "0x0de4d33bb26cb0107ac34844054f6f975c587554": {
        "StartingPointWrittenToContract": 3211,
        "DestinationWrittenToContract": 1741,
        "GettingNearbyRegions": 2,
        "FoundTheMostNearbyCar": 59,
        "TheMostNearbyCarConflict": 4629,
        "RepeatlyFoundTheMostNearbyCar": 32093,
        "TheMostNearbyCarIsSelected": 183,
        "PassengerOnBoard": 6409,
        "PassengerArriveAtDestination": 612,
        "PassengerPaysAndGetsOff": 1682
    },
    "0xc64efbfcb752a3822f6b8d7c96b0502e81ce2882": {
        "StartingPointWrittenToContract": 228,
        "DestinationWrittenToContract": 2435,
        "GettingNearbyRegions": 4,
        "FoundTheMostNearbyCar": 43,
        "TheMostNearbyCarIsSelected": 1864,
        "PassengerOnBoard": 8641,
        "PassengerArriveAtDestination": 2952,
        "PassengerPaysAndGetsOff": 4515
    },
    "0x16b22e2402a183dcaf5b1fb73f64689b7700a2a0": {
        "StartingPointWrittenToContract": 3711,
        "DestinationWrittenToContract": 6501,
        "GettingNearbyRegions": 7,
        "FoundTheMostNearbyCar": 58,
        "TheMostNearbyCarConflict": 2905,
        "RepeatlyFoundTheMostNearbyCar": 14056,
        "TheMostNearbyCarIsSelected": 1673,
        "PassengerOnBoard": 3948,
        "PassengerArriveAtDestination": 2945,
        "PassengerPaysAndGetsOff": 2193
    },
    "0x747d046d0c8a5d1bb1764517dd1984d0732c96bc": {
        "StartingPointWrittenToContract": 2119,
        "DestinationWrittenToContract": 5092,
        "GettingNearbyRegions": 6,
        "FoundTheMostNearbyCar": 62,
        "TheMostNearbyCarConflict": 4573,
        "RepeatlyFoundTheMostNearbyCar": 32087,
        "TheMostNearbyCarIsSelected": 2879,
        "PassengerOnBoard": 4345,
        "PassengerArriveAtDestination": 6253,
        "PassengerPaysAndGetsOff": 3693
    },
    "0x27ff8a06ca69b16c194a5132a1925d358c89ff39": {
        "StartingPointWrittenToContract": 4212,
        "DestinationWrittenToContract": 2966,
        "GettingNearbyRegions": 5,
        "FoundTheMostNearbyCar": 46,
        "TheMostNearbyCarConflict": 5582,
        "RepeatlyFoundTheMostNearbyCar": 32091,
        "TheMostNearbyCarIsSelected": 1635,
        "PassengerOnBoard": 7880,
        "PassengerArriveAtDestination": 3686,
        "PassengerPaysAndGetsOff": 299
    },
    "0xef0d03069e88fb45575f66aa4345b5448408dcfc": {
        "StartingPointWrittenToContract": 2924,
        "DestinationWrittenToContract": 1591,
        "GettingNearbyRegions": 2,
        "FoundTheMostNearbyCar": 45,
        "TheMostNearbyCarIsSelected": 4120,
        "PassengerOnBoard": 5311,
        "PassengerArriveAtDestination": 3697,
        "PassengerPaysAndGetsOff": 1765
    },
    "0x07f4d74e86c2501a96b032f05daf6d9603f1a596": {
        "StartingPointWrittenToContract": 1519,
        "DestinationWrittenToContract": 4166,
        "GettingNearbyRegions": 3,
        "FoundTheMostNearbyCar": 40,
        "TheMostNearbyCarIsSelected": 4347,
        "PassengerOnBoard": 4627,
        "PassengerArriveAtDestination": 1752,
        "PassengerPaysAndGetsOff": 1463
    },
    "0xb560b30b372dae7df40f67cd542730f5de15cefa": {
        "StartingPointWrittenToContract": 2683,
        "DestinationWrittenToContract": 4393,
        "GettingNearbyRegions": 2,
        "FoundTheMostNearbyCar": 51,
        "TheMostNearbyCarIsSelected": 865,
        "PassengerOnBoard": 5464,
        "PassengerArriveAtDestination": 1456,
        "PassengerPaysAndGetsOff": 2095
    }
}