{
    "0x3df2c7b1e2c3e8e5e40c6035f6a3a5bb8fdb6b87": {
        "StartingPointWrittenToContract": 3448,
        "DestinationWrittenToContract": 1681,
        "GettingNearbyRegions": 2,
        "FoundTheMostNearbyCar": 48,
        "TheMostNearbyCarIsSelected": 2301,
        "PassengerOnBoard": 6261,
        "PassengerArriveAtDestination": 2405,
        "PassengerPaysAndGetsOff": 3382
    },
    "0x46dfb062b17f2ef557a64283347653f11ba7c089": {
        "StartingPointWrittenToContract": 1950,
        "DestinationWrittenToContract": 1761,
        "GettingNearbyRegions": 1,
        "FoundTheMostNearbyCar": 46,
        "TheMostNearbyCarConflict": 863,
        "RepeatlyFoundTheMostNearbyCar": 14052,
        "TheMostNearbyCarIsSelected": 1792,
        "PassengerOnBoard": 4485,
        "PassengerArriveAtDestination": 465,
        "PassengerPaysAndGetsOff": 3153
    },
    "0xd402c7301a68c4c65529ab0c597bb8b13e27f607": {
        "StartingPointWrittenToContract": 1479,
        "DestinationWrittenToContract": 1545,
        "GettingNearbyRegions": 3,
        "FoundTheMostNearbyCar": 38,
        "TheMostNearbyCarIsSelected": 4681,
        "PassengerOnBoard": 5781,
        "PassengerArriveAtDestination": 2334,
        "PassengerPaysAndGetsOff": 3549
    },
    "0x42389309e69a2b32b98f04bc8255ad971797f757": {
        "StartingPointWrittenToContract": 4746,
        "DestinationWrittenToContract": 2407,
        "GettingNearbyRegions": 7,
        "FoundTheMostNearbyCar": 45,
        "TheMostNearbyCarConflict": 3328,
        "RepeatlyFoundTheMostNearbyCar": 14061,
        "TheMostNearbyCarIsSelected": 2836,
        "PassengerOnBoard": 5354,
        "PassengerArriveAtDestination": 1922,
        "PassengerPaysAndGetsOff": 491
    },
    "0xcae58827099cb4557f40dd308f5efc29e9065be8": {
        "StartingPointWrittenToContract": 1742,
        "DestinationWrittenToContract": 2406,
        "GettingNearbyRegions": 6,
        "FoundTheMostNearbyCar": 55,
        "TheMostNearbyCarIsSelected": 3319,
        "PassengerOnBoard": 5882,
        "PassengerArriveAtDestination": 1597,
        "PassengerPaysAndGetsOff": 1293
    },
    "0x6d1558ef76336d670fb6f2b04ae1f345eab94761": {
        "StartingPointWrittenToContract": 4527,
        "DestinationWrittenToContract": 2338,
        "GettingNearbyRegions": 2,
        "FoundTheMostNearbyCar": 49,
        "TheMostNearbyCarConflict": 5821,
        "RepeatlyFoundTheMostNearbyCar": 32104,
        "TheMostNearbyCarIsSelected": 1366,
        "PassengerOnBoard": 3841,
        "PassengerArriveAtDestination": 2594,
        "PassengerPaysAndGetsOff": 2735
    },
    "0x95d2b2a36e6a3d1e7ac8edbf99481c6009a19131": {
        "StartingPointWrittenToContract": 1526,
        "DestinationWrittenToContract": 2338,
        "GettingNearbyRegions": 3,
        "FoundTheMostNearbyCar": 40,
        "TheMostNearbyCarIsSelected": 3501,
        "PassengerOnBoard": 2893,
        "PassengerArriveAtDestination": 3258,
        "PassengerPaysAndGetsOff": 1617
    },
    "0xd35d112793fe59877302d4064c9ef5a89c0485ba": {
        "StartingPointWrittenToContract": 2466,
        "DestinationWrittenToContract": 2223,
        "GettingNearbyRegions": 3,
        "FoundTheMostNearbyCar": 63,
        "TheMostNearbyCarIsSelected": 2194,
        "PassengerOnBoard": 3619,
        "PassengerArriveAtDestination": 1606,
        "PassengerPaysAndGetsOff": 3254
    },
    "0xac37a0543b6abb8e7add0c00128c9f486e45b0e9": {
        "StartingPointWrittenToContract": 1689,
        "DestinationWrittenToContract": 2261,
        "GettingNearbyRegions": 2,
        "FoundTheMostNearbyCar": 43,
        "TheMostNearbyCarIsSelected": 426,
        "PassengerOnBoard": 4758,
        "PassengerArriveAtDestination": 3245,
        "PassengerPaysAndGetsOff": 2106
    },
    "0x7a5b8a958a74e39ade01f412951fb319ee4fe6d9": {
        "StartingPointWrittenToContract": 950,
        "DestinationWrittenToContract": 468,
        "GettingNearbyRegions": 3,
        "FoundTheMostNearbyCar": 43,
        "TheMostNearbyCarIsSelected": 3104,
        "PassengerOnBoard": 4862,
        "PassengerArriveAtDestination": 2093,
        "PassengerPaysAndGetsOff": 3260
    },
    "0xfb1c049ecb1884a77e857bcca8ae6443f0143dbf": {
        "StartingPointWrittenToContract": 1568,
        "DestinationWrittenToContract": 1607,
        "GettingNearbyRegions": 4,
        "FoundTheMostNearbyCar": 50,
        "TheMostNearbyCarConflict": 3202,
        "RepeatlyFoundTheMostNearbyCar": 14052,
        "TheMostNearbyCarIsSelected": 2859,
        "PassengerOnBoard": 2571,
        "PassengerArriveAtDestination": 2740,
        "PassengerPaysAndGetsOff": 590
    },
    "0x4c0ae67f9e2dcabbcaee58afa56c14e427272b6f": {
        "StartingPointWrittenToContract": 2332,
        "DestinationWrittenToContract": 2959,
        "GettingNearbyRegions": 1,
        "FoundTheMostNearbyCar": 49,
        "TheMostNearbyCarIsSelected": 3439,
        "PassengerOnBoard": 2417,
        "PassengerArriveAtDestination": 2162,
        "PassengerPaysAndGetsOff": 1239
    },
    "0x0d5f26272be5a3b462c3b7a978c7bf4b0d6aadb1": {
        "StartingPointWrittenToContract": 2289,
        "DestinationWrittenToContract": 3491,
        "GettingNearbyRegions": 5,
        "FoundTheMostNearbyCar": 57,
        "TheMostNearbyCarIsSelected": 1867,
        "PassengerOnBoard": 2658,
        "PassengerArriveAtDestination": 1218,
        "PassengerPaysAndGetsOff": 5758
    },
    "0x0cac0bfe17bd73be78486a51a15db39b10cbafcf": {
        "StartingPointWrittenToContract": 2777,
        "DestinationWrittenToContract": 1931,
        "GettingNearbyRegions": 6,
        "FoundTheMostNearbyCar": 58,
        "TheMostNearbyCarIsSelected": 426,
        "PassengerOnBoard": 3398,
        "PassengerArriveAtDestination": 5744,
        "PassengerPaysAndGetsOff": 1910
    },
    "0xbf5868b482ace24aa4f339ceb26e32230fc7d3aa": {
        "StartingPointWrittenToContract": 1706,
        "DestinationWrittenToContract": 493,
        "GettingNearbyRegions": 3,
        "FoundTheMostNearbyCar": 59,
        "TheMostNearbyCarIsSelected": 2107,
        "PassengerOnBoard": 6974,
        "PassengerArriveAtDestination": 1899,
        "PassengerPaysAndGetsOff": 672
    },
    "0x926f155822d00a9191fe71ec570bcd1f0eb0c300": {
        "StartingPointWrittenToContract": 1366,
        "DestinationWrittenToContract": 1233,
        "GettingNearbyRegions": 2,
        "FoundTheMostNearbyCar": 56,
        "TheMostNearbyCarConflict": 11492,
        "RepeatlyFoundTheMostNearbyCar": 80170,
        "TheMostNearbyCarIsSelected": 1010,
        "PassengerOnBoard": 7010,
        "PassengerArriveAtDestination": 3332,
        "PassengerPaysAndGetsOff": 4435
    },
    "0xedb6f3a4a1ebc511f7fe9bd4f2cd4219ca0a3cf4": {
        "StartingPointWrittenToContract": 5342,
        "DestinationWrittenToContract": 1908,
        "GettingNearbyRegions": 2,
        "FoundTheMostNearbyCar": 53,
        "TheMostNearbyCarIsSelected": 611,
        "PassengerOnBoard": 3327,
        "PassengerArriveAtDestination": 1960,
        "PassengerPaysAndGetsOff": 3276
    },
    "0xbd2f3e025a8f0b0d8bb9f64ef60980ebb27e8d5d": {
        "StartingPointWrittenToContract": 3412,
        "DestinationWrittenToContract": 1407,
        "GettingNearbyRegions": 2,
        "FoundTheMostNearbyCar": 43,
        "TheMostNearbyCarConflict": 5001,
        "RepeatlyFoundTheMostNearbyCar": 32105,
        "TheMostNearbyCarIsSelected": 3511,
        "PassengerOnBoard": 9998,
        "PassengerArriveAtDestination": 399,
        "PassengerPaysAndGetsOff": 2490
    },
    "0xabd6b57b7d198796947bc03e4f5bd911813caada": {
        "StartingPointWrittenToContract": 1247,
        "DestinationWrittenToContract": 666,
        "GettingNearbyRegions": 7,
        "FoundTheMostNearbyCar": 48,
        "TheMostNearbyCarIsSelected": 2696,
        "PassengerOnBoard": 2543,
        "PassengerArriveAtDestination": 3268,
        "PassengerPaysAndGetsOff": 573
    },
    "0x62119c27e0081b14e6e0c596603d21eaa6d6452b": {
        "StartingPointWrittenToContract": 1662,
        "DestinationWrittenToContract": 580,
        "GettingNearbyRegions": 2,
        "FoundTheMostNearbyCar": 56,
        "TheMostNearbyCarConflict": 1908,
        "RepeatlyFoundTheMostNearbyCar": 14033,
        "TheMostNearbyCarIsSelected": 5560,
        "PassengerOnBoard": 11633,
        "PassengerArriveAtDestination": 4033,
        "PassengerPaysAndGetsOff": 6958
    },
    "0xc265c858c1186113b2d830e6f46f6d95142e9750": {
        "StartingPointWrittenToContract": 1206,
        "DestinationWrittenToContract": 3272,
        "GettingNearbyRegions": 5,
        "FoundTheMostNearbyCar": 45,
        "TheMostNearbyCarIsSelected": 521,
        "PassengerOnBoard": 5328,
        "PassengerArriveAtDestination": 1168,
        "PassengerPaysAndGetsOff": 3368
    },
    "0x03875bcc0db199992266825e2c1cf0f5bfc200d2": {
        "StartingPointWrittenToContract": 1477,
        "DestinationWrittenToContract": 571,
        "GettingNearbyRegions": 1,
        "FoundTheMostNearbyCar": 46,
        "TheMostNearbyCarIsSelected": 2550,
        "PassengerOnBoard": 3904,
        "PassengerArriveAtDestination": 3353,
        "PassengerPaysAndGetsOff": 172
    },
    "0xf0ce9fe96ac15405e4fd51a62cbdbdaef2d36372": {
        "StartingPointWrittenToContract": 1645,
        "DestinationWrittenToContract": 2733,
        "GettingNearbyRegions": 2,
        "FoundTheMostNearbyCar": 53,
        "TheMostNearbyCarIsSelected": 1119,
        "PassengerOnBoard": 3523,
        "PassengerArriveAtDestination": 5725,
        "PassengerPaysAndGetsOff": 8133
    },
    "0x1bdf42d9a37b5b5c5a3bc09cadfade23d075791a": {
        "StartingPointWrittenToContract": 1377,
        "DestinationWrittenToContract": 1175,
        "GettingNearbyRegions": 2,
        "FoundTheMostNearbyCar": 58,
        "TheMostNearbyCarIsSelected": 3297,
        "PassengerOnBoard": 5896,
        "PassengerArriveAtDestination": 8120,
        "PassengerPaysAndGetsOff": 3506
    },
    "0x3449a20e1b4700ffd4dd49f0fc14bcac44fee63c": {
        "StartingPointWrittenToContract": 2907,
        "DestinationWrittenToContract": 168,
        "GettingNearbyRegions": 4,
        "FoundTheMostNearbyCar": 51,
        "TheMostNearbyCarConflict": 14248,
        "RepeatlyFoundTheMostNearbyCar": 32094,
        "TheMostNearbyCarIsSelected": 4050,
        "PassengerOnBoard": 7095,
        "PassengerArriveAtDestination": 193,
        "PassengerPaysAndGetsOff": 2711
    },
    "0xd2ed0cb17fd847c8aa8bc8e9ed3870481ede088b": {
        "StartingPointWrittenToContract": 77,
        "DestinationWrittenToContract": 5728,
        "GettingNearbyRegions": 3,
        "FoundTheMostNearbyCar": 52,
        "TheMostNearbyCarIsSelected": 8075,
        "PassengerOnBoard": 7543,
        "PassengerArriveAtDestination": 6939,
        "PassengerPaysAndGetsOff": 3061
    },
    "0x5227daf8db7c57d268979df21ba9ee9c93d26712": {
        "StartingPointWrittenToContract": 2801,
        "DestinationWrittenToContract": 8133,
        "GettingNearbyRegions": 2,
        "FoundTheMostNearbyCar": 66,
        "TheMostNearbyCarIsSelected": 3427,
        "PassengerOnBoard": 10998,
        "PassengerArriveAtDestination": 3043,
        "PassengerPaysAndGetsOff": 410
    },
    "0xb658cbd857f52f9705fbecf9b30cf827dd8c81a8": {
        "StartingPointWrittenToContract": 7937,
        "DestinationWrittenToContract": 3493,
        "GettingNearbyRegions": 7,
        "FoundTheMostNearbyCar": 49,
        "TheMostNearbyCarConflict": 3999,
        "RepeatlyFoundTheMostNearbyCar": 14044,
        "TheMostNearbyCarIsSelected": 2649,
        "PassengerOnBoard": 2862,
        "PassengerArriveAtDestination": 2448,
        "PassengerPaysAndGetsOff": 2723
    },
    "0x5895ef03d8c36b9a53b4f961cd1345ed0bd79fa3": {
        "StartingPointWrittenToContract": 4930,
        "DestinationWrittenToContract": 3499,
        "GettingNearbyRegions": 6,
        "FoundTheMostNearbyCar": 48,
        "TheMostNearbyCarConflict": 6654,
        "RepeatlyFoundTheMostNearbyCar": 32080,
        "TheMostNearbyCarIsSelected": 1397,
        "PassengerOnBoard": 2906,
        "PassengerArriveAtDestination": 988,
        "PassengerPaysAndGetsOff": 1345
    },
    "0x4093777e3bf0a104ef5576011a965c58a206b69b": {
        "StartingPointWrittenToContract": 3736,
        "DestinationWrittenToContract": 4058,
        "GettingNearbyRegions": 1,
        "FoundTheMostNearbyCar": 57,
        "TheMostNearbyCarConflict": 8578,
        "RepeatlyFoundTheMostNearbyCar": 14053,
        "TheMostNearbyCarIsSelected": 1011,
        "PassengerOnBoard": 7027,
        "PassengerArriveAtDestination": 436,
        "PassengerPaysAndGetsOff": 6657
    },
    "0x7906b337632876b8050f55ee5b57228f02972fa3": {
        "StartingPointWrittenToContract": 2432,
        "DestinationWrittenToContract": 4046,
        "GettingNearbyRegions": 7,
        "FoundTheMostNearbyCar": 50,
        "TheMostNearbyCarIsSelected": 6895,
        "PassengerOnBoard": 3450,
        "PassengerArriveAtDestination": 2482,
        "PassengerPaysAndGetsOff": 3815
    },
    "0x3b49b8eb1d9d3c28242b97c135379e0e32468fb9": {
        "StartingPointWrittenToContract": 3482,
        "DestinationWrittenToContract": 6944,
        "GettingNearbyRegions": 8,
        "FoundTheMostNearbyCar": 73,
        "TheMostNearbyCarIsSelected": 2973,
        "PassengerOnBoard": 2887,
        "PassengerArriveAtDestination": 3803,
        "PassengerPaysAndGetsOff": 780
    }
}