{
    "0x086ba65affc894f226e87f8d16f20a35d4f60b4d": {
        "StartingPointWrittenToContract": 1907,
        "DestinationWrittenToContract": 6675,
        "GettingNearbyRegions": 8,
        "FoundTheMostNearbyCar": 30,
        "TheMostNearbyCarIsSelected": 2187,
        "PassengerOnBoard": 6734,
        "PassengerArriveAtDestination": 1039,
        "PassengerPaysAndGetsOff": 1104
    },
    "0x2702ee5633daab4d277f5660f1c29d3e5454f7b3": {
        "StartingPointWrittenToContract": 5586,
        "DestinationWrittenToContract": 2221,
        "GettingNearbyRegions": 7,
        "FoundTheMostNearbyCar": 48,
        "TheMostNearbyCarIsSelected": 2509,
        "PassengerOnBoard": 5214,
        "PassengerArriveAtDestination": 1092,
        "PassengerPaysAndGetsOff": 2680
    },
    "0x2888bd343cbbc9cb5469c7a3c52d51dff4350d97": {
        "StartingPointWrittenToContract": 2588,
        "DestinationWrittenToContract": 2222,
        "GettingNearbyRegions": 6,
        "FoundTheMostNearbyCar": 47,
        "TheMostNearbyCarConflict": 2513,
        "RepeatlyFoundTheMostNearbyCar": 14027,
        "TheMostNearbyCarIsSelected": 2675,
        "PassengerOnBoard": 3865,
        "PassengerArriveAtDestination": 941,
        "PassengerPaysAndGetsOff": 3474
    },
    "0x7a594ef9f871e4ef17c8d659aa58b3b09e090cf3": {
        "StartingPointWrittenToContract": 1813,
        "DestinationWrittenToContract": 2561,
        "GettingNearbyRegions": 5,
        "FoundTheMostNearbyCar": 48,
        "TheMostNearbyCarIsSelected": 4117,
        "PassengerOnBoard": 2138,
        "PassengerArriveAtDestination": 2673,
        "PassengerPaysAndGetsOff": 5723
    },
    "0xb2e192f38247113c0a695a4da975771bfd32d68e": {
        "StartingPointWrittenToContract": 3873,
        "DestinationWrittenToContract": 2222,
        "GettingNearbyRegions": 0,
        "FoundTheMostNearbyCar": 44,
        "TheMostNearbyCarIsSelected": 1332,
        "PassengerOnBoard": 8607,
        "PassengerArriveAtDestination": 2369,
        "PassengerPaysAndGetsOff": 2265
    },
    "0xe3cfc7fd117fa5762bfb5390acbdf48557a18ac2": {
        "StartingPointWrittenToContract": 2544,
        "DestinationWrittenToContract": 1040,
        "GettingNearbyRegions": 2,
        "FoundTheMostNearbyCar": 50,
        "TheMostNearbyCarConflict": 1052,
        "RepeatlyFoundTheMostNearbyCar": 14046,
        "TheMostNearbyCarIsSelected": 1036,
        "PassengerOnBoard": 3590,
        "PassengerArriveAtDestination": 4176,
        "PassengerPaysAndGetsOff": 3130
    },
    "0xa97253e4fe217e80b5f2e995bd54904f63726719": {
        "StartingPointWrittenToContract": 586,
        "DestinationWrittenToContract": 1097,
        "GettingNearbyRegions": 8,
        "FoundTheMostNearbyCar": 47,
        "TheMostNearbyCarIsSelected": 2619,
        "PassengerOnBoard": 8094,
        "PassengerArriveAtDestination": 2255,
        "PassengerPaysAndGetsOff": 2061
    },
    "0xce2897c392e16c5762131a56686733e035a4aa30": {
        "StartingPointWrittenToContract": 1358,
        "DestinationWrittenToContract": 5719,
        "GettingNearbyRegions": 1,
        "FoundTheMostNearbyCar": 34,
        "TheMostNearbyCarConflict": 18483,
        "RepeatlyFoundTheMostNearbyCar": 80131,
        "TheMostNearbyCarIsSelected": 3415,
        "PassengerOnBoard": 3568,
        "PassengerArriveAtDestination": 3385,
        "PassengerPaysAndGetsOff": 2627
    },
    "0x441d24425b99411edd0ecf95501cb0db988e2f13": {
        "StartingPointWrittenToContract": 4077,
        "DestinationWrittenToContract": 2375,
        "GettingNearbyRegions": 3,
        "FoundTheMostNearbyCar": 42,
        "TheMostNearbyCarIsSelected": 2214,
        "PassengerOnBoard": 2437,
        "PassengerArriveAtDestination": 3205,
        "PassengerPaysAndGetsOff": 4198
    },
    "0xf5493c66a2f85637127510a53b6cd0b067936b51": {
        "StartingPointWrittenToContract": 3077,
        "DestinationWrittenToContract": 1428,
        "GettingNearbyRegions": 2,
        "FoundTheMostNearbyCar": 36,
        "TheMostNearbyCarConflict": 19994,
        "RepeatlyFoundTheMostNearbyCar": 144220,
        "TheMostNearbyCarIsSelected": 917,
        "PassengerOnBoard": 3737,
        "PassengerArriveAtDestination": 2631,
        "PassengerPaysAndGetsOff": 5185
    },
    "0xcd924d3e8e043bb9579a4033ab08f8c1404840f0": {
        "StartingPointWrittenToContract": 448,
        "DestinationWrittenToContract": 2264,
        "GettingNearbyRegions": 1,
        "FoundTheMostNearbyCar": 51,
        "TheMostNearbyCarConflict": 17236,
        "RepeatlyFoundTheMostNearbyCar": 110184,
        "TheMostNearbyCarIsSelected": 1533,
        "PassengerOnBoard": 5300,
        "PassengerArriveAtDestination": 5637,
        "PassengerPaysAndGetsOff": 3138
    },
    "0xf85378de486a9514f26f3118450ff6409aaf2bfb": {
        "StartingPointWrittenToContract": 1767,
        "DestinationWrittenToContract": 379,
        "GettingNearbyRegions": 2,
        "FoundTheMostNearbyCar": 46,
        "TheMostNearbyCarIsSelected": 3167,
        "PassengerOnBoard": 7307,
        "PassengerArriveAtDestination": 3741,
        "PassengerPaysAndGetsOff": 1075
    },
    "0x2a52bc09f527f500c7fc62c63f681d24dad62a77": {
        "StartingPointWrittenToContract": 2356,
        "DestinationWrittenToContract": 4190,
        "GettingNearbyRegions": 7,
        "FoundTheMostNearbyCar": 31,
        "TheMostNearbyCarIsSelected": 3075,
        "PassengerOnBoard": 4825,
        "PassengerArriveAtDestination": 2595,
        "PassengerPaysAndGetsOff": 3401
    },
    "0x0c05c7ae6e3a58c23e5d27fc1d121ed1aec0f738": {
        "StartingPointWrittenToContract": 3547,
        "DestinationWrittenToContract": 3115,
        "GettingNearbyRegions": 6,
        "FoundTheMostNearbyCar": 46,
        "TheMostNearbyCarConflict": 3698,
        "RepeatlyFoundTheMostNearbyCar": 14042,
        "TheMostNearbyCarIsSelected": 2298,
        "PassengerOnBoard": 9885,
        "PassengerArriveAtDestination": 4286,
        "PassengerPaysAndGetsOff": 1812
    },
    "0x7776ed3449f97157630b06035e11bc7759e4f0db": {
        "StartingPointWrittenToContract": 541,
        "DestinationWrittenToContract": 3123,
        "GettingNearbyRegions": 4,
        "FoundTheMostNearbyCar": 45,
        "TheMostNearbyCarIsSelected": 3698,
        "PassengerOnBoard": 3676,
        "PassengerArriveAtDestination": 3387,
        "PassengerPaysAndGetsOff": 2862
    },
    "0xd30d093abb9d34fb14917d07121ed6a61cb1f99e": {
        "StartingPointWrittenToContract": 3534,
        "DestinationWrittenToContract": 1295,
        "GettingNearbyRegions": 2,
        "FoundTheMostNearbyCar": 42,
        "TheMostNearbyCarIsSelected": 937,
        "PassengerOnBoard": 5670,
        "PassengerArriveAtDestination": 2849,
        "PassengerPaysAndGetsOff": 3517
    },
    "0x7b11919cd9db9a817c8f9d2e9477f410273a3ceb": {
        "StartingPointWrittenToContract": 1412,
        "DestinationWrittenToContract": 1074,
        "GettingNearbyRegions": 1,
        "FoundTheMostNearbyCar": 45,
        "TheMostNearbyCarConflict": 2560,
        "RepeatlyFoundTheMostNearbyCar": 14041,
        "TheMostNearbyCarIsSelected": 8502,
        "PassengerOnBoard": 6100,
        "PassengerArriveAtDestination": 2451,
        "PassengerPaysAndGetsOff": 1852
    },
    "0x3c28dc70332560ed17d1002704780df9df497abb": {
        "StartingPointWrittenToContract": 2088,
        "DestinationWrittenToContract": 3395,
        "GettingNearbyRegions": 2,
        "FoundTheMostNearbyCar": 42,
        "TheMostNearbyCarIsSelected": 2811,
        "PassengerOnBoard": 6413,
        "PassengerArriveAtDestination": 52,
        "PassengerPaysAndGetsOff": 9829
    },
    "0xeef75753e18f97f0ee8a61119d84cdba23d22a7f": {
        "StartingPointWrittenToContract": 2481,
        "DestinationWrittenToContract": 2855,
        "GettingNearbyRegions": 2,
        "FoundTheMostNearbyCar": 29,
        "TheMostNearbyCarIsSelected": 3479,
        "PassengerOnBoard": 2966,
        "PassengerArriveAtDestination": 9815,
        "PassengerPaysAndGetsOff": 4311
    },
    "0x2a772e261792d208c40d685b31673a85ad18eb90": {
        "StartingPointWrittenToContract": 2337,
        "DestinationWrittenToContract": 3511,
        "GettingNearbyRegions": 1,
        "FoundTheMostNearbyCar": 46,
        "TheMostNearbyCarConflict": 2858,
        "RepeatlyFoundTheMostNearbyCar": 14050,
        "TheMostNearbyCarIsSelected": 757,
        "PassengerOnBoard": 4178,
        "PassengerArriveAtDestination": 1554,
        "PassengerPaysAndGetsOff": 1125
    },
    "0x495b77d80ccb1d3d1476db06dd522292555b2e23": {
        "StartingPointWrittenToContract": 2845,
        "DestinationWrittenToContract": 2905,
        "GettingNearbyRegions": 5,
        "FoundTheMostNearbyCar": 41,
        "TheMostNearbyCarConflict": 14699,
        "RepeatlyFoundTheMostNearbyCar": 54111,
        "TheMostNearbyCarIsSelected": 2492,
        "PassengerOnBoard": 4916,
        "PassengerArriveAtDestination": 2462,
        "PassengerPaysAndGetsOff": 2773
    },
    "0xa95e44270fc15576da490955d8e6698e2a95f610": {
        "StartingPointWrittenToContract": 2752,
        "DestinationWrittenToContract": 61,
        "GettingNearbyRegions": 2,
        "FoundTheMostNearbyCar": 39,
        "TheMostNearbyCarConflict": 9783,
        "RepeatlyFoundTheMostNearbyCar": 14044,
        "TheMostNearbyCarIsSelected": 1118,
        "PassengerOnBoard": 8839,
        "PassengerArriveAtDestination": 2711,
        "PassengerPaysAndGetsOff": 276
    },
    "0xa330923b96f26c88a2681112bfe26d4d9186131a": {
        "StartingPointWrittenToContract": 9632,
        "DestinationWrittenToContract": 4305,
        "GettingNearbyRegions": 9,
        "FoundTheMostNearbyCar": 52,
        "TheMostNearbyCarConflict": 3037,
        "RepeatlyFoundTheMostNearbyCar": 32084,
        "TheMostNearbyCarIsSelected": 5134,
        "PassengerOnBoard": 3819,
        "PassengerArriveAtDestination": 2105,
        "PassengerPaysAndGetsOff": 3966
    },
    "0x814d66fc3f60ca8b257b21f1b89faeecd31475af": {
        "StartingPointWrittenToContract": 6634,
        "DestinationWrittenToContract": 4305,
        "GettingNearbyRegions": 8,
        "FoundTheMostNearbyCar": 54,
        "TheMostNearbyCarConflict": 1736,
        "RepeatlyFoundTheMostNearbyCar": 14056,
        "TheMostNearbyCarIsSelected": 1287,
        "PassengerOnBoard": 5271,
        "PassengerArriveAtDestination": 268,
        "PassengerPaysAndGetsOff": 3724
    },
    "0x17164c34807aa124363d80a604efd4560d8cea0e": {
        "StartingPointWrittenToContract": 3638,
        "DestinationWrittenToContract": 4305,
        "GettingNearbyRegions": 6,
        "FoundTheMostNearbyCar": 49,
        "TheMostNearbyCarIsSelected": 1735,
        "PassengerOnBoard": 4302,
        "PassengerArriveAtDestination": 837,
        "PassengerPaysAndGetsOff": 1936
    },
    "0x9edfe6721d18361bf2b6d83b5cc22c0bf4db6314": {
        "StartingPointWrittenToContract": 4940,
        "DestinationWrittenToContract": 1793,
        "GettingNearbyRegions": 5,
        "FoundTheMostNearbyCar": 43,
        "TheMostNearbyCarIsSelected": 2404,
        "PassengerOnBoard": 2687,
        "PassengerArriveAtDestination": 1929,
        "PassengerPaysAndGetsOff": 1998
    },
    "0x08346710bfb71d0fea0b4a9a3d31107df5fe287a": {
        "StartingPointWrittenToContract": 1940,
        "DestinationWrittenToContract": 1794,
        "GettingNearbyRegions": 4,
        "FoundTheMostNearbyCar": 42,
        "TheMostNearbyCarConflict": 6410,
        "RepeatlyFoundTheMostNearbyCar": 54095,
        "TheMostNearbyCarIsSelected": 2191,
        "PassengerOnBoard": 6987,
        "PassengerArriveAtDestination": 3231,
        "PassengerPaysAndGetsOff": 1273
    },
    "0x28a3f726b61a49da7ae14fd456b80e44e4974d1d": {
        "StartingPointWrittenToContract": 1674,
        "DestinationWrittenToContract": 2066,
        "GettingNearbyRegions": 4,
        "FoundTheMostNearbyCar": 31,
        "TheMostNearbyCarIsSelected": 1522,
        "PassengerOnBoard": 4137,
        "PassengerArriveAtDestination": 6639,
        "PassengerPaysAndGetsOff": 2560
    },
    "0xb08c2456169491982bb3ab852eae8ee3300b9261": {
        "StartingPointWrittenToContract": 737,
        "DestinationWrittenToContract": 1557,
        "GettingNearbyRegions": 3,
        "FoundTheMostNearbyCar": 57,
        "TheMostNearbyCarIsSelected": 1063,
        "PassengerOnBoard": 9661,
        "PassengerArriveAtDestination": 2549,
        "PassengerPaysAndGetsOff": 2724
    },
    "0x073ad6ab89e9097b5405da6d46e1b0db47ec632e": {
        "StartingPointWrittenToContract": 1808,
        "DestinationWrittenToContract": 1987,
        "GettingNearbyRegions": 9,
        "FoundTheMostNearbyCar": 54,
        "TheMostNearbyCarConflict": 6225,
        "RepeatlyFoundTheMostNearbyCar": 14036,
        "TheMostNearbyCarIsSelected": 1460,
        "PassengerOnBoard": 3436,
        "PassengerArriveAtDestination": 4236,
        "PassengerPaysAndGetsOff": 2817
    },
    "0x3007e2b9de5a7a57c84cd64609441bef2d29a9d0": {
        "StartingPointWrittenToContract": 795,
        "DestinationWrittenToContract": 6281,
        "GettingNearbyRegions": 7,
        "FoundTheMostNearbyCar": 29,
        "TheMostNearbyCarIsSelected": 2521,
        "PassengerOnBoard": 2990,
        "PassengerArriveAtDestination": 3715,
        "PassengerPaysAndGetsOff": 2833
    },
    "0xea9453d9095bf11acba9728c471703e9af4c31af": {
        "StartingPointWrittenToContract": 4081,
        "DestinationWrittenToContract": 2549,
        "GettingNearbyRegions": 7,
        "FoundTheMostNearbyCar": 55,
        "TheMostNearbyCarIsSelected": 2657,
        "PassengerOnBoard": 3993,
        "PassengerArriveAtDestination": 2823,
        "PassengerPaysAndGetsOff": 3412
    }
}