[{"passengerEnd":"wx4enrq9mm9","passengerId":"0x46dfb062b17f2ef557a64283347653f11ba7c089","vehicleId":"0x12d0e4381ef94a70a49252e35b9a65fadd3872b9","vehiclePosition":"wx4enrq9mm9","passengerStart":"wx4enscgue5","theirDistance":1524.8496983424636,"gasCost":null,"getVehicleTime":124},{"passengerEnd":"wx4enrq9mm9","passengerId":"0xcae58827099cb4557f40dd308f5efc29e9065be8","vehicleId":"0x196424dd2bf7c978228ebd7a17b38b993d650696","vehiclePosition":"wx4enrq9mm9","passengerStart":"wx4enscgue5","theirDistance":1524.8496983424636,"gasCost":null,"getVehicleTime":118},{"passengerEnd":"wx4enrq9mm9","passengerId":"0x95d2b2a36e6a3d1e7ac8edbf99481c6009a19131","vehicleId":"0x456c4df0610c7611ae8bcaed32dd1d94e88ceca4","vehiclePosition":"wx4enrq9mm9","passengerStart":"wx4enscgue5","theirDistance":1524.8496983424636,"gasCost":null,"getVehicleTime":118},{"passengerEnd":"wx4enrq9mm9","passengerId":"0xac37a0543b6abb8e7add0c00128c9f486e45b0e9","vehicleId":"0x55577fd620a0b8379846fcb1499e4bdc22538843","vehiclePosition":"wx4enrq9mm9","passengerStart":"wx4enscgue5","theirDistance":1524.8496983424636,"gasCost":null,"getVehicleTime":140},{"passengerEnd":"wx4enrq9mm9","passengerId":"0x4c0ae67f9e2dcabbcaee58afa56c14e427272b6f","vehicleId":"0x7a68b86008b0cfc3ae0e8068360271cbb999c97d","vehiclePosition":"wx4enrq9mm9","passengerStart":"wx4enscgue5","theirDistance":1524.8496983424636,"gasCost":null,"getVehicleTime":122},{"passengerEnd":"wx4enrq9mm9","passengerId":"0x0cac0bfe17bd73be78486a51a15db39b10cbafcf","vehicleId":"0x91153bad44dcc46187c481d8d36a53e58522d0c4","vehiclePosition":"wx4enrq9mm9","passengerStart":"wx4enscgue5","theirDistance":1524.8496983424636,"gasCost":null,"getVehicleTime":148},{"passengerEnd":"wx4enrq9mm9","passengerId":"0xedb6f3a4a1ebc511f7fe9bd4f2cd4219ca0a3cf4","vehicleId":"0x12d0e4381ef94a70a49252e35b9a65fadd3872b9","vehiclePosition":"wx4enrq9mm9","passengerStart":"wx4enscgue5","theirDistance":1524.8496983424636,"gasCost":null,"getVehicleTime":141},{"passengerEnd":"wx4enrq9mm9","passengerId":"0x62119c27e0081b14e6e0c596603d21eaa6d6452b","vehicleId":"0x196424dd2bf7c978228ebd7a17b38b993d650696","vehiclePosition":"wx4enrq9mm9","passengerStart":"wx4enscgue5","theirDistance":1524.8496983424636,"gasCost":null,"getVehicleTime":119},{"passengerEnd":"wx4enrq9mm9","passengerId":"0xd35d112793fe59877302d4064c9ef5a89c0485ba","vehicleId":"0x55577fd620a0b8379846fcb1499e4bdc22538843","vehiclePosition":"wx4enrq9mm9","passengerStart":"wx4enscgue5","theirDistance":1524.8496983424636,"gasCost":null,"getVehicleTime":122},{"passengerEnd":"wx4enrq9mm9","passengerId":"0x3df2c7b1e2c3e8e5e40c6035f6a3a5bb8fdb6b87","vehicleId":"0x456c4df0610c7611ae8bcaed32dd1d94e88ceca4","vehiclePosition":"wx4enrq9mm9","passengerStart":"wx4enscgue5","theirDistance":1524.8496983424636,"gasCost":null,"getVehicleTime":115},{"passengerEnd":"wx4enrq9mm9","passengerId":"0xb658cbd857f52f9705fbecf9b30cf827dd8c81a8","vehicleId":"0x7a68b86008b0cfc3ae0e8068360271cbb999c97d","vehiclePosition":"wx4enrq9mm9","passengerStart":"wx4enscgue5","theirDistance":1524.8496983424636,"gasCost":null,"getVehicleTime":178},{"passengerEnd":"wx4ep8e5gw0","passengerId":"0x086ba65affc894f226e87f8d16f20a35d4f60b4d","vehicleId":"0x00cbd2864b7c93822826f80a7c968a2ada1cbaa7","vehiclePosition":"wx4ep8e5gw0","passengerStart":"wx4epb8scg1","theirDistance":616.3551537306272,"gasCost":null,"getVehicleTime":112},{"passengerEnd":"wx4enrq9mm9","passengerId":"0xfb1c049ecb1884a77e857bcca8ae6443f0143dbf","vehicleId":"0x91153bad44dcc46187c481d8d36a53e58522d0c4","vehiclePosition":"wx4enrq9mm9","passengerStart":"wx4enscgue5","theirDistance":1524.8496983424636,"gasCost":null,"getVehicleTime":106},{"passengerEnd":"wx4ep8e5gw0","passengerId":"0xb2e192f38247113c0a695a4da975771bfd32d68e","vehicleId":"0x05d6ca3c365ab26983bfca03809309a8258e3f62","vehiclePosition":"wx4ep8e5gw0","passengerStart":"wx4epb8scg1","theirDistance":616.3551537306272,"gasCost":null,"getVehicleTime":104},{"passengerEnd":"wx4enrq9mm9","passengerId":"0xabd6b57b7d198796947bc03e4f5bd911813caada","vehicleId":"0x12d0e4381ef94a70a49252e35b9a65fadd3872b9","vehiclePosition":"wx4enrq9mm9","passengerStart":"wx4enscgue5","theirDistance":1524.8496983424636,"gasCost":null,"getVehicleTime":131},{"passengerEnd":"wx4ep8e5gw0","passengerId":"0xa97253e4fe217e80b5f2e995bd54904f63726719","vehicleId":"0x075c06e40ff4067d3f9d765719555f06532bb170","vehiclePosition":"wx4ep8e5gw0","passengerStart":"wx4epb8scg1","theirDistance":616.3551537306272,"gasCost":null,"getVehicleTime":142},{"passengerEnd":"wx4enrq9mm9","passengerId":"0x1bdf42d9a37b5b5c5a3bc09cadfade23d075791a","vehicleId":"0x196424dd2bf7c978228ebd7a17b38b993d650696","vehiclePosition":"wx4enrq9mm9","passengerStart":"wx4enscgue5","theirDistance":1524.8496983424636,"gasCost":null,"getVehicleTime":156},{"passengerEnd":"wx4ep8e5gw0","passengerId":"0xf5493c66a2f85637127510a53b6cd0b067936b51","vehicleId":"0x1c230c5d5ae6b126d0d7fd8e8af3aa09905d2b4b","vehiclePosition":"wx4ep8e5gw0","passengerStart":"wx4epb8scg1","theirDistance":616.3551537306272,"gasCost":null,"getVehicleTime":103},{"passengerEnd":"wx4ep8e5gw0","passengerId":"0x7776ed3449f97157630b06035e11bc7759e4f0db","vehicleId":"0x1cdf2caf87fe659e3d2fb0d2482049d74375eca6","vehiclePosition":"wx4ep8e5gw0","passengerStart":"wx4epb8scg1","theirDistance":616.3551537306272,"gasCost":null,"getVehicleTime":126},{"passengerEnd":"wx4enrq9mm9","passengerId":"0x7906b337632876b8050f55ee5b57228f02972fa3","vehicleId":"0x456c4df0610c7611ae8bcaed32dd1d94e88ceca4","vehiclePosition":"wx4enrq9mm9","passengerStart":"wx4enscgue5","theirDistance":1524.8496983424636,"gasCost":null,"getVehicleTime":148},{"passengerEnd":"wx4enrq9mm9","passengerId":"0x6d1558ef76336d670fb6f2b04ae1f345eab94761","vehicleId":"0x55577fd620a0b8379846fcb1499e4bdc22538843","vehiclePosition":"wx4enrq9mm9","passengerStart":"wx4enscgue5","theirDistance":1524.8496983424636,"gasCost":null,"getVehicleTime":114},{"passengerEnd":"wx4ep8e5gw0","passengerId":"0x495b77d80ccb1d3d1476db06dd522292555b2e23","vehicleId":"0x3d79e4b740913678fcab6e490f4c273f3e7d6a89","vehiclePosition":"wx4ep8e5gw0","passengerStart":"wx4epb8scg1","theirDistance":616.3551537306272,"gasCost":null,"getVehicleTime":119},{"passengerEnd":"wx4ep8e5gw0","passengerId":"0x814d66fc3f60ca8b257b21f1b89faeecd31475af","vehicleId":"0x00cbd2864b7c93822826f80a7c968a2ada1cbaa7","vehiclePosition":"wx4ep8e5gw0","passengerStart":"wx4epb8scg1","theirDistance":616.3551537306272,"gasCost":null,"getVehicleTime":119},{"passengerEnd":"wx4enrq9mm9","passengerId":"0x3b49b8eb1d9d3c28242b97c135379e0e32468fb9","vehicleId":"0x7a68b86008b0cfc3ae0e8068360271cbb999c97d","vehiclePosition":"wx4enrq9mm9","passengerStart":"wx4enscgue5","theirDistance":1524.8496983424636,"gasCost":null,"getVehicleTime":132},{"passengerEnd":"wx4ep8e5gw0","passengerId":"0x17164c34807aa124363d80a604efd4560d8cea0e","vehicleId":"0x05d6ca3c365ab26983bfca03809309a8258e3f62","vehiclePosition":"wx4ep8e5gw0","passengerStart":"wx4epb8scg1","theirDistance":616.3551537306272,"gasCost":null,"getVehicleTime":129},{"passengerEnd":"wx4enrq9mm9","passengerId":"0x0d5f26272be5a3b462c3b7a978c7bf4b0d6aadb1","vehicleId":"0x12d0e4381ef94a70a49252e35b9a65fadd3872b9","vehiclePosition":"wx4enrq9mm9","passengerStart":"wx4enscgue5","theirDistance":1524.8496983424636,"gasCost":null,"getVehicleTime":109},{"passengerEnd":"wx4ep8e5gw0","passengerId":"0x08346710bfb71d0fea0b4a9a3d31107df5fe287a","vehicleId":"0x075c06e40ff4067d3f9d765719555f06532bb170","vehiclePosition":"wx4ep8e5gw0","passengerStart":"wx4epb8scg1","theirDistance":616.3551537306272,"gasCost":null,"getVehicleTime":102},{"passengerEnd":"wx4ep8e5gw0","passengerId":"0x073ad6ab89e9097b5405da6d46e1b0db47ec632e","vehicleId":"0x1c230c5d5ae6b126d0d7fd8e8af3aa09905d2b4b","vehiclePosition":"wx4ep8e5gw0","passengerStart":"wx4epb8scg1","theirDistance":616.3551537306272,"gasCost":null,"getVehicleTime":116},{"passengerEnd":"wx4eqt6u0vu","passengerId":"0x3daa27591a675fceb7fe25f39a2aa575730a6a1a","vehicleId":"0x20e74d6701f55d1c9b937f28499fbed7b8559c0f","vehiclePosition":"wx4eqt6u0vu","passengerStart":"wx4eq7rgmxk","theirDistance":1276.2042342405557,"gasCost":null,"getVehicleTime":121},{"passengerEnd":"wx4ep8e5gw0","passengerId":"0xce2897c392e16c5762131a56686733e035a4aa30","vehicleId":"0x1cdf2caf87fe659e3d2fb0d2482049d74375eca6","vehiclePosition":"wx4ep8e5gw0","passengerStart":"wx4epb8scg1","theirDistance":616.3551537306272,"gasCost":null,"getVehicleTime":125},{"passengerEnd":"wx4enrq9mm9","passengerId":"0x926f155822d00a9191fe71ec570bcd1f0eb0c300","vehicleId":"0x196424dd2bf7c978228ebd7a17b38b993d650696","vehiclePosition":"wx4enrq9mm9","passengerStart":"wx4enscgue5","theirDistance":1524.8496983424636,"gasCost":null,"getVehicleTime":113},{"passengerEnd":"wx4eqt6u0vu","passengerId":"0x16941e3fe553ea1fec94de08aa5d0522b2fd5df1","vehicleId":"0x327c19b8686de592ab2e6c182f1b00c3c9f80026","vehiclePosition":"wx4eqt6u0vu","passengerStart":"wx4eq7rgmxk","theirDistance":1276.2042342405557,"gasCost":null,"getVehicleTime":123},{"passengerEnd":"wx4enrq9mm9","passengerId":"0xc265c858c1186113b2d830e6f46f6d95142e9750","vehicleId":"0x456c4df0610c7611ae8bcaed32dd1d94e88ceca4","vehiclePosition":"wx4enrq9mm9","passengerStart":"wx4enscgue5","theirDistance":1524.8496983424636,"gasCost":null,"getVehicleTime":162},{"passengerEnd":"wx4ep8e5gw0","passengerId":"0x7b11919cd9db9a817c8f9d2e9477f410273a3ceb","vehicleId":"0x00cbd2864b7c93822826f80a7c968a2ada1cbaa7","vehiclePosition":"wx4ep8e5gw0","passengerStart":"wx4epb8scg1","theirDistance":616.3551537306272,"gasCost":null,"getVehicleTime":101},{"passengerEnd":"wx4eqt6u0vu","passengerId":"0x7aedbd17c7198de1a60bbf73e77840baeab2315a","vehicleId":"0x377d27404b760a49b3d3254e5781869d6a8aaea2","vehiclePosition":"wx4eqt6u0vu","passengerStart":"wx4eq7rgmxk","theirDistance":1276.2042342405557,"gasCost":null,"getVehicleTime":120},{"passengerEnd":"wx4ep8e5gw0","passengerId":"0xa95e44270fc15576da490955d8e6698e2a95f610","vehicleId":"0x05d6ca3c365ab26983bfca03809309a8258e3f62","vehiclePosition":"wx4ep8e5gw0","passengerStart":"wx4epb8scg1","theirDistance":616.3551537306272,"gasCost":null,"getVehicleTime":104},{"passengerEnd":"wx4eqt6u0vu","passengerId":"0xd1dea501c85b53e90c881515eccd4280db615287","vehicleId":"0x390c7d4dd2ebf9ed632175776adf09d19ed3da4c","vehiclePosition":"wx4eqt6u0vu","passengerStart":"wx4eq7rgmxk","theirDistance":1276.2042342405557,"gasCost":null,"getVehicleTime":131},{"passengerEnd":"wx4eqt6u0vu","passengerId":"0x0dca32fa900933ab3e9fe1f4527ec95d07bf772b","vehicleId":"0x43349b16295abd084a1dbae5f04383de7b7db5d5","vehiclePosition":"wx4eqt6u0vu","passengerStart":"wx4eq7rgmxk","theirDistance":1276.2042342405557,"gasCost":null,"getVehicleTime":129},{"passengerEnd":"wx4enrq9mm9","passengerId":"0x5895ef03d8c36b9a53b4f961cd1345ed0bd79fa3","vehicleId":"0x12d0e4381ef94a70a49252e35b9a65fadd3872b9","vehiclePosition":"wx4enrq9mm9","passengerStart":"wx4enscgue5","theirDistance":1524.8496983424636,"gasCost":null,"getVehicleTime":126},{"passengerEnd":"wx4eqt6u0vu","passengerId":"0x499c7e13c1303502e55fe72b120312c0e0131884","vehicleId":"0x4ef62208d75cb0803742cec9a4b087e2b536e2e8","vehiclePosition":"wx4eqt6u0vu","passengerStart":"wx4eq7rgmxk","theirDistance":1276.2042342405557,"gasCost":null,"getVehicleTime":118},{"passengerEnd":"wx4ep8e5gw0","passengerId":"0x9edfe6721d18361bf2b6d83b5cc22c0bf4db6314","vehicleId":"0x075c06e40ff4067d3f9d765719555f06532bb170","vehiclePosition":"wx4ep8e5gw0","passengerStart":"wx4epb8scg1","theirDistance":616.3551537306272,"gasCost":null,"getVehicleTime":89},{"passengerEnd":"wx4enrq9mm9","passengerId":"0xd402c7301a68c4c65529ab0c597bb8b13e27f607","vehicleId":"0x55577fd620a0b8379846fcb1499e4bdc22538843","vehiclePosition":"wx4enrq9mm9","passengerStart":"wx4enscgue5","theirDistance":1524.8496983424636,"gasCost":null,"getVehicleTime":117},{"passengerEnd":"wx4ep8e5gw0","passengerId":"0x2702ee5633daab4d277f5660f1c29d3e5454f7b3","vehicleId":"0x1c230c5d5ae6b126d0d7fd8e8af3aa09905d2b4b","vehiclePosition":"wx4ep8e5gw0","passengerStart":"wx4epb8scg1","theirDistance":616.3551537306272,"gasCost":null,"getVehicleTime":126},{"passengerEnd":"wx4eqt6u0vu","passengerId":"0x08f7cc636acfed10206a64c661dcb6f00606c26c","vehicleId":"0x20e74d6701f55d1c9b937f28499fbed7b8559c0f","vehiclePosition":"wx4eqt6u0vu","passengerStart":"wx4eq7rgmxk","theirDistance":1276.2042342405557,"gasCost":null,"getVehicleTime":132},{"passengerEnd":"wx4eqt6u0vu","passengerId":"0x397e94a4cd9fad4c4a472d6a92122d6ed9ec71d6","vehicleId":"0x327c19b8686de592ab2e6c182f1b00c3c9f80026","vehiclePosition":"wx4eqt6u0vu","passengerStart":"wx4eq7rgmxk","theirDistance":1276.2042342405557,"gasCost":null,"getVehicleTime":148},{"passengerEnd":"wx4ep8e5gw0","passengerId":"0x28a3f726b61a49da7ae14fd456b80e44e4974d1d","vehicleId":"0x1cdf2caf87fe659e3d2fb0d2482049d74375eca6","vehiclePosition":"wx4ep8e5gw0","passengerStart":"wx4epb8scg1","theirDistance":616.3551537306272,"gasCost":null,"getVehicleTime":114},{"passengerEnd":"wx4ep8e5gw0","passengerId":"0xea9453d9095bf11acba9728c471703e9af4c31af","vehicleId":"0x00cbd2864b7c93822826f80a7c968a2ada1cbaa7","vehiclePosition":"wx4ep8e5gw0","passengerStart":"wx4epb8scg1","theirDistance":616.3551537306272,"gasCost":null,"getVehicleTime":97},{"passengerEnd":"wx4eqt6u0vu","passengerId":"0x989bd3f4b8def49a869eee53fc2f8c31559dad10","vehicleId":"0x377d27404b760a49b3d3254e5781869d6a8aaea2","vehiclePosition":"wx4eqt6u0vu","passengerStart":"wx4eq7rgmxk","theirDistance":1276.2042342405557,"gasCost":null,"getVehicleTime":105},{"passengerEnd":"wx4eqt6u0vu","passengerId":"0xdd5e69139ec63cef0c137048bb0a6c7760721937","vehicleId":"0x390c7d4dd2ebf9ed632175776adf09d19ed3da4c","vehiclePosition":"wx4eqt6u0vu","passengerStart":"wx4eq7rgmxk","theirDistance":1276.2042342405557,"gasCost":null,"getVehicleTime":126},{"passengerEnd":"wx4enrq9mm9","passengerId":"0x7a5b8a958a74e39ade01f412951fb319ee4fe6d9","vehicleId":"0x196424dd2bf7c978228ebd7a17b38b993d650696","vehiclePosition":"wx4enrq9mm9","passengerStart":"wx4enscgue5","theirDistance":1524.8496983424636,"gasCost":null,"getVehicleTime":110},{"passengerEnd":"wx4ep8e5gw0","passengerId":"0x441d24425b99411edd0ecf95501cb0db988e2f13","vehicleId":"0x05d6ca3c365ab26983bfca03809309a8258e3f62","vehiclePosition":"wx4ep8e5gw0","passengerStart":"wx4epb8scg1","theirDistance":616.3551537306272,"gasCost":null,"getVehicleTime":96},{"passengerEnd":"wx4eqt6u0vu","passengerId":"0x747d046d0c8a5d1bb1764517dd1984d0732c96bc","vehicleId":"0x43349b16295abd084a1dbae5f04383de7b7db5d5","vehiclePosition":"wx4eqt6u0vu","passengerStart":"wx4eq7rgmxk","theirDistance":1276.2042342405557,"gasCost":null,"getVehicleTime":166},{"passengerEnd":"wx4enrq9mm9","passengerId":"0xbf5868b482ace24aa4f339ceb26e32230fc7d3aa","vehicleId":"0x12d0e4381ef94a70a49252e35b9a65fadd3872b9","vehiclePosition":"wx4enrq9mm9","passengerStart":"wx4enscgue5","theirDistance":1524.8496983424636,"gasCost":null,"getVehicleTime":110},{"passengerEnd":"wx4eqt6u0vu","passengerId":"0x06a1ee74591def94efcdbd9a13c1b7df2350d160","vehicleId":"0x4ef62208d75cb0803742cec9a4b087e2b536e2e8","vehiclePosition":"wx4eqt6u0vu","passengerStart":"wx4eq7rgmxk","theirDistance":1276.2042342405557,"gasCost":null,"getVehicleTime":113},{"passengerEnd":"wx4eqt6u0vu","passengerId":"0x156a54e7c951fa985e77e8bc827fdfed8905b4c1","vehicleId":"0x20e74d6701f55d1c9b937f28499fbed7b8559c0f","vehiclePosition":"wx4eqt6u0vu","passengerStart":"wx4eq7rgmxk","theirDistance":1276.2042342405557,"gasCost":null,"getVehicleTime":125},{"passengerEnd":"wx4enrq9mm9","passengerId":"0xbd2f3e025a8f0b0d8bb9f64ef60980ebb27e8d5d","vehicleId":"0x456c4df0610c7611ae8bcaed32dd1d94e88ceca4","vehiclePosition":"wx4enrq9mm9","passengerStart":"wx4enscgue5","theirDistance":1524.8496983424636,"gasCost":null,"getVehicleTime":110},{"passengerEnd":"wx4ep8e5gw0","passengerId":"0xcd924d3e8e043bb9579a4033ab08f8c1404840f0","vehicleId":"0x075c06e40ff4067d3f9d765719555f06532bb170","vehiclePosition":"wx4ep8e5gw0","passengerStart":"wx4epb8scg1","theirDistance":616.3551537306272,"gasCost":null,"getVehicleTime":157},{"passengerEnd":"wx4eqt6u0vu","passengerId":"0x9d854e759b2cce86dd08080d3ac043b4c79d2d9a","vehicleId":"0x327c19b8686de592ab2e6c182f1b00c3c9f80026","vehiclePosition":"wx4eqt6u0vu","passengerStart":"wx4eq7rgmxk","theirDistance":1276.2042342405557,"gasCost":null,"getVehicleTime":101},{"passengerEnd":"wx4erw9rmze","passengerId":"0x91b40a93fc528a5c5291c3acaa1de939af17548f","vehicleId":"0x132f6c4c40f72942599c46aa16653e0405168a07","vehiclePosition":"wx4erw9rmze","passengerStart":"wx4erd4xkyz","theirDistance":2752.7064820489586,"gasCost":null,"getVehicleTime":155},{"passengerEnd":"wx4erw9rmze","passengerId":"0xe833f3be862ddfc8c1ac8f6ba52c593e2cdf8198","vehicleId":"0x1588548bb0da1db5ee57a6c4c2030a4303c3ed49","vehiclePosition":"wx4erw9rmze","passengerStart":"wx4erd4xkyz","theirDistance":2752.7064820489586,"gasCost":null,"getVehicleTime":134},{"passengerEnd":"wx4enrq9mm9","passengerId":"0x5227daf8db7c57d268979df21ba9ee9c93d26712","vehicleId":"0x55577fd620a0b8379846fcb1499e4bdc22538843","vehiclePosition":"wx4enrq9mm9","passengerStart":"wx4enscgue5","theirDistance":1524.8496983424636,"gasCost":null,"getVehicleTime":116},{"passengerEnd":"wx4ep8e5gw0","passengerId":"0xa330923b96f26c88a2681112bfe26d4d9186131a","vehicleId":"0x00cbd2864b7c93822826f80a7c968a2ada1cbaa7","vehiclePosition":"wx4ep8e5gw0","passengerStart":"wx4epb8scg1","theirDistance":616.3551537306272,"gasCost":null,"getVehicleTime":125},{"passengerEnd":"wx4eqt6u0vu","passengerId":"0x49c7f84ca89d2ffb5dc35eba1d88b731fe1c53df","vehicleId":"0x377d27404b760a49b3d3254e5781869d6a8aaea2","vehiclePosition":"wx4eqt6u0vu","passengerStart":"wx4eq7rgmxk","theirDistance":1276.2042342405557,"gasCost":null,"getVehicleTime":117},{"passengerEnd":"wx4eqt6u0vu","passengerId":"0xd6c18c15ee56beeaf9a94322f0fcc958b611a323","vehicleId":"0x390c7d4dd2ebf9ed632175776adf09d19ed3da4c","vehiclePosition":"wx4eqt6u0vu","passengerStart":"wx4eq7rgmxk","theirDistance":1276.2042342405557,"gasCost":null,"getVehicleTime":113},{"passengerEnd":"wx4erw9rmze","passengerId":"0x172f1a41f8e4656571ce152786635b6a3aab4c3c","vehicleId":"0x15efe26bbeb031ac0f0cca28376e3ed946fe7aae","vehiclePosition":"wx4erw9rmze","passengerStart":"wx4erd4xkyz","theirDistance":2752.7064820489586,"gasCost":null,"getVehicleTime":155},{"passengerEnd":"wx4enrq9mm9","passengerId":"0x4093777e3bf0a104ef5576011a965c58a206b69b","vehicleId":"0x196424dd2bf7c978228ebd7a17b38b993d650696","vehiclePosition":"wx4enrq9mm9","passengerStart":"wx4enscgue5","theirDistance":1524.8496983424636,"gasCost":null,"getVehicleTime":117},{"passengerEnd":"wx4erw9rmze","passengerId":"0xef03c9f4d5f4b29626dd625852810a353dddfeb3","vehicleId":"0x1b15d8085fbf79d34751861f333fefeee25a5cd7","vehiclePosition":"wx4erw9rmze","passengerStart":"wx4erd4xkyz","theirDistance":2752.7064820489586,"gasCost":null,"getVehicleTime":166},{"passengerEnd":"wx4ep8e5gw0","passengerId":"0x2888bd343cbbc9cb5469c7a3c52d51dff4350d97","vehicleId":"0x05d6ca3c365ab26983bfca03809309a8258e3f62","vehiclePosition":"wx4ep8e5gw0","passengerStart":"wx4epb8scg1","theirDistance":616.3551537306272,"gasCost":null,"getVehicleTime":121},{"passengerEnd":"wx4eqt6u0vu","passengerId":"0x16b22e2402a183dcaf5b1fb73f64689b7700a2a0","vehicleId":"0x43349b16295abd084a1dbae5f04383de7b7db5d5","vehiclePosition":"wx4eqt6u0vu","passengerStart":"wx4eq7rgmxk","theirDistance":1276.2042342405557,"gasCost":null,"getVehicleTime":131},{"passengerEnd":"wx4erw9rmze","passengerId":"0xa7c6f824d33b3f4f6084687971649bcfff20ac72","vehicleId":"0x1bfa47b71d0c99399ef664cc69ca8244ef6ecee3","vehiclePosition":"wx4erw9rmze","passengerStart":"wx4erd4xkyz","theirDistance":2752.7064820489586,"gasCost":null,"getVehicleTime":144},{"passengerEnd":"wx4erw9rmze","passengerId":"0xac9538cfc801744aad1662af15ac6c25d877cf5b","vehicleId":"0x25d791be668aa0577373409958e917770b17aefc","vehiclePosition":"wx4erw9rmze","passengerStart":"wx4erd4xkyz","theirDistance":2752.7064820489586,"gasCost":null,"getVehicleTime":128},{"passengerEnd":"wx4enrq9mm9","passengerId":"0x42389309e69a2b32b98f04bc8255ad971797f757","vehicleId":"0x12d0e4381ef94a70a49252e35b9a65fadd3872b9","vehiclePosition":"wx4enrq9mm9","passengerStart":"wx4enscgue5","theirDistance":1524.8496983424636,"gasCost":null,"getVehicleTime":115},{"passengerEnd":"wx4erw9rmze","passengerId":"0x43a056d660a0c033adcf7aa2c9ee984c2f4fd1e7","vehicleId":"0x132f6c4c40f72942599c46aa16653e0405168a07","vehiclePosition":"wx4erw9rmze","passengerStart":"wx4erd4xkyz","theirDistance":2752.7064820489586,"gasCost":null,"getVehicleTime":114},{"passengerEnd":"wx4eqt6u0vu","passengerId":"0x524ced5b4382264574313760c481d131e49cea06","vehicleId":"0x20e74d6701f55d1c9b937f28499fbed7b8559c0f","vehiclePosition":"wx4eqt6u0vu","passengerStart":"wx4eq7rgmxk","theirDistance":1276.2042342405557,"gasCost":null,"getVehicleTime":106},{"passengerEnd":"wx4erw9rmze","passengerId":"0x62b4b91e944da60b258acf5a8777a3d61da1e831","vehicleId":"0x1588548bb0da1db5ee57a6c4c2030a4303c3ed49","vehiclePosition":"wx4erw9rmze","passengerStart":"wx4erd4xkyz","theirDistance":2752.7064820489586,"gasCost":null,"getVehicleTime":103},{"passengerEnd":"wx4ep8e5gw0","passengerId":"0xe3cfc7fd117fa5762bfb5390acbdf48557a18ac2","vehicleId":"0x00cbd2864b7c93822826f80a7c968a2ada1cbaa7","vehiclePosition":"wx4ep8e5gw0","passengerStart":"wx4epb8scg1","theirDistance":616.3551537306272,"gasCost":null,"getVehicleTime":108},{"passengerEnd":"wx4eqt6u0vu","passengerId":"0x99f859fba99facf38c0f6263b9794f672147f4aa","vehicleId":"0x327c19b8686de592ab2e6c182f1b00c3c9f80026","vehiclePosition":"wx4eqt6u0vu","passengerStart":"wx4eq7rgmxk","theirDistance":1276.2042342405557,"gasCost":null,"getVehicleTime":110},{"passengerEnd":"wx4erw9rmze","passengerId":"0x20a87ebe8156e5286084ce99165c02672cb0cb36","vehicleId":"0x15efe26bbeb031ac0f0cca28376e3ed946fe7aae","vehiclePosition":"wx4erw9rmze","passengerStart":"wx4erd4xkyz","theirDistance":2752.7064820489586,"gasCost":null,"getVehicleTime":116},{"passengerEnd":"wx4eqt6u0vu","passengerId":"0x7cefd545055114e6b058ed0d110d4ac012a99cd7","vehicleId":"0x377d27404b760a49b3d3254e5781869d6a8aaea2","vehiclePosition":"wx4eqt6u0vu","passengerStart":"wx4eq7rgmxk","theirDistance":1276.2042342405557,"gasCost":null,"getVehicleTime":105},{"passengerEnd":"wx4erw9rmze","passengerId":"0xffbf1271569eea0a9366bacfba3957f7bfddf272","vehicleId":"0x1b15d8085fbf79d34751861f333fefeee25a5cd7","vehiclePosition":"wx4erw9rmze","passengerStart":"wx4erd4xkyz","theirDistance":2752.7064820489586,"gasCost":null,"getVehicleTime":114},{"passengerEnd":"wx4erw9rmze","passengerId":"0x5482002756a0678a1049988a3effb6ee9f26e6e7","vehicleId":"0x1bfa47b71d0c99399ef664cc69ca8244ef6ecee3","vehiclePosition":"wx4erw9rmze","passengerStart":"wx4erd4xkyz","theirDistance":2752.7064820489586,"gasCost":null,"getVehicleTime":138},{"passengerEnd":"wx4ep8e5gw0","passengerId":"0xeef75753e18f97f0ee8a61119d84cdba23d22a7f","vehicleId":"0x05d6ca3c365ab26983bfca03809309a8258e3f62","vehiclePosition":"wx4ep8e5gw0","passengerStart":"wx4epb8scg1","theirDistance":616.3551537306272,"gasCost":null,"getVehicleTime":117},{"passengerEnd":"wx4eqt6u0vu","passengerId":"0xee6e220d86366845afbdb1213c122c8a7424a03e","vehicleId":"0x390c7d4dd2ebf9ed632175776adf09d19ed3da4c","vehiclePosition":"wx4eqt6u0vu","passengerStart":"wx4eq7rgmxk","theirDistance":1276.2042342405557,"gasCost":null,"getVehicleTime":141},{"passengerEnd":"wx4erw9rmze","passengerId":"0x0d38502b24c64bfc5b635720bf299384cc2594de","vehicleId":"0x25d791be668aa0577373409958e917770b17aefc","vehiclePosition":"wx4erw9rmze","passengerStart":"wx4erd4xkyz","theirDistance":2752.7064820489586,"gasCost":null,"getVehicleTime":118},{"passengerEnd":"wx4erw9rmze","passengerId":"0xbd2e487a16c3f7f18667b2901a2a2e336dca88c8","vehicleId":"0x132f6c4c40f72942599c46aa16653e0405168a07","vehiclePosition":"wx4erw9rmze","passengerStart":"wx4erd4xkyz","theirDistance":2752.7064820489586,"gasCost":null,"getVehicleTime":103},{"passengerEnd":"wx4eqt6u0vu","passengerId":"0xe5c2e3eaf8883a9d5ed7089e0484cfa6b027d816","vehicleId":"0x43349b16295abd084a1dbae5f04383de7b7db5d5","vehiclePosition":"wx4eqt6u0vu","passengerStart":"wx4eq7rgmxk","theirDistance":1276.2042342405557,"gasCost":null,"getVehicleTime":108},{"passengerEnd":"wx4eqt6u0vu","passengerId":"0xb560b30b372dae7df40f67cd542730f5de15cefa","vehicleId":"0x20e74d6701f55d1c9b937f28499fbed7b8559c0f","vehiclePosition":"wx4eqt6u0vu","passengerStart":"wx4eq7rgmxk","theirDistance":1276.2042342405557,"gasCost":null,"getVehicleTime":163},{"passengerEnd":"wx4enrq9mm9","passengerId":"0xd2ed0cb17fd847c8aa8bc8e9ed3870481ede088b","vehicleId":"0x12d0e4381ef94a70a49252e35b9a65fadd3872b9","vehiclePosition":"wx4enrq9mm9","passengerStart":"wx4enscgue5","theirDistance":1524.8496983424636,"gasCost":null,"getVehicleTime":145},{"passengerEnd":"wx4erw9rmze","passengerId":"0x98c53b4ec1bc96a396f41175cf2ca571367820a7","vehicleId":"0x1588548bb0da1db5ee57a6c4c2030a4303c3ed49","vehiclePosition":"wx4erw9rmze","passengerStart":"wx4erd4xkyz","theirDistance":2752.7064820489586,"gasCost":null,"getVehicleTime":126},{"passengerEnd":"wx4erw9rmze","passengerId":"0x8f65ffd51b4cf5ecdccf6e6d08d7b0893ed2e24a","vehicleId":"0x15efe26bbeb031ac0f0cca28376e3ed946fe7aae","vehiclePosition":"wx4erw9rmze","passengerStart":"wx4erd4xkyz","theirDistance":2752.7064820489586,"gasCost":null,"getVehicleTime":113},{"passengerEnd":"wx4eqt6u0vu","passengerId":"0x092f0e6aeaaad8f6308c54ad7c97a7120d8ef8b5","vehicleId":"0x327c19b8686de592ab2e6c182f1b00c3c9f80026","vehiclePosition":"wx4eqt6u0vu","passengerStart":"wx4eq7rgmxk","theirDistance":1276.2042342405557,"gasCost":null,"getVehicleTime":137},{"passengerEnd":"wx4ep8e5gw0","passengerId":"0xb08c2456169491982bb3ab852eae8ee3300b9261","vehicleId":"0x00cbd2864b7c93822826f80a7c968a2ada1cbaa7","vehiclePosition":"wx4ep8e5gw0","passengerStart":"wx4epb8scg1","theirDistance":616.3551537306272,"gasCost":null,"getVehicleTime":102},{"passengerEnd":"wx4erw9rmze","passengerId":"0x395d706a2f6eb62fff9dbb61c42a941e4ebcb112","vehicleId":"0x1b15d8085fbf79d34751861f333fefeee25a5cd7","vehiclePosition":"wx4erw9rmze","passengerStart":"wx4erd4xkyz","theirDistance":2752.7064820489586,"gasCost":null,"getVehicleTime":108},{"passengerEnd":"wx4erw9rmze","passengerId":"0xd1e67dabefd2990196836433a22ea1bb148ffde1","vehicleId":"0x132f6c4c40f72942599c46aa16653e0405168a07","vehiclePosition":"wx4erw9rmze","passengerStart":"wx4erd4xkyz","theirDistance":2752.7064820489586,"gasCost":null,"getVehicleTime":154},{"passengerEnd":"wx4eqt6u0vu","passengerId":"0xddfc8e76b2bd61e9359ea5a2ed639d73e74ded71","vehicleId":"0x20e74d6701f55d1c9b937f28499fbed7b8559c0f","vehiclePosition":"wx4eqt6u0vu","passengerStart":"wx4eq7rgmxk","theirDistance":1276.2042342405557,"gasCost":null,"getVehicleTime":106},{"passengerEnd":"wx4erw9rmze","passengerId":"0xe86ca8f3a25a90ecf1d02f2ee818ddf8d8ca6a8a","vehicleId":"0x1588548bb0da1db5ee57a6c4c2030a4303c3ed49","vehiclePosition":"wx4erw9rmze","passengerStart":"wx4erd4xkyz","theirDistance":2752.7064820489586,"gasCost":null,"getVehicleTime":109},{"passengerEnd":"wx4erw9rmze","passengerId":"0x25eca363b1883510982b1343d92762accde5347b","vehicleId":"0x15efe26bbeb031ac0f0cca28376e3ed946fe7aae","vehiclePosition":"wx4erw9rmze","passengerStart":"wx4erd4xkyz","theirDistance":2752.7064820489586,"gasCost":null,"getVehicleTime":135},{"passengerEnd":"wx4ep8e5gw0","passengerId":"0xd30d093abb9d34fb14917d07121ed6a61cb1f99e","vehicleId":"0x00cbd2864b7c93822826f80a7c968a2ada1cbaa7","vehiclePosition":"wx4ep8e5gw0","passengerStart":"wx4epb8scg1","theirDistance":616.3551537306272,"gasCost":null,"getVehicleTime":115},{"passengerEnd":"wx4eqt6u0vu","passengerId":"0x27ff8a06ca69b16c194a5132a1925d358c89ff39","vehicleId":"0x327c19b8686de592ab2e6c182f1b00c3c9f80026","vehiclePosition":"wx4eqt6u0vu","passengerStart":"wx4eq7rgmxk","theirDistance":1276.2042342405557,"gasCost":null,"getVehicleTime":136},{"passengerEnd":"wx4erw9rmze","passengerId":"0xd3f0a049b88a3b2c2d3640693c9ef45a4ba0ced5","vehicleId":"0x132f6c4c40f72942599c46aa16653e0405168a07","vehiclePosition":"wx4erw9rmze","passengerStart":"wx4erd4xkyz","theirDistance":2752.7064820489586,"gasCost":null,"getVehicleTime":107},{"passengerEnd":"wx4enrq9mm9","passengerId":"0x03875bcc0db199992266825e2c1cf0f5bfc200d2","vehicleId":"0x12d0e4381ef94a70a49252e35b9a65fadd3872b9","vehiclePosition":"wx4enrq9mm9","passengerStart":"wx4enscgue5","theirDistance":1524.8496983424636,"gasCost":null,"getVehicleTime":124},{"passengerEnd":"wx4eqt6u0vu","passengerId":"0x170d67b04d990cfa4326549efeafb86f4b95b9dc","vehicleId":"0x20e74d6701f55d1c9b937f28499fbed7b8559c0f","vehiclePosition":"wx4eqt6u0vu","passengerStart":"wx4eq7rgmxk","theirDistance":1276.2042342405557,"gasCost":null,"getVehicleTime":107},{"passengerEnd":"wx4ep8e5gw0","passengerId":"0x3007e2b9de5a7a57c84cd64609441bef2d29a9d0","vehicleId":"0x00cbd2864b7c93822826f80a7c968a2ada1cbaa7","vehiclePosition":"wx4ep8e5gw0","passengerStart":"wx4epb8scg1","theirDistance":616.3551537306272,"gasCost":null,"getVehicleTime":94},{"passengerEnd":"wx4erw9rmze","passengerId":"0x95222fdd3b6bf2c9156e2760369f046b1c61b965","vehicleId":"0x1588548bb0da1db5ee57a6c4c2030a4303c3ed49","vehiclePosition":"wx4erw9rmze","passengerStart":"wx4erd4xkyz","theirDistance":2752.7064820489586,"gasCost":null,"getVehicleTime":136},{"passengerEnd":"wx4ep8e5gw0","passengerId":"0x7a594ef9f871e4ef17c8d659aa58b3b09e090cf3","vehicleId":"0x05d6ca3c365ab26983bfca03809309a8258e3f62","vehiclePosition":"wx4ep8e5gw0","passengerStart":"wx4epb8scg1","theirDistance":616.3551537306272,"gasCost":null,"getVehicleTime":94},{"passengerEnd":"wx4eqt6u0vu","passengerId":"0x98f3af9a9d129dd78041b588c36cff0afefddc05","vehicleId":"0x327c19b8686de592ab2e6c182f1b00c3c9f80026","vehiclePosition":"wx4eqt6u0vu","passengerStart":"wx4eq7rgmxk","theirDistance":1276.2042342405557,"gasCost":null,"getVehicleTime":106},{"passengerEnd":"wx4erw9rmze","passengerId":"0x9c82fd514b0283c75b2439979d863b0459bceb53","vehicleId":"0x132f6c4c40f72942599c46aa16653e0405168a07","vehiclePosition":"wx4erw9rmze","passengerStart":"wx4erd4xkyz","theirDistance":2752.7064820489586,"gasCost":null,"getVehicleTime":122},{"passengerEnd":"wx4eqt6u0vu","passengerId":"0x0de4d33bb26cb0107ac34844054f6f975c587554","vehicleId":"0x20e74d6701f55d1c9b937f28499fbed7b8559c0f","vehiclePosition":"wx4eqt6u0vu","passengerStart":"wx4eq7rgmxk","theirDistance":1276.2042342405557,"gasCost":null,"getVehicleTime":151},{"passengerEnd":"wx4erw9rmze","passengerId":"0xa3c55eb2e949ad3ec6844e8f3ac90af0a25c2776","vehicleId":"0x1588548bb0da1db5ee57a6c4c2030a4303c3ed49","vehiclePosition":"wx4erw9rmze","passengerStart":"wx4erd4xkyz","theirDistance":2752.7064820489586,"gasCost":null,"getVehicleTime":108},{"passengerEnd":"wx4ep8e5gw0","passengerId":"0x3c28dc70332560ed17d1002704780df9df497abb","vehicleId":"0x00cbd2864b7c93822826f80a7c968a2ada1cbaa7","vehiclePosition":"wx4ep8e5gw0","passengerStart":"wx4epb8scg1","theirDistance":616.3551537306272,"gasCost":null,"getVehicleTime":153},{"passengerEnd":"wx4erw9rmze","passengerId":"0x6373f671766369c7d6fd8b4bafab42808c547ac8","vehicleId":"0x132f6c4c40f72942599c46aa16653e0405168a07","vehiclePosition":"wx4erw9rmze","passengerStart":"wx4erd4xkyz","theirDistance":2752.7064820489586,"gasCost":null,"getVehicleTime":129},{"passengerEnd":"wx4enrq9mm9","passengerId":"0xf0ce9fe96ac15405e4fd51a62cbdbdaef2d36372","vehicleId":"0x12d0e4381ef94a70a49252e35b9a65fadd3872b9","vehiclePosition":"wx4enrq9mm9","passengerStart":"wx4enscgue5","theirDistance":1524.8496983424636,"gasCost":null,"getVehicleTime":112},{"passengerEnd":"wx4erw9rmze","passengerId":"0xcc34b6ee3e8e077796ce9aadf496d581c1c1172a","vehicleId":"0x1588548bb0da1db5ee57a6c4c2030a4303c3ed49","vehiclePosition":"wx4erw9rmze","passengerStart":"wx4erd4xkyz","theirDistance":2752.7064820489586,"gasCost":null,"getVehicleTime":137},{"passengerEnd":"wx4erw9rmze","passengerId":"0x23618f01f25261d31c3adec02c22b1ee7407e318","vehicleId":"0x132f6c4c40f72942599c46aa16653e0405168a07","vehiclePosition":"wx4erw9rmze","passengerStart":"wx4erd4xkyz","theirDistance":2752.7064820489586,"gasCost":null,"getVehicleTime":99},{"passengerEnd":"wx4eqt6u0vu","passengerId":"0xc64efbfcb752a3822f6b8d7c96b0502e81ce2882","vehicleId":"0x20e74d6701f55d1c9b937f28499fbed7b8559c0f","vehiclePosition":"wx4eqt6u0vu","passengerStart":"wx4eq7rgmxk","theirDistance":1276.2042342405557,"gasCost":null,"getVehicleTime":109},{"passengerEnd":"wx4ep8e5gw0","passengerId":"0x0c05c7ae6e3a58c23e5d27fc1d121ed1aec0f738","vehicleId":"0x00cbd2864b7c93822826f80a7c968a2ada1cbaa7","vehiclePosition":"wx4ep8e5gw0","passengerStart":"wx4epb8scg1","theirDistance":616.3551537306272,"gasCost":null,"getVehicleTime":128},{"passengerEnd":"wx4erw9rmze","passengerId":"0x6a830145ff4b35a0ecd3cafd0db84ea451361810","vehicleId":"0x132f6c4c40f72942599c46aa16653e0405168a07","vehiclePosition":"wx4erw9rmze","passengerStart":"wx4erd4xkyz","theirDistance":2752.7064820489586,"gasCost":null,"getVehicleTime":118},{"passengerEnd":"wx4erw9rmze","passengerId":"0x32a71253fcbb62f00ceea65c0c680a9a3e80b7d1","vehicleId":"0x1588548bb0da1db5ee57a6c4c2030a4303c3ed49","vehiclePosition":"wx4erw9rmze","passengerStart":"wx4erd4xkyz","theirDistance":2752.7064820489586,"gasCost":null,"getVehicleTime":118},{"passengerEnd":"wx4enrq9mm9","passengerId":"0x3449a20e1b4700ffd4dd49f0fc14bcac44fee63c","vehicleId":"0x12d0e4381ef94a70a49252e35b9a65fadd3872b9","vehiclePosition":"wx4enrq9mm9","passengerStart":"wx4enscgue5","theirDistance":1524.8496983424636,"gasCost":null,"getVehicleTime":105},{"passengerEnd":"wx4eqt6u0vu","passengerId":"0x07f4d74e86c2501a96b032f05daf6d9603f1a596","vehicleId":"0x20e74d6701f55d1c9b937f28499fbed7b8559c0f","vehiclePosition":"wx4eqt6u0vu","passengerStart":"wx4eq7rgmxk","theirDistance":1276.2042342405557,"gasCost":null,"getVehicleTime":109},{"passengerEnd":"wx4ep8e5gw0","passengerId":"0x2a52bc09f527f500c7fc62c63f681d24dad62a77","vehicleId":"0x00cbd2864b7c93822826f80a7c968a2ada1cbaa7","vehiclePosition":"wx4ep8e5gw0","passengerStart":"wx4epb8scg1","theirDistance":616.3551537306272,"gasCost":null,"getVehicleTime":95},{"passengerEnd":"wx4erw9rmze","passengerId":"0x703a4bbfcd232c7cd0ce47d7060c387ef9a2436b","vehicleId":"0x132f6c4c40f72942599c46aa16653e0405168a07","vehiclePosition":"wx4erw9rmze","passengerStart":"wx4erd4xkyz","theirDistance":2752.7064820489586,"gasCost":null,"getVehicleTime":105},{"passengerEnd":"wx4erw9rmze","passengerId":"0xa988e958c9de98957d736d02e5b8a71a6f75dd14","vehicleId":"0x1588548bb0da1db5ee57a6c4c2030a4303c3ed49","vehiclePosition":"wx4erw9rmze","passengerStart":"wx4erd4xkyz","theirDistance":2752.7064820489586,"gasCost":null,"getVehicleTime":108},{"passengerEnd":"wx4eqt6u0vu","passengerId":"0xef0d03069e88fb45575f66aa4345b5448408dcfc","vehicleId":"0x20e74d6701f55d1c9b937f28499fbed7b8559c0f","vehiclePosition":"wx4eqt6u0vu","passengerStart":"wx4eq7rgmxk","theirDistance":1276.2042342405557,"gasCost":null,"getVehicleTime":106},{"passengerEnd":"wx4ep8e5gw0","passengerId":"0x2a772e261792d208c40d685b31673a85ad18eb90","vehicleId":"0x00cbd2864b7c93822826f80a7c968a2ada1cbaa7","vehiclePosition":"wx4ep8e5gw0","passengerStart":"wx4epb8scg1","theirDistance":616.3551537306272,"gasCost":null,"getVehicleTime":100},{"passengerEnd":"wx4erw9rmze","passengerId":"0x8c2d065b423c841cffa3375b15e73d1f43ee60d2","vehicleId":"0x132f6c4c40f72942599c46aa16653e0405168a07","vehiclePosition":"wx4erw9rmze","passengerStart":"wx4erd4xkyz","theirDistance":2752.7064820489586,"gasCost":null,"getVehicleTime":104},{"passengerEnd":"wx4erw9rmze","passengerId":"0x1cf507a8ff155587e445db4641b2dda6048e5349","vehicleId":"0x1588548bb0da1db5ee57a6c4c2030a4303c3ed49","vehiclePosition":"wx4erw9rmze","passengerStart":"wx4erd4xkyz","theirDistance":2752.7064820489586,"gasCost":null,"getVehicleTime":99}]