[{"passengerEnd":"wx4erw9rmze","passengerId":"0x91b40a93fc528a5c5291c3acaa1de939af17548f","vehicleId":"0x132f6c4c40f72942599c46aa16653e0405168a07","vehiclePosition":"wx4erw9rmze","passengerStart":"wx4erd4xkyz","theirDistance":2752.7064820489586,"gasCost":null,"getVehicleTime":43},{"passengerEnd":"wx4erw9rmze","passengerId":"0x62b4b91e944da60b258acf5a8777a3d61da1e831","vehicleId":"0x1588548bb0da1db5ee57a6c4c2030a4303c3ed49","vehiclePosition":"wx4erw9rmze","passengerStart":"wx4erd4xkyz","theirDistance":2752.7064820489586,"gasCost":null,"getVehicleTime":42},{"passengerEnd":"wx4erw9rmze","passengerId":"0x8f65ffd51b4cf5ecdccf6e6d08d7b0893ed2e24a","vehicleId":"0x15efe26bbeb031ac0f0cca28376e3ed946fe7aae","vehiclePosition":"wx4erw9rmze","passengerStart":"wx4erd4xkyz","theirDistance":2752.7064820489586,"gasCost":null,"getVehicleTime":59},{"passengerEnd":"wx4erw9rmze","passengerId":"0xe833f3be862ddfc8c1ac8f6ba52c593e2cdf8198","vehicleId":"0x1b15d8085fbf79d34751861f333fefeee25a5cd7","vehiclePosition":"wx4erw9rmze","passengerStart":"wx4erd4xkyz","theirDistance":2752.7064820489586,"gasCost":null,"getVehicleTime":50},{"passengerEnd":"wx4erw9rmze","passengerId":"0x395d706a2f6eb62fff9dbb61c42a941e4ebcb112","vehicleId":"0x132f6c4c40f72942599c46aa16653e0405168a07","vehiclePosition":"wx4erw9rmze","passengerStart":"wx4erd4xkyz","theirDistance":2752.7064820489586,"gasCost":null,"getVehicleTime":49},{"passengerEnd":"wx4erw9rmze","passengerId":"0x6373f671766369c7d6fd8b4bafab42808c547ac8","vehicleId":"0x1588548bb0da1db5ee57a6c4c2030a4303c3ed49","vehiclePosition":"wx4erw9rmze","passengerStart":"wx4erd4xkyz","theirDistance":2752.7064820489586,"gasCost":null,"getVehicleTime":56},{"passengerEnd":"wx4erw9rmze","passengerId":"0xd1e67dabefd2990196836433a22ea1bb148ffde1","vehicleId":"0x15efe26bbeb031ac0f0cca28376e3ed946fe7aae","vehiclePosition":"wx4erw9rmze","passengerStart":"wx4erd4xkyz","theirDistance":2752.7064820489586,"gasCost":null,"getVehicleTime":54},{"passengerEnd":"wx4erw9rmze","passengerId":"0x172f1a41f8e4656571ce152786635b6a3aab4c3c","vehicleId":"0x1b15d8085fbf79d34751861f333fefeee25a5cd7","vehiclePosition":"wx4erw9rmze","passengerStart":"wx4erd4xkyz","theirDistance":2752.7064820489586,"gasCost":null,"getVehicleTime":50},{"passengerEnd":"wx4erw9rmze","passengerId":"0x6a830145ff4b35a0ecd3cafd0db84ea451361810","vehicleId":"0x1bfa47b71d0c99399ef664cc69ca8244ef6ecee3","vehiclePosition":"wx4erw9rmze","passengerStart":"wx4erd4xkyz","theirDistance":2752.7064820489586,"gasCost":null,"getVehicleTime":57},{"passengerEnd":"wx4erw9rmze","passengerId":"0x703a4bbfcd232c7cd0ce47d7060c387ef9a2436b","vehicleId":"0x132f6c4c40f72942599c46aa16653e0405168a07","vehiclePosition":"wx4erw9rmze","passengerStart":"wx4erd4xkyz","theirDistance":2752.7064820489586,"gasCost":null,"getVehicleTime":49},{"passengerEnd":"wx4erw9rmze","passengerId":"0x95222fdd3b6bf2c9156e2760369f046b1c61b965","vehicleId":"0x1588548bb0da1db5ee57a6c4c2030a4303c3ed49","vehiclePosition":"wx4erw9rmze","passengerStart":"wx4erd4xkyz","theirDistance":2752.7064820489586,"gasCost":null,"getVehicleTime":54},{"passengerEnd":"wx4erw9rmze","passengerId":"0x8c2d065b423c841cffa3375b15e73d1f43ee60d2","vehicleId":"0x25d791be668aa0577373409958e917770b17aefc","vehiclePosition":"wx4erw9rmze","passengerStart":"wx4erd4xkyz","theirDistance":2752.7064820489586,"gasCost":null,"getVehicleTime":65},{"passengerEnd":"wx4erw9rmze","passengerId":"0xbd2e487a16c3f7f18667b2901a2a2e336dca88c8","vehicleId":"0x15efe26bbeb031ac0f0cca28376e3ed946fe7aae","vehiclePosition":"wx4erw9rmze","passengerStart":"wx4erd4xkyz","theirDistance":2752.7064820489586,"gasCost":null,"getVehicleTime":54},{"passengerEnd":"wx4erw9rmze","passengerId":"0xe86ca8f3a25a90ecf1d02f2ee818ddf8d8ca6a8a","vehicleId":"0x1b15d8085fbf79d34751861f333fefeee25a5cd7","vehiclePosition":"wx4erw9rmze","passengerStart":"wx4erd4xkyz","theirDistance":2752.7064820489586,"gasCost":null,"getVehicleTime":59},{"passengerEnd":"wx4erw9rmze","passengerId":"0xa7c6f824d33b3f4f6084687971649bcfff20ac72","vehicleId":"0x132f6c4c40f72942599c46aa16653e0405168a07","vehiclePosition":"wx4erw9rmze","passengerStart":"wx4erd4xkyz","theirDistance":2752.7064820489586,"gasCost":null,"getVehicleTime":38},{"passengerEnd":"wx4erw9rmze","passengerId":"0xa988e958c9de98957d736d02e5b8a71a6f75dd14","vehicleId":"0x1588548bb0da1db5ee57a6c4c2030a4303c3ed49","vehiclePosition":"wx4erw9rmze","passengerStart":"wx4erd4xkyz","theirDistance":2752.7064820489586,"gasCost":null,"getVehicleTime":50},{"passengerEnd":"wx4erw9rmze","passengerId":"0x43a056d660a0c033adcf7aa2c9ee984c2f4fd1e7","vehicleId":"0x1bfa47b71d0c99399ef664cc69ca8244ef6ecee3","vehiclePosition":"wx4erw9rmze","passengerStart":"wx4erd4xkyz","theirDistance":2752.7064820489586,"gasCost":null,"getVehicleTime":54},{"passengerEnd":"wx4erw9rmze","passengerId":"0xcc34b6ee3e8e077796ce9aadf496d581c1c1172a","vehicleId":"0x25d791be668aa0577373409958e917770b17aefc","vehiclePosition":"wx4erw9rmze","passengerStart":"wx4erd4xkyz","theirDistance":2752.7064820489586,"gasCost":null,"getVehicleTime":48},{"passengerEnd":"wx4erw9rmze","passengerId":"0x1cf507a8ff155587e445db4641b2dda6048e5349","vehicleId":"0x15efe26bbeb031ac0f0cca28376e3ed946fe7aae","vehiclePosition":"wx4erw9rmze","passengerStart":"wx4erd4xkyz","theirDistance":2752.7064820489586,"gasCost":null,"getVehicleTime":59},{"passengerEnd":"wx4erw9rmze","passengerId":"0x25eca363b1883510982b1343d92762accde5347b","vehicleId":"0x1b15d8085fbf79d34751861f333fefeee25a5cd7","vehiclePosition":"wx4erw9rmze","passengerStart":"wx4erd4xkyz","theirDistance":2752.7064820489586,"gasCost":null,"getVehicleTime":53},{"passengerEnd":"wx4erw9rmze","passengerId":"0x32a71253fcbb62f00ceea65c0c680a9a3e80b7d1","vehicleId":"0x132f6c4c40f72942599c46aa16653e0405168a07","vehiclePosition":"wx4erw9rmze","passengerStart":"wx4erd4xkyz","theirDistance":2752.7064820489586,"gasCost":null,"getVehicleTime":50},{"passengerEnd":"wx4erw9rmze","passengerId":"0xac9538cfc801744aad1662af15ac6c25d877cf5b","vehicleId":"0x1588548bb0da1db5ee57a6c4c2030a4303c3ed49","vehiclePosition":"wx4erw9rmze","passengerStart":"wx4erd4xkyz","theirDistance":2752.7064820489586,"gasCost":null,"getVehicleTime":52},{"passengerEnd":"wx4erw9rmze","passengerId":"0x9c82fd514b0283c75b2439979d863b0459bceb53","vehicleId":"0x15efe26bbeb031ac0f0cca28376e3ed946fe7aae","vehiclePosition":"wx4erw9rmze","passengerStart":"wx4erd4xkyz","theirDistance":2752.7064820489586,"gasCost":null,"getVehicleTime":61},{"passengerEnd":"wx4erw9rmze","passengerId":"0x20a87ebe8156e5286084ce99165c02672cb0cb36","vehicleId":"0x1b15d8085fbf79d34751861f333fefeee25a5cd7","vehiclePosition":"wx4erw9rmze","passengerStart":"wx4erd4xkyz","theirDistance":2752.7064820489586,"gasCost":null,"getVehicleTime":55},{"passengerEnd":"wx4erw9rmze","passengerId":"0xffbf1271569eea0a9366bacfba3957f7bfddf272","vehicleId":"0x1bfa47b71d0c99399ef664cc69ca8244ef6ecee3","vehiclePosition":"wx4erw9rmze","passengerStart":"wx4erd4xkyz","theirDistance":2752.7064820489586,"gasCost":null,"getVehicleTime":72},{"passengerEnd":"wx4erw9rmze","passengerId":"0xd3f0a049b88a3b2c2d3640693c9ef45a4ba0ced5","vehicleId":"0x132f6c4c40f72942599c46aa16653e0405168a07","vehiclePosition":"wx4erw9rmze","passengerStart":"wx4erd4xkyz","theirDistance":2752.7064820489586,"gasCost":null,"getVehicleTime":54},{"passengerEnd":"wx4erw9rmze","passengerId":"0x98c53b4ec1bc96a396f41175cf2ca571367820a7","vehicleId":"0x1588548bb0da1db5ee57a6c4c2030a4303c3ed49","vehiclePosition":"wx4erw9rmze","passengerStart":"wx4erd4xkyz","theirDistance":2752.7064820489586,"gasCost":null,"getVehicleTime":51},{"passengerEnd":"wx4erw9rmze","passengerId":"0xa3c55eb2e949ad3ec6844e8f3ac90af0a25c2776","vehicleId":"0x25d791be668aa0577373409958e917770b17aefc","vehiclePosition":"wx4erw9rmze","passengerStart":"wx4erd4xkyz","theirDistance":2752.7064820489586,"gasCost":null,"getVehicleTime":63},{"passengerEnd":"wx4erw9rmze","passengerId":"0x0d38502b24c64bfc5b635720bf299384cc2594de","vehicleId":"0x15efe26bbeb031ac0f0cca28376e3ed946fe7aae","vehiclePosition":"wx4erw9rmze","passengerStart":"wx4erd4xkyz","theirDistance":2752.7064820489586,"gasCost":null,"getVehicleTime":59},{"passengerEnd":"wx4erw9rmze","passengerId":"0x23618f01f25261d31c3adec02c22b1ee7407e318","vehicleId":"0x1b15d8085fbf79d34751861f333fefeee25a5cd7","vehiclePosition":"wx4erw9rmze","passengerStart":"wx4erd4xkyz","theirDistance":2752.7064820489586,"gasCost":null,"getVehicleTime":47},{"passengerEnd":"wx4erw9rmze","passengerId":"0xef03c9f4d5f4b29626dd625852810a353dddfeb3","vehicleId":"0x132f6c4c40f72942599c46aa16653e0405168a07","vehiclePosition":"wx4erw9rmze","passengerStart":"wx4erd4xkyz","theirDistance":2752.7064820489586,"gasCost":null,"getVehicleTime":47}]