[{"passengerEnd":"wx4ep8e5gw0","passengerId":"0x086ba65affc894f226e87f8d16f20a35d4f60b4d","vehicleId":"0x00cbd2864b7c93822826f80a7c968a2ada1cbaa7","vehiclePosition":"wx4ep8e5gw0","passengerStart":"wx4epb8scg1","theirDistance":616.3551537306272,"gasCost":null,"getVehicleTime":29},{"passengerEnd":"wx4ep8e5gw0","passengerId":"0x2702ee5633daab4d277f5660f1c29d3e5454f7b3","vehicleId":"0x05d6ca3c365ab26983bfca03809309a8258e3f62","vehiclePosition":"wx4ep8e5gw0","passengerStart":"wx4epb8scg1","theirDistance":616.3551537306272,"gasCost":null,"getVehicleTime":48},{"passengerEnd":"wx4ep8e5gw0","passengerId":"0x7a594ef9f871e4ef17c8d659aa58b3b09e090cf3","vehicleId":"0x075c06e40ff4067d3f9d765719555f06532bb170","vehiclePosition":"wx4ep8e5gw0","passengerStart":"wx4epb8scg1","theirDistance":616.3551537306272,"gasCost":null,"getVehicleTime":48},{"passengerEnd":"wx4ep8e5gw0","passengerId":"0xb2e192f38247113c0a695a4da975771bfd32d68e","vehicleId":"0x1c230c5d5ae6b126d0d7fd8e8af3aa09905d2b4b","vehiclePosition":"wx4ep8e5gw0","passengerStart":"wx4epb8scg1","theirDistance":616.3551537306272,"gasCost":null,"getVehicleTime":45},{"passengerEnd":"wx4ep8e5gw0","passengerId":"0xa97253e4fe217e80b5f2e995bd54904f63726719","vehicleId":"0x1cdf2caf87fe659e3d2fb0d2482049d74375eca6","vehiclePosition":"wx4ep8e5gw0","passengerStart":"wx4epb8scg1","theirDistance":616.3551537306272,"gasCost":null,"getVehicleTime":48},{"passengerEnd":"wx4ep8e5gw0","passengerId":"0x2888bd343cbbc9cb5469c7a3c52d51dff4350d97","vehicleId":"0x00cbd2864b7c93822826f80a7c968a2ada1cbaa7","vehiclePosition":"wx4ep8e5gw0","passengerStart":"wx4epb8scg1","theirDistance":616.3551537306272,"gasCost":null,"getVehicleTime":27},{"passengerEnd":"wx4ep8e5gw0","passengerId":"0x441d24425b99411edd0ecf95501cb0db988e2f13","vehicleId":"0x05d6ca3c365ab26983bfca03809309a8258e3f62","vehiclePosition":"wx4ep8e5gw0","passengerStart":"wx4epb8scg1","theirDistance":616.3551537306272,"gasCost":null,"getVehicleTime":41},{"passengerEnd":"wx4ep8e5gw0","passengerId":"0xe3cfc7fd117fa5762bfb5390acbdf48557a18ac2","vehicleId":"0x075c06e40ff4067d3f9d765719555f06532bb170","vehiclePosition":"wx4ep8e5gw0","passengerStart":"wx4epb8scg1","theirDistance":616.3551537306272,"gasCost":null,"getVehicleTime":47},{"passengerEnd":"wx4ep8e5gw0","passengerId":"0xf85378de486a9514f26f3118450ff6409aaf2bfb","vehicleId":"0x1c230c5d5ae6b126d0d7fd8e8af3aa09905d2b4b","vehiclePosition":"wx4ep8e5gw0","passengerStart":"wx4epb8scg1","theirDistance":616.3551537306272,"gasCost":null,"getVehicleTime":47},{"passengerEnd":"wx4ep8e5gw0","passengerId":"0x2a52bc09f527f500c7fc62c63f681d24dad62a77","vehicleId":"0x00cbd2864b7c93822826f80a7c968a2ada1cbaa7","vehiclePosition":"wx4ep8e5gw0","passengerStart":"wx4epb8scg1","theirDistance":616.3551537306272,"gasCost":null,"getVehicleTime":31},{"passengerEnd":"wx4ep8e5gw0","passengerId":"0x7776ed3449f97157630b06035e11bc7759e4f0db","vehicleId":"0x05d6ca3c365ab26983bfca03809309a8258e3f62","vehiclePosition":"wx4ep8e5gw0","passengerStart":"wx4epb8scg1","theirDistance":616.3551537306272,"gasCost":null,"getVehicleTime":45},{"passengerEnd":"wx4ep8e5gw0","passengerId":"0xd30d093abb9d34fb14917d07121ed6a61cb1f99e","vehicleId":"0x075c06e40ff4067d3f9d765719555f06532bb170","vehiclePosition":"wx4ep8e5gw0","passengerStart":"wx4epb8scg1","theirDistance":616.3551537306272,"gasCost":null,"getVehicleTime":42},{"passengerEnd":"wx4ep8e5gw0","passengerId":"0x3c28dc70332560ed17d1002704780df9df497abb","vehicleId":"0x1c230c5d5ae6b126d0d7fd8e8af3aa09905d2b4b","vehiclePosition":"wx4ep8e5gw0","passengerStart":"wx4epb8scg1","theirDistance":616.3551537306272,"gasCost":null,"getVehicleTime":43},{"passengerEnd":"wx4ep8e5gw0","passengerId":"0xeef75753e18f97f0ee8a61119d84cdba23d22a7f","vehicleId":"0x00cbd2864b7c93822826f80a7c968a2ada1cbaa7","vehiclePosition":"wx4ep8e5gw0","passengerStart":"wx4epb8scg1","theirDistance":616.3551537306272,"gasCost":null,"getVehicleTime":29},{"passengerEnd":"wx4ep8e5gw0","passengerId":"0x0c05c7ae6e3a58c23e5d27fc1d121ed1aec0f738","vehicleId":"0x05d6ca3c365ab26983bfca03809309a8258e3f62","vehiclePosition":"wx4ep8e5gw0","passengerStart":"wx4epb8scg1","theirDistance":616.3551537306272,"gasCost":null,"getVehicleTime":42},{"passengerEnd":"wx4ep8e5gw0","passengerId":"0x7b11919cd9db9a817c8f9d2e9477f410273a3ceb","vehicleId":"0x075c06e40ff4067d3f9d765719555f06532bb170","vehiclePosition":"wx4ep8e5gw0","passengerStart":"wx4epb8scg1","theirDistance":616.3551537306272,"gasCost":null,"getVehicleTime":40},{"passengerEnd":"wx4ep8e5gw0","passengerId":"0x2a772e261792d208c40d685b31673a85ad18eb90","vehicleId":"0x1cdf2caf87fe659e3d2fb0d2482049d74375eca6","vehiclePosition":"wx4ep8e5gw0","passengerStart":"wx4epb8scg1","theirDistance":616.3551537306272,"gasCost":null,"getVehicleTime":48},{"passengerEnd":"wx4ep8e5gw0","passengerId":"0x17164c34807aa124363d80a604efd4560d8cea0e","vehicleId":"0x1c230c5d5ae6b126d0d7fd8e8af3aa09905d2b4b","vehiclePosition":"wx4ep8e5gw0","passengerStart":"wx4epb8scg1","theirDistance":616.3551537306272,"gasCost":null,"getVehicleTime":49},{"passengerEnd":"wx4ep8e5gw0","passengerId":"0x9edfe6721d18361bf2b6d83b5cc22c0bf4db6314","vehicleId":"0x00cbd2864b7c93822826f80a7c968a2ada1cbaa7","vehiclePosition":"wx4ep8e5gw0","passengerStart":"wx4epb8scg1","theirDistance":616.3551537306272,"gasCost":null,"getVehicleTime":44},{"passengerEnd":"wx4ep8e5gw0","passengerId":"0x28a3f726b61a49da7ae14fd456b80e44e4974d1d","vehicleId":"0x05d6ca3c365ab26983bfca03809309a8258e3f62","vehiclePosition":"wx4ep8e5gw0","passengerStart":"wx4epb8scg1","theirDistance":616.3551537306272,"gasCost":null,"getVehicleTime":31},{"passengerEnd":"wx4ep8e5gw0","passengerId":"0xb08c2456169491982bb3ab852eae8ee3300b9261","vehicleId":"0x3d79e4b740913678fcab6e490f4c273f3e7d6a89","vehiclePosition":"wx4ep8e5gw0","passengerStart":"wx4epb8scg1","theirDistance":616.3551537306272,"gasCost":null,"getVehicleTime":57},{"passengerEnd":"wx4ep8e5gw0","passengerId":"0xa95e44270fc15576da490955d8e6698e2a95f610","vehicleId":"0x075c06e40ff4067d3f9d765719555f06532bb170","vehiclePosition":"wx4ep8e5gw0","passengerStart":"wx4epb8scg1","theirDistance":616.3551537306272,"gasCost":null,"getVehicleTime":41},{"passengerEnd":"wx4ep8e5gw0","passengerId":"0x814d66fc3f60ca8b257b21f1b89faeecd31475af","vehicleId":"0x1c230c5d5ae6b126d0d7fd8e8af3aa09905d2b4b","vehiclePosition":"wx4ep8e5gw0","passengerStart":"wx4epb8scg1","theirDistance":616.3551537306272,"gasCost":null,"getVehicleTime":53},{"passengerEnd":"wx4ep8e5gw0","passengerId":"0x3007e2b9de5a7a57c84cd64609441bef2d29a9d0","vehicleId":"0x00cbd2864b7c93822826f80a7c968a2ada1cbaa7","vehiclePosition":"wx4ep8e5gw0","passengerStart":"wx4epb8scg1","theirDistance":616.3551537306272,"gasCost":null,"getVehicleTime":30},{"passengerEnd":"wx4ep8e5gw0","passengerId":"0xea9453d9095bf11acba9728c471703e9af4c31af","vehicleId":"0x1cdf2caf87fe659e3d2fb0d2482049d74375eca6","vehiclePosition":"wx4ep8e5gw0","passengerStart":"wx4epb8scg1","theirDistance":616.3551537306272,"gasCost":null,"getVehicleTime":55},{"passengerEnd":"wx4ep8e5gw0","passengerId":"0x073ad6ab89e9097b5405da6d46e1b0db47ec632e","vehicleId":"0x05d6ca3c365ab26983bfca03809309a8258e3f62","vehiclePosition":"wx4ep8e5gw0","passengerStart":"wx4epb8scg1","theirDistance":616.3551537306272,"gasCost":null,"getVehicleTime":33},{"passengerEnd":"wx4ep8e5gw0","passengerId":"0xa330923b96f26c88a2681112bfe26d4d9186131a","vehicleId":"0x00cbd2864b7c93822826f80a7c968a2ada1cbaa7","vehiclePosition":"wx4ep8e5gw0","passengerStart":"wx4epb8scg1","theirDistance":616.3551537306272,"gasCost":null,"getVehicleTime":37},{"passengerEnd":"wx4ep8e5gw0","passengerId":"0xce2897c392e16c5762131a56686733e035a4aa30","vehicleId":"0x05d6ca3c365ab26983bfca03809309a8258e3f62","vehiclePosition":"wx4ep8e5gw0","passengerStart":"wx4epb8scg1","theirDistance":616.3551537306272,"gasCost":null,"getVehicleTime":31},{"passengerEnd":"wx4ep8e5gw0","passengerId":"0x495b77d80ccb1d3d1476db06dd522292555b2e23","vehicleId":"0x00cbd2864b7c93822826f80a7c968a2ada1cbaa7","vehiclePosition":"wx4ep8e5gw0","passengerStart":"wx4epb8scg1","theirDistance":616.3551537306272,"gasCost":null,"getVehicleTime":27},{"passengerEnd":"wx4ep8e5gw0","passengerId":"0x08346710bfb71d0fea0b4a9a3d31107df5fe287a","vehicleId":"0x05d6ca3c365ab26983bfca03809309a8258e3f62","vehiclePosition":"wx4ep8e5gw0","passengerStart":"wx4epb8scg1","theirDistance":616.3551537306272,"gasCost":null,"getVehicleTime":30},{"passengerEnd":"wx4ep8e5gw0","passengerId":"0xcd924d3e8e043bb9579a4033ab08f8c1404840f0","vehicleId":"0x00cbd2864b7c93822826f80a7c968a2ada1cbaa7","vehiclePosition":"wx4ep8e5gw0","passengerStart":"wx4epb8scg1","theirDistance":616.3551537306272,"gasCost":null,"getVehicleTime":38}]