[{"passengerId":"0x46dfb062b17f2ef557a64283347653f11ba7c089000000000000000000000000","passengerGeohash":"wx4enscgue5","vehicleId":"0x12d0e4381ef94a70a49252e35b9a65fadd3872b9","vehicleStartPosition":"wx4enrq9mm9","emptyAstarTime":11,"emptyRoute":[],"emptyRouteTime":0,"emptyCountFrag":0,"endGeohash":"wx4enrq9mm9","loadAstarTime":2,"loadRoute":[],"loadRouteTime":0,"loadCountFrag":0},{"passengerId":"0xcae58827099cb4557f40dd308f5efc29e9065be8000000000000000000000000","passengerGeohash":"wx4enscgue5","vehicleId":"0x196424dd2bf7c978228ebd7a17b38b993d650696","vehicleStartPosition":"wx4enrq9mm9","emptyAstarTime":3,"emptyRoute":[],"emptyRouteTime":0,"emptyCountFrag":0,"endGeohash":"wx4enrq9mm9","loadAstarTime":2,"loadRoute":[],"loadRouteTime":0,"loadCountFrag":0},{"passengerId":"0x95d2b2a36e6a3d1e7ac8edbf99481c6009a19131000000000000000000000000","passengerGeohash":"wx4enscgue5","vehicleId":"0x456c4df0610c7611ae8bcaed32dd1d94e88ceca4","vehicleStartPosition":"wx4enrq9mm9","emptyAstarTime":15,"emptyRoute":[],"emptyRouteTime":0,"emptyCountFrag":0,"endGeohash":"wx4enrq9mm9","loadAstarTime":1,"loadRoute":[],"loadRouteTime":0,"loadCountFrag":0},{"passengerId":"0xac37a0543b6abb8e7add0c00128c9f486e45b0e9000000000000000000000000","passengerGeohash":"wx4enscgue5","vehicleId":"0x55577fd620a0b8379846fcb1499e4bdc22538843","vehicleStartPosition":"wx4enrq9mm9","emptyAstarTime":6,"emptyRoute":[],"emptyRouteTime":0,"emptyCountFrag":0,"endGeohash":"wx4enrq9mm9","loadAstarTime":2,"loadRoute":[],"loadRouteTime":0,"loadCountFrag":0},{"passengerId":"0x4c0ae67f9e2dcabbcaee58afa56c14e427272b6f000000000000000000000000","passengerGeohash":"wx4enscgue5","vehicleId":"0x7a68b86008b0cfc3ae0e8068360271cbb999c97d","vehicleStartPosition":"wx4enrq9mm9","emptyAstarTime":16,"emptyRoute":[],"emptyRouteTime":0,"emptyCountFrag":0,"endGeohash":"wx4enrq9mm9","loadAstarTime":2,"loadRoute":[],"loadRouteTime":0,"loadCountFrag":0},{"passengerId":"0x0cac0bfe17bd73be78486a51a15db39b10cbafcf000000000000000000000000","passengerGeohash":"wx4enscgue5","vehicleId":"0x91153bad44dcc46187c481d8d36a53e58522d0c4","vehicleStartPosition":"wx4enrq9mm9","emptyAstarTime":27,"emptyRoute":[],"emptyRouteTime":0,"emptyCountFrag":0,"endGeohash":"wx4enrq9mm9","loadAstarTime":5,"loadRoute":[],"loadRouteTime":0,"loadCountFrag":0},{"passengerId":"0xedb6f3a4a1ebc511f7fe9bd4f2cd4219ca0a3cf4000000000000000000000000","passengerGeohash":"wx4enscgue5","vehicleId":"0x12d0e4381ef94a70a49252e35b9a65fadd3872b9","vehicleStartPosition":"wx4enrq9mm9","emptyAstarTime":12,"emptyRoute":[],"emptyRouteTime":0,"emptyCountFrag":0,"endGeohash":"wx4enrq9mm9","loadAstarTime":3,"loadRoute":[],"loadRouteTime":0,"loadCountFrag":0},{"passengerId":"0x62119c27e0081b14e6e0c596603d21eaa6d6452b000000000000000000000000","passengerGeohash":"wx4enscgue5","vehicleId":"0x196424dd2bf7c978228ebd7a17b38b993d650696","vehicleStartPosition":"wx4enrq9mm9","emptyAstarTime":18,"emptyRoute":[],"emptyRouteTime":0,"emptyCountFrag":0,"endGeohash":"wx4enrq9mm9","loadAstarTime":2,"loadRoute":[],"loadRouteTime":0,"loadCountFrag":0},{"passengerId":"0x3df2c7b1e2c3e8e5e40c6035f6a3a5bb8fdb6b87000000000000000000000000","passengerGeohash":"wx4enscgue5","vehicleId":"0x456c4df0610c7611ae8bcaed32dd1d94e88ceca4","vehicleStartPosition":"wx4enrq9mm9","emptyAstarTime":20,"emptyRoute":[],"emptyRouteTime":0,"emptyCountFrag":0,"endGeohash":"wx4enrq9mm9","loadAstarTime":4,"loadRoute":[],"loadRouteTime":0,"loadCountFrag":0},{"passengerId":"0xd35d112793fe59877302d4064c9ef5a89c0485ba000000000000000000000000","passengerGeohash":"wx4enscgue5","vehicleId":"0x55577fd620a0b8379846fcb1499e4bdc22538843","vehicleStartPosition":"wx4enrq9mm9","emptyAstarTime":6,"emptyRoute":[],"emptyRouteTime":0,"emptyCountFrag":0,"endGeohash":"wx4enrq9mm9","loadAstarTime":2,"loadRoute":[],"loadRouteTime":0,"loadCountFrag":0},{"passengerId":"0xb658cbd857f52f9705fbecf9b30cf827dd8c81a8000000000000000000000000","passengerGeohash":"wx4enscgue5","vehicleId":"0x7a68b86008b0cfc3ae0e8068360271cbb999c97d","vehicleStartPosition":"wx4enrq9mm9","emptyAstarTime":6,"emptyRoute":[],"emptyRouteTime":0,"emptyCountFrag":0,"endGeohash":"wx4enrq9mm9","loadAstarTime":2,"loadRoute":[],"loadRouteTime":0,"loadCountFrag":0},{"passengerId":"0xfb1c049ecb1884a77e857bcca8ae6443f0143dbf000000000000000000000000","passengerGeohash":"wx4enscgue5","vehicleId":"0x91153bad44dcc46187c481d8d36a53e58522d0c4","vehicleStartPosition":"wx4enrq9mm9","emptyAstarTime":5,"emptyRoute":[],"emptyRouteTime":0,"emptyCountFrag":0,"endGeohash":"wx4enrq9mm9","loadAstarTime":2,"loadRoute":[],"loadRouteTime":0,"loadCountFrag":0},{"passengerId":"0x086ba65affc894f226e87f8d16f20a35d4f60b4d000000000000000000000000","passengerGeohash":"wx4epb8scg1","vehicleId":"0x00cbd2864b7c93822826f80a7c968a2ada1cbaa7","vehicleStartPosition":"wx4ep8e5gw0","emptyAstarTime":3,"emptyRoute":[],"emptyRouteTime":0,"emptyCountFrag":0,"endGeohash":"wx4ep8e5gw0","loadAstarTime":2,"loadRoute":[],"loadRouteTime":0,"loadCountFrag":0},{"passengerId":"0xb2e192f38247113c0a695a4da975771bfd32d68e000000000000000000000000","passengerGeohash":"wx4epb8scg1","vehicleId":"0x05d6ca3c365ab26983bfca03809309a8258e3f62","vehicleStartPosition":"wx4ep8e5gw0","emptyAstarTime":5,"emptyRoute":[],"emptyRouteTime":0,"emptyCountFrag":0,"endGeohash":"wx4ep8e5gw0","loadAstarTime":3,"loadRoute":[],"loadRouteTime":0,"loadCountFrag":0},{"passengerId":"0xabd6b57b7d198796947bc03e4f5bd911813caada000000000000000000000000","passengerGeohash":"wx4enscgue5","vehicleId":"0x12d0e4381ef94a70a49252e35b9a65fadd3872b9","vehicleStartPosition":"wx4enrq9mm9","emptyAstarTime":9,"emptyRoute":[],"emptyRouteTime":0,"emptyCountFrag":0,"endGeohash":"wx4enrq9mm9","loadAstarTime":1,"loadRoute":[],"loadRouteTime":0,"loadCountFrag":0},{"passengerId":"0xa97253e4fe217e80b5f2e995bd54904f63726719000000000000000000000000","passengerGeohash":"wx4epb8scg1","vehicleId":"0x075c06e40ff4067d3f9d765719555f06532bb170","vehicleStartPosition":"wx4ep8e5gw0","emptyAstarTime":7,"emptyRoute":[],"emptyRouteTime":0,"emptyCountFrag":0,"endGeohash":"wx4ep8e5gw0","loadAstarTime":18,"loadRoute":[],"loadRouteTime":0,"loadCountFrag":0},{"passengerId":"0x1bdf42d9a37b5b5c5a3bc09cadfade23d075791a000000000000000000000000","passengerGeohash":"wx4enscgue5","vehicleId":"0x196424dd2bf7c978228ebd7a17b38b993d650696","vehicleStartPosition":"wx4enrq9mm9","emptyAstarTime":1,"emptyRoute":[],"emptyRouteTime":0,"emptyCountFrag":0,"endGeohash":"wx4enrq9mm9","loadAstarTime":1,"loadRoute":[],"loadRouteTime":0,"loadCountFrag":0},{"passengerId":"0xf5493c66a2f85637127510a53b6cd0b067936b51000000000000000000000000","passengerGeohash":"wx4epb8scg1","vehicleId":"0x1c230c5d5ae6b126d0d7fd8e8af3aa09905d2b4b","vehicleStartPosition":"wx4ep8e5gw0","emptyAstarTime":7,"emptyRoute":[],"emptyRouteTime":0,"emptyCountFrag":0,"endGeohash":"wx4ep8e5gw0","loadAstarTime":4,"loadRoute":[],"loadRouteTime":0,"loadCountFrag":0},{"passengerId":"0x7906b337632876b8050f55ee5b57228f02972fa3000000000000000000000000","passengerGeohash":"wx4enscgue5","vehicleId":"0x456c4df0610c7611ae8bcaed32dd1d94e88ceca4","vehicleStartPosition":"wx4enrq9mm9","emptyAstarTime":14,"emptyRoute":[],"emptyRouteTime":0,"emptyCountFrag":0,"endGeohash":"wx4enrq9mm9","loadAstarTime":3,"loadRoute":[],"loadRouteTime":0,"loadCountFrag":0},{"passengerId":"0x7776ed3449f97157630b06035e11bc7759e4f0db000000000000000000000000","passengerGeohash":"wx4epb8scg1","vehicleId":"0x1cdf2caf87fe659e3d2fb0d2482049d74375eca6","vehicleStartPosition":"wx4ep8e5gw0","emptyAstarTime":27,"emptyRoute":[],"emptyRouteTime":0,"emptyCountFrag":0,"endGeohash":"wx4ep8e5gw0","loadAstarTime":2,"loadRoute":[],"loadRouteTime":0,"loadCountFrag":0},{"passengerId":"0x6d1558ef76336d670fb6f2b04ae1f345eab94761000000000000000000000000","passengerGeohash":"wx4enscgue5","vehicleId":"0x55577fd620a0b8379846fcb1499e4bdc22538843","vehicleStartPosition":"wx4enrq9mm9","emptyAstarTime":32,"emptyRoute":[],"emptyRouteTime":0,"emptyCountFrag":0,"endGeohash":"wx4enrq9mm9","loadAstarTime":1,"loadRoute":[],"loadRouteTime":0,"loadCountFrag":0},{"passengerId":"0x495b77d80ccb1d3d1476db06dd522292555b2e23000000000000000000000000","passengerGeohash":"wx4epb8scg1","vehicleId":"0x3d79e4b740913678fcab6e490f4c273f3e7d6a89","vehicleStartPosition":"wx4ep8e5gw0","emptyAstarTime":19,"emptyRoute":[],"emptyRouteTime":0,"emptyCountFrag":0,"endGeohash":"wx4ep8e5gw0","loadAstarTime":1,"loadRoute":[],"loadRouteTime":0,"loadCountFrag":0},{"passengerId":"0x814d66fc3f60ca8b257b21f1b89faeecd31475af000000000000000000000000","passengerGeohash":"wx4epb8scg1","vehicleId":"0x00cbd2864b7c93822826f80a7c968a2ada1cbaa7","vehicleStartPosition":"wx4ep8e5gw0","emptyAstarTime":19,"emptyRoute":[],"emptyRouteTime":0,"emptyCountFrag":0,"endGeohash":"wx4ep8e5gw0","loadAstarTime":1,"loadRoute":[],"loadRouteTime":0,"loadCountFrag":0},{"passengerId":"0x3b49b8eb1d9d3c28242b97c135379e0e32468fb9000000000000000000000000","passengerGeohash":"wx4enscgue5","vehicleId":"0x7a68b86008b0cfc3ae0e8068360271cbb999c97d","vehicleStartPosition":"wx4enrq9mm9","emptyAstarTime":5,"emptyRoute":[],"emptyRouteTime":0,"emptyCountFrag":0,"endGeohash":"wx4enrq9mm9","loadAstarTime":1,"loadRoute":[],"loadRouteTime":0,"loadCountFrag":0},{"passengerId":"0x17164c34807aa124363d80a604efd4560d8cea0e000000000000000000000000","passengerGeohash":"wx4epb8scg1","vehicleId":"0x05d6ca3c365ab26983bfca03809309a8258e3f62","vehicleStartPosition":"wx4ep8e5gw0","emptyAstarTime":8,"emptyRoute":[],"emptyRouteTime":0,"emptyCountFrag":0,"endGeohash":"wx4ep8e5gw0","loadAstarTime":2,"loadRoute":[],"loadRouteTime":0,"loadCountFrag":0},{"passengerId":"0x0d5f26272be5a3b462c3b7a978c7bf4b0d6aadb1000000000000000000000000","passengerGeohash":"wx4enscgue5","vehicleId":"0x12d0e4381ef94a70a49252e35b9a65fadd3872b9","vehicleStartPosition":"wx4enrq9mm9","emptyAstarTime":21,"emptyRoute":[],"emptyRouteTime":0,"emptyCountFrag":0,"endGeohash":"wx4enrq9mm9","loadAstarTime":1,"loadRoute":[],"loadRouteTime":0,"loadCountFrag":0},{"passengerId":"0x08346710bfb71d0fea0b4a9a3d31107df5fe287a000000000000000000000000","passengerGeohash":"wx4epb8scg1","vehicleId":"0x075c06e40ff4067d3f9d765719555f06532bb170","vehicleStartPosition":"wx4ep8e5gw0","emptyAstarTime":24,"emptyRoute":[],"emptyRouteTime":0,"emptyCountFrag":0,"endGeohash":"wx4ep8e5gw0","loadAstarTime":17,"loadRoute":[],"loadRouteTime":0,"loadCountFrag":0},{"passengerId":"0x073ad6ab89e9097b5405da6d46e1b0db47ec632e000000000000000000000000","passengerGeohash":"wx4epb8scg1","vehicleId":"0x1c230c5d5ae6b126d0d7fd8e8af3aa09905d2b4b","vehicleStartPosition":"wx4ep8e5gw0","emptyAstarTime":9,"emptyRoute":[],"emptyRouteTime":0,"emptyCountFrag":0,"endGeohash":"wx4ep8e5gw0","loadAstarTime":1,"loadRoute":[],"loadRouteTime":0,"loadCountFrag":0},{"passengerId":"0x3daa27591a675fceb7fe25f39a2aa575730a6a1a000000000000000000000000","passengerGeohash":"wx4eq7rgmxk","vehicleId":"0x20e74d6701f55d1c9b937f28499fbed7b8559c0f","vehicleStartPosition":"wx4eqt6u0vu","emptyAstarTime":19,"emptyRoute":[],"emptyRouteTime":0,"emptyCountFrag":0,"endGeohash":"wx4eqt6u0vu","loadAstarTime":3,"loadRoute":[],"loadRouteTime":0,"loadCountFrag":0},{"passengerId":"0xce2897c392e16c5762131a56686733e035a4aa30000000000000000000000000","passengerGeohash":"wx4epb8scg1","vehicleId":"0x1cdf2caf87fe659e3d2fb0d2482049d74375eca6","vehicleStartPosition":"wx4ep8e5gw0","emptyAstarTime":17,"emptyRoute":[],"emptyRouteTime":0,"emptyCountFrag":0,"endGeohash":"wx4ep8e5gw0","loadAstarTime":2,"loadRoute":[],"loadRouteTime":0,"loadCountFrag":0},{"passengerId":"0x926f155822d00a9191fe71ec570bcd1f0eb0c300000000000000000000000000","passengerGeohash":"wx4enscgue5","vehicleId":"0x196424dd2bf7c978228ebd7a17b38b993d650696","vehicleStartPosition":"wx4enrq9mm9","emptyAstarTime":13,"emptyRoute":[],"emptyRouteTime":0,"emptyCountFrag":0,"endGeohash":"wx4enrq9mm9","loadAstarTime":2,"loadRoute":[],"loadRouteTime":0,"loadCountFrag":0},{"passengerId":"0x16941e3fe553ea1fec94de08aa5d0522b2fd5df1000000000000000000000000","passengerGeohash":"wx4eq7rgmxk","vehicleId":"0x327c19b8686de592ab2e6c182f1b00c3c9f80026","vehicleStartPosition":"wx4eqt6u0vu","emptyAstarTime":13,"emptyRoute":[],"emptyRouteTime":0,"emptyCountFrag":0,"endGeohash":"wx4eqt6u0vu","loadAstarTime":1,"loadRoute":[],"loadRouteTime":0,"loadCountFrag":0},{"passengerId":"0x7aedbd17c7198de1a60bbf73e77840baeab2315a000000000000000000000000","passengerGeohash":"wx4eq7rgmxk","vehicleId":"0x377d27404b760a49b3d3254e5781869d6a8aaea2","vehicleStartPosition":"wx4eqt6u0vu","emptyAstarTime":20,"emptyRoute":[],"emptyRouteTime":0,"emptyCountFrag":0,"endGeohash":"wx4eqt6u0vu","loadAstarTime":15,"loadRoute":[],"loadRouteTime":0,"loadCountFrag":0},{"passengerId":"0x7b11919cd9db9a817c8f9d2e9477f410273a3ceb000000000000000000000000","passengerGeohash":"wx4epb8scg1","vehicleId":"0x00cbd2864b7c93822826f80a7c968a2ada1cbaa7","vehicleStartPosition":"wx4ep8e5gw0","emptyAstarTime":24,"emptyRoute":[],"emptyRouteTime":0,"emptyCountFrag":0,"endGeohash":"wx4ep8e5gw0","loadAstarTime":6,"loadRoute":[],"loadRouteTime":0,"loadCountFrag":0},{"passengerId":"0xc265c858c1186113b2d830e6f46f6d95142e9750000000000000000000000000","passengerGeohash":"wx4enscgue5","vehicleId":"0x456c4df0610c7611ae8bcaed32dd1d94e88ceca4","vehicleStartPosition":"wx4enrq9mm9","emptyAstarTime":9,"emptyRoute":[],"emptyRouteTime":0,"emptyCountFrag":0,"endGeohash":"wx4enrq9mm9","loadAstarTime":1,"loadRoute":[],"loadRouteTime":0,"loadCountFrag":0},{"passengerId":"0xd1dea501c85b53e90c881515eccd4280db615287000000000000000000000000","passengerGeohash":"wx4eq7rgmxk","vehicleId":"0x390c7d4dd2ebf9ed632175776adf09d19ed3da4c","vehicleStartPosition":"wx4eqt6u0vu","emptyAstarTime":9,"emptyRoute":[],"emptyRouteTime":0,"emptyCountFrag":0,"endGeohash":"wx4eqt6u0vu","loadAstarTime":3,"loadRoute":[],"loadRouteTime":0,"loadCountFrag":0},{"passengerId":"0xa95e44270fc15576da490955d8e6698e2a95f610000000000000000000000000","passengerGeohash":"wx4epb8scg1","vehicleId":"0x05d6ca3c365ab26983bfca03809309a8258e3f62","vehicleStartPosition":"wx4ep8e5gw0","emptyAstarTime":3,"emptyRoute":[],"emptyRouteTime":0,"emptyCountFrag":0,"endGeohash":"wx4ep8e5gw0","loadAstarTime":3,"loadRoute":[],"loadRouteTime":0,"loadCountFrag":0},{"passengerId":"0x0dca32fa900933ab3e9fe1f4527ec95d07bf772b000000000000000000000000","passengerGeohash":"wx4eq7rgmxk","vehicleId":"0x43349b16295abd084a1dbae5f04383de7b7db5d5","vehicleStartPosition":"wx4eqt6u0vu","emptyAstarTime":5,"emptyRoute":[],"emptyRouteTime":0,"emptyCountFrag":0,"endGeohash":"wx4eqt6u0vu","loadAstarTime":4,"loadRoute":[],"loadRouteTime":0,"loadCountFrag":0},{"passengerId":"0x5895ef03d8c36b9a53b4f961cd1345ed0bd79fa3000000000000000000000000","passengerGeohash":"wx4enscgue5","vehicleId":"0x12d0e4381ef94a70a49252e35b9a65fadd3872b9","vehicleStartPosition":"wx4enrq9mm9","emptyAstarTime":17,"emptyRoute":[],"emptyRouteTime":0,"emptyCountFrag":0,"endGeohash":"wx4enrq9mm9","loadAstarTime":19,"loadRoute":[],"loadRouteTime":0,"loadCountFrag":0},{"passengerId":"0x499c7e13c1303502e55fe72b120312c0e0131884000000000000000000000000","passengerGeohash":"wx4eq7rgmxk","vehicleId":"0x4ef62208d75cb0803742cec9a4b087e2b536e2e8","vehicleStartPosition":"wx4eqt6u0vu","emptyAstarTime":24,"emptyRoute":[],"emptyRouteTime":0,"emptyCountFrag":0,"endGeohash":"wx4eqt6u0vu","loadAstarTime":3,"loadRoute":[],"loadRouteTime":0,"loadCountFrag":0},{"passengerId":"0x9edfe6721d18361bf2b6d83b5cc22c0bf4db6314000000000000000000000000","passengerGeohash":"wx4epb8scg1","vehicleId":"0x075c06e40ff4067d3f9d765719555f06532bb170","vehicleStartPosition":"wx4ep8e5gw0","emptyAstarTime":25,"emptyRoute":[],"emptyRouteTime":0,"emptyCountFrag":0,"endGeohash":"wx4ep8e5gw0","loadAstarTime":2,"loadRoute":[],"loadRouteTime":0,"loadCountFrag":0},{"passengerId":"0xd402c7301a68c4c65529ab0c597bb8b13e27f607000000000000000000000000","passengerGeohash":"wx4enscgue5","vehicleId":"0x55577fd620a0b8379846fcb1499e4bdc22538843","vehicleStartPosition":"wx4enrq9mm9","emptyAstarTime":5,"emptyRoute":[],"emptyRouteTime":0,"emptyCountFrag":0,"endGeohash":"wx4enrq9mm9","loadAstarTime":1,"loadRoute":[],"loadRouteTime":0,"loadCountFrag":0},{"passengerId":"0x08f7cc636acfed10206a64c661dcb6f00606c26c000000000000000000000000","passengerGeohash":"wx4eq7rgmxk","vehicleId":"0x20e74d6701f55d1c9b937f28499fbed7b8559c0f","vehicleStartPosition":"wx4eqt6u0vu","emptyAstarTime":35,"emptyRoute":[],"emptyRouteTime":0,"emptyCountFrag":0,"endGeohash":"wx4eqt6u0vu","loadAstarTime":2,"loadRoute":[],"loadRouteTime":0,"loadCountFrag":0},{"passengerId":"0x2702ee5633daab4d277f5660f1c29d3e5454f7b3000000000000000000000000","passengerGeohash":"wx4epb8scg1","vehicleId":"0x1c230c5d5ae6b126d0d7fd8e8af3aa09905d2b4b","vehicleStartPosition":"wx4ep8e5gw0","emptyAstarTime":36,"emptyRoute":[],"emptyRouteTime":0,"emptyCountFrag":0,"endGeohash":"wx4ep8e5gw0","loadAstarTime":2,"loadRoute":[],"loadRouteTime":0,"loadCountFrag":0},{"passengerId":"0x28a3f726b61a49da7ae14fd456b80e44e4974d1d000000000000000000000000","passengerGeohash":"wx4epb8scg1","vehicleId":"0x1cdf2caf87fe659e3d2fb0d2482049d74375eca6","vehicleStartPosition":"wx4ep8e5gw0","emptyAstarTime":13,"emptyRoute":[],"emptyRouteTime":0,"emptyCountFrag":0,"endGeohash":"wx4ep8e5gw0","loadAstarTime":5,"loadRoute":[],"loadRouteTime":0,"loadCountFrag":0},{"passengerId":"0x397e94a4cd9fad4c4a472d6a92122d6ed9ec71d6000000000000000000000000","passengerGeohash":"wx4eq7rgmxk","vehicleId":"0x327c19b8686de592ab2e6c182f1b00c3c9f80026","vehicleStartPosition":"wx4eqt6u0vu","emptyAstarTime":15,"emptyRoute":[],"emptyRouteTime":0,"emptyCountFrag":0,"endGeohash":"wx4eqt6u0vu","loadAstarTime":3,"loadRoute":[],"loadRouteTime":0,"loadCountFrag":0},{"passengerId":"0x989bd3f4b8def49a869eee53fc2f8c31559dad10000000000000000000000000","passengerGeohash":"wx4eq7rgmxk","vehicleId":"0x377d27404b760a49b3d3254e5781869d6a8aaea2","vehicleStartPosition":"wx4eqt6u0vu","emptyAstarTime":14,"emptyRoute":[],"emptyRouteTime":0,"emptyCountFrag":0,"endGeohash":"wx4eqt6u0vu","loadAstarTime":1,"loadRoute":[],"loadRouteTime":0,"loadCountFrag":0},{"passengerId":"0xea9453d9095bf11acba9728c471703e9af4c31af000000000000000000000000","passengerGeohash":"wx4epb8scg1","vehicleId":"0x00cbd2864b7c93822826f80a7c968a2ada1cbaa7","vehicleStartPosition":"wx4ep8e5gw0","emptyAstarTime":30,"emptyRoute":[],"emptyRouteTime":0,"emptyCountFrag":0,"endGeohash":"wx4ep8e5gw0","loadAstarTime":2,"loadRoute":[],"loadRouteTime":0,"loadCountFrag":0},{"passengerId":"0x7a5b8a958a74e39ade01f412951fb319ee4fe6d9000000000000000000000000","passengerGeohash":"wx4enscgue5","vehicleId":"0x196424dd2bf7c978228ebd7a17b38b993d650696","vehicleStartPosition":"wx4enrq9mm9","emptyAstarTime":22,"emptyRoute":[],"emptyRouteTime":0,"emptyCountFrag":0,"endGeohash":"wx4enrq9mm9","loadAstarTime":2,"loadRoute":[],"loadRouteTime":0,"loadCountFrag":0},{"passengerId":"0xdd5e69139ec63cef0c137048bb0a6c7760721937000000000000000000000000","passengerGeohash":"wx4eq7rgmxk","vehicleId":"0x390c7d4dd2ebf9ed632175776adf09d19ed3da4c","vehicleStartPosition":"wx4eqt6u0vu","emptyAstarTime":19,"emptyRoute":[],"emptyRouteTime":0,"emptyCountFrag":0,"endGeohash":"wx4eqt6u0vu","loadAstarTime":1,"loadRoute":[],"loadRouteTime":0,"loadCountFrag":0},{"passengerId":"0x747d046d0c8a5d1bb1764517dd1984d0732c96bc000000000000000000000000","passengerGeohash":"wx4eq7rgmxk","vehicleId":"0x43349b16295abd084a1dbae5f04383de7b7db5d5","vehicleStartPosition":"wx4eqt6u0vu","emptyAstarTime":16,"emptyRoute":[],"emptyRouteTime":0,"emptyCountFrag":0,"endGeohash":"wx4eqt6u0vu","loadAstarTime":2,"loadRoute":[],"loadRouteTime":0,"loadCountFrag":0},{"passengerId":"0x441d24425b99411edd0ecf95501cb0db988e2f13000000000000000000000000","passengerGeohash":"wx4epb8scg1","vehicleId":"0x05d6ca3c365ab26983bfca03809309a8258e3f62","vehicleStartPosition":"wx4ep8e5gw0","emptyAstarTime":3,"emptyRoute":[],"emptyRouteTime":0,"emptyCountFrag":0,"endGeohash":"wx4ep8e5gw0","loadAstarTime":1,"loadRoute":[],"loadRouteTime":0,"loadCountFrag":0},{"passengerId":"0x06a1ee74591def94efcdbd9a13c1b7df2350d160000000000000000000000000","passengerGeohash":"wx4eq7rgmxk","vehicleId":"0x4ef62208d75cb0803742cec9a4b087e2b536e2e8","vehicleStartPosition":"wx4eqt6u0vu","emptyAstarTime":8,"emptyRoute":[],"emptyRouteTime":0,"emptyCountFrag":0,"endGeohash":"wx4eqt6u0vu","loadAstarTime":4,"loadRoute":[],"loadRouteTime":0,"loadCountFrag":0},{"passengerId":"0xbf5868b482ace24aa4f339ceb26e32230fc7d3aa000000000000000000000000","passengerGeohash":"wx4enscgue5","vehicleId":"0x12d0e4381ef94a70a49252e35b9a65fadd3872b9","vehicleStartPosition":"wx4enrq9mm9","emptyAstarTime":4,"emptyRoute":[],"emptyRouteTime":0,"emptyCountFrag":0,"endGeohash":"wx4enrq9mm9","loadAstarTime":5,"loadRoute":[],"loadRouteTime":0,"loadCountFrag":0},{"passengerId":"0x156a54e7c951fa985e77e8bc827fdfed8905b4c1000000000000000000000000","passengerGeohash":"wx4eq7rgmxk","vehicleId":"0x20e74d6701f55d1c9b937f28499fbed7b8559c0f","vehicleStartPosition":"wx4eqt6u0vu","emptyAstarTime":6,"emptyRoute":[],"emptyRouteTime":0,"emptyCountFrag":0,"endGeohash":"wx4eqt6u0vu","loadAstarTime":10,"loadRoute":[],"loadRouteTime":0,"loadCountFrag":0},{"passengerId":"0x91b40a93fc528a5c5291c3acaa1de939af17548f000000000000000000000000","passengerGeohash":"wx4erd4xkyz","vehicleId":"0x132f6c4c40f72942599c46aa16653e0405168a07","vehicleStartPosition":"wx4erw9rmze","emptyAstarTime":38,"emptyRoute":[],"emptyRouteTime":0,"emptyCountFrag":0,"endGeohash":"wx4erw9rmze","loadAstarTime":7,"loadRoute":[],"loadRouteTime":0,"loadCountFrag":0},{"passengerId":"0x9d854e759b2cce86dd08080d3ac043b4c79d2d9a000000000000000000000000","passengerGeohash":"wx4eq7rgmxk","vehicleId":"0x327c19b8686de592ab2e6c182f1b00c3c9f80026","vehicleStartPosition":"wx4eqt6u0vu","emptyAstarTime":37,"emptyRoute":[],"emptyRouteTime":0,"emptyCountFrag":0,"endGeohash":"wx4eqt6u0vu","loadAstarTime":8,"loadRoute":[],"loadRouteTime":0,"loadCountFrag":0},{"passengerId":"0xbd2f3e025a8f0b0d8bb9f64ef60980ebb27e8d5d000000000000000000000000","passengerGeohash":"wx4enscgue5","vehicleId":"0x456c4df0610c7611ae8bcaed32dd1d94e88ceca4","vehicleStartPosition":"wx4enrq9mm9","emptyAstarTime":23,"emptyRoute":[],"emptyRouteTime":0,"emptyCountFrag":0,"endGeohash":"wx4enrq9mm9","loadAstarTime":8,"loadRoute":[],"loadRouteTime":0,"loadCountFrag":0},{"passengerId":"0xcd924d3e8e043bb9579a4033ab08f8c1404840f0000000000000000000000000","passengerGeohash":"wx4epb8scg1","vehicleId":"0x075c06e40ff4067d3f9d765719555f06532bb170","vehicleStartPosition":"wx4ep8e5gw0","emptyAstarTime":7,"emptyRoute":[],"emptyRouteTime":0,"emptyCountFrag":0,"endGeohash":"wx4ep8e5gw0","loadAstarTime":7,"loadRoute":[],"loadRouteTime":0,"loadCountFrag":0},{"passengerId":"0xa330923b96f26c88a2681112bfe26d4d9186131a000000000000000000000000","passengerGeohash":"wx4epb8scg1","vehicleId":"0x00cbd2864b7c93822826f80a7c968a2ada1cbaa7","vehicleStartPosition":"wx4ep8e5gw0","emptyAstarTime":41,"emptyRoute":[],"emptyRouteTime":0,"emptyCountFrag":0,"endGeohash":"wx4ep8e5gw0","loadAstarTime":3,"loadRoute":[],"loadRouteTime":0,"loadCountFrag":0},{"passengerId":"0x5227daf8db7c57d268979df21ba9ee9c93d26712000000000000000000000000","passengerGeohash":"wx4enscgue5","vehicleId":"0x55577fd620a0b8379846fcb1499e4bdc22538843","vehicleStartPosition":"wx4enrq9mm9","emptyAstarTime":19,"emptyRoute":[],"emptyRouteTime":0,"emptyCountFrag":0,"endGeohash":"wx4enrq9mm9","loadAstarTime":1,"loadRoute":[],"loadRouteTime":0,"loadCountFrag":0},{"passengerId":"0x49c7f84ca89d2ffb5dc35eba1d88b731fe1c53df000000000000000000000000","passengerGeohash":"wx4eq7rgmxk","vehicleId":"0x377d27404b760a49b3d3254e5781869d6a8aaea2","vehicleStartPosition":"wx4eqt6u0vu","emptyAstarTime":30,"emptyRoute":[],"emptyRouteTime":0,"emptyCountFrag":0,"endGeohash":"wx4eqt6u0vu","loadAstarTime":2,"loadRoute":[],"loadRouteTime":0,"loadCountFrag":0},{"passengerId":"0xe833f3be862ddfc8c1ac8f6ba52c593e2cdf8198000000000000000000000000","passengerGeohash":"wx4erd4xkyz","vehicleId":"0x1588548bb0da1db5ee57a6c4c2030a4303c3ed49","vehicleStartPosition":"wx4erw9rmze","emptyAstarTime":29,"emptyRoute":[],"emptyRouteTime":0,"emptyCountFrag":0,"endGeohash":"wx4erw9rmze","loadAstarTime":2,"loadRoute":[],"loadRouteTime":0,"loadCountFrag":0},{"passengerId":"0x172f1a41f8e4656571ce152786635b6a3aab4c3c000000000000000000000000","passengerGeohash":"wx4erd4xkyz","vehicleId":"0x15efe26bbeb031ac0f0cca28376e3ed946fe7aae","vehicleStartPosition":"wx4erw9rmze","emptyAstarTime":30,"emptyRoute":[],"emptyRouteTime":0,"emptyCountFrag":0,"endGeohash":"wx4erw9rmze","loadAstarTime":25,"loadRoute":[],"loadRouteTime":0,"loadCountFrag":0},{"passengerId":"0xd6c18c15ee56beeaf9a94322f0fcc958b611a323000000000000000000000000","passengerGeohash":"wx4eq7rgmxk","vehicleId":"0x390c7d4dd2ebf9ed632175776adf09d19ed3da4c","vehicleStartPosition":"wx4eqt6u0vu","emptyAstarTime":28,"emptyRoute":[],"emptyRouteTime":0,"emptyCountFrag":0,"endGeohash":"wx4eqt6u0vu","loadAstarTime":3,"loadRoute":[],"loadRouteTime":0,"loadCountFrag":0},{"passengerId":"0x4093777e3bf0a104ef5576011a965c58a206b69b000000000000000000000000","passengerGeohash":"wx4enscgue5","vehicleId":"0x196424dd2bf7c978228ebd7a17b38b993d650696","vehicleStartPosition":"wx4enrq9mm9","emptyAstarTime":36,"emptyRoute":[],"emptyRouteTime":0,"emptyCountFrag":0,"endGeohash":"wx4enrq9mm9","loadAstarTime":3,"loadRoute":[],"loadRouteTime":0,"loadCountFrag":0},{"passengerId":"0xef03c9f4d5f4b29626dd625852810a353dddfeb3000000000000000000000000","passengerGeohash":"wx4erd4xkyz","vehicleId":"0x1b15d8085fbf79d34751861f333fefeee25a5cd7","vehicleStartPosition":"wx4erw9rmze","emptyAstarTime":8,"emptyRoute":[],"emptyRouteTime":0,"emptyCountFrag":0,"endGeohash":"wx4erw9rmze","loadAstarTime":19,"loadRoute":[],"loadRouteTime":0,"loadCountFrag":0},{"passengerId":"0x2888bd343cbbc9cb5469c7a3c52d51dff4350d97000000000000000000000000","passengerGeohash":"wx4epb8scg1","vehicleId":"0x05d6ca3c365ab26983bfca03809309a8258e3f62","vehicleStartPosition":"wx4ep8e5gw0","emptyAstarTime":9,"emptyRoute":[],"emptyRouteTime":0,"emptyCountFrag":0,"endGeohash":"wx4ep8e5gw0","loadAstarTime":6,"loadRoute":[],"loadRouteTime":0,"loadCountFrag":0},{"passengerId":"0x16b22e2402a183dcaf5b1fb73f64689b7700a2a0000000000000000000000000","passengerGeohash":"wx4eq7rgmxk","vehicleId":"0x43349b16295abd084a1dbae5f04383de7b7db5d5","vehicleStartPosition":"wx4eqt6u0vu","emptyAstarTime":28,"emptyRoute":[],"emptyRouteTime":0,"emptyCountFrag":0,"endGeohash":"wx4eqt6u0vu","loadAstarTime":2,"loadRoute":[],"loadRouteTime":0,"loadCountFrag":0},{"passengerId":"0xa7c6f824d33b3f4f6084687971649bcfff20ac72000000000000000000000000","passengerGeohash":"wx4erd4xkyz","vehicleId":"0x1bfa47b71d0c99399ef664cc69ca8244ef6ecee3","vehicleStartPosition":"wx4erw9rmze","emptyAstarTime":28,"emptyRoute":[],"emptyRouteTime":0,"emptyCountFrag":0,"endGeohash":"wx4erw9rmze","loadAstarTime":2,"loadRoute":[],"loadRouteTime":0,"loadCountFrag":0},{"passengerId":"0xac9538cfc801744aad1662af15ac6c25d877cf5b000000000000000000000000","passengerGeohash":"wx4erd4xkyz","vehicleId":"0x25d791be668aa0577373409958e917770b17aefc","vehicleStartPosition":"wx4erw9rmze","emptyAstarTime":24,"emptyRoute":[],"emptyRouteTime":0,"emptyCountFrag":0,"endGeohash":"wx4erw9rmze","loadAstarTime":6,"loadRoute":[],"loadRouteTime":0,"loadCountFrag":0},{"passengerId":"0x43a056d660a0c033adcf7aa2c9ee984c2f4fd1e7000000000000000000000000","passengerGeohash":"wx4erd4xkyz","vehicleId":"0x132f6c4c40f72942599c46aa16653e0405168a07","vehicleStartPosition":"wx4erw9rmze","emptyAstarTime":16,"emptyRoute":[],"emptyRouteTime":0,"emptyCountFrag":0,"endGeohash":"wx4erw9rmze","loadAstarTime":17,"loadRoute":[],"loadRouteTime":0,"loadCountFrag":0},{"passengerId":"0x524ced5b4382264574313760c481d131e49cea06000000000000000000000000","passengerGeohash":"wx4eq7rgmxk","vehicleId":"0x20e74d6701f55d1c9b937f28499fbed7b8559c0f","vehicleStartPosition":"wx4eqt6u0vu","emptyAstarTime":5,"emptyRoute":[],"emptyRouteTime":0,"emptyCountFrag":0,"endGeohash":"wx4eqt6u0vu","loadAstarTime":1,"loadRoute":[],"loadRouteTime":0,"loadCountFrag":0},{"passengerId":"0x42389309e69a2b32b98f04bc8255ad971797f757000000000000000000000000","passengerGeohash":"wx4enscgue5","vehicleId":"0x12d0e4381ef94a70a49252e35b9a65fadd3872b9","vehicleStartPosition":"wx4enrq9mm9","emptyAstarTime":5,"emptyRoute":[],"emptyRouteTime":0,"emptyCountFrag":0,"endGeohash":"wx4enrq9mm9","loadAstarTime":1,"loadRoute":[],"loadRouteTime":0,"loadCountFrag":0},{"passengerId":"0xe3cfc7fd117fa5762bfb5390acbdf48557a18ac2000000000000000000000000","passengerGeohash":"wx4epb8scg1","vehicleId":"0x00cbd2864b7c93822826f80a7c968a2ada1cbaa7","vehicleStartPosition":"wx4ep8e5gw0","emptyAstarTime":12,"emptyRoute":[],"emptyRouteTime":0,"emptyCountFrag":0,"endGeohash":"wx4ep8e5gw0","loadAstarTime":1,"loadRoute":[],"loadRouteTime":0,"loadCountFrag":0},{"passengerId":"0x62b4b91e944da60b258acf5a8777a3d61da1e831000000000000000000000000","passengerGeohash":"wx4erd4xkyz","vehicleId":"0x1588548bb0da1db5ee57a6c4c2030a4303c3ed49","vehicleStartPosition":"wx4erw9rmze","emptyAstarTime":13,"emptyRoute":[],"emptyRouteTime":0,"emptyCountFrag":0,"endGeohash":"wx4erw9rmze","loadAstarTime":2,"loadRoute":[],"loadRouteTime":0,"loadCountFrag":0},{"passengerId":"0x20a87ebe8156e5286084ce99165c02672cb0cb36000000000000000000000000","passengerGeohash":"wx4erd4xkyz","vehicleId":"0x15efe26bbeb031ac0f0cca28376e3ed946fe7aae","vehicleStartPosition":"wx4erw9rmze","emptyAstarTime":5,"emptyRoute":[],"emptyRouteTime":0,"emptyCountFrag":0,"endGeohash":"wx4erw9rmze","loadAstarTime":1,"loadRoute":[],"loadRouteTime":0,"loadCountFrag":0},{"passengerId":"0x99f859fba99facf38c0f6263b9794f672147f4aa000000000000000000000000","passengerGeohash":"wx4eq7rgmxk","vehicleId":"0x327c19b8686de592ab2e6c182f1b00c3c9f80026","vehicleStartPosition":"wx4eqt6u0vu","emptyAstarTime":2,"emptyRoute":[],"emptyRouteTime":0,"emptyCountFrag":0,"endGeohash":"wx4eqt6u0vu","loadAstarTime":25,"loadRoute":[],"loadRouteTime":0,"loadCountFrag":0},{"passengerId":"0xffbf1271569eea0a9366bacfba3957f7bfddf272000000000000000000000000","passengerGeohash":"wx4erd4xkyz","vehicleId":"0x1b15d8085fbf79d34751861f333fefeee25a5cd7","vehicleStartPosition":"wx4erw9rmze","emptyAstarTime":12,"emptyRoute":[],"emptyRouteTime":0,"emptyCountFrag":0,"endGeohash":"wx4erw9rmze","loadAstarTime":2,"loadRoute":[],"loadRouteTime":0,"loadCountFrag":0},{"passengerId":"0x7cefd545055114e6b058ed0d110d4ac012a99cd7000000000000000000000000","passengerGeohash":"wx4eq7rgmxk","vehicleId":"0x377d27404b760a49b3d3254e5781869d6a8aaea2","vehicleStartPosition":"wx4eqt6u0vu","emptyAstarTime":17,"emptyRoute":[],"emptyRouteTime":0,"emptyCountFrag":0,"endGeohash":"wx4eqt6u0vu","loadAstarTime":4,"loadRoute":[],"loadRouteTime":0,"loadCountFrag":0},{"passengerId":"0xee6e220d86366845afbdb1213c122c8a7424a03e000000000000000000000000","passengerGeohash":"wx4eq7rgmxk","vehicleId":"0x390c7d4dd2ebf9ed632175776adf09d19ed3da4c","vehicleStartPosition":"wx4eqt6u0vu","emptyAstarTime":17,"emptyRoute":[],"emptyRouteTime":0,"emptyCountFrag":0,"endGeohash":"wx4eqt6u0vu","loadAstarTime":1,"loadRoute":[],"loadRouteTime":0,"loadCountFrag":0},{"passengerId":"0x5482002756a0678a1049988a3effb6ee9f26e6e7000000000000000000000000","passengerGeohash":"wx4erd4xkyz","vehicleId":"0x1bfa47b71d0c99399ef664cc69ca8244ef6ecee3","vehicleStartPosition":"wx4erw9rmze","emptyAstarTime":9,"emptyRoute":[],"emptyRouteTime":0,"emptyCountFrag":0,"endGeohash":"wx4erw9rmze","loadAstarTime":1,"loadRoute":[],"loadRouteTime":0,"loadCountFrag":0},{"passengerId":"0xeef75753e18f97f0ee8a61119d84cdba23d22a7f000000000000000000000000","passengerGeohash":"wx4epb8scg1","vehicleId":"0x05d6ca3c365ab26983bfca03809309a8258e3f62","vehicleStartPosition":"wx4ep8e5gw0","emptyAstarTime":16,"emptyRoute":[],"emptyRouteTime":0,"emptyCountFrag":0,"endGeohash":"wx4ep8e5gw0","loadAstarTime":1,"loadRoute":[],"loadRouteTime":0,"loadCountFrag":0},{"passengerId":"0x0d38502b24c64bfc5b635720bf299384cc2594de000000000000000000000000","passengerGeohash":"wx4erd4xkyz","vehicleId":"0x25d791be668aa0577373409958e917770b17aefc","vehicleStartPosition":"wx4erw9rmze","emptyAstarTime":10,"emptyRoute":[],"emptyRouteTime":0,"emptyCountFrag":0,"endGeohash":"wx4erw9rmze","loadAstarTime":3,"loadRoute":[],"loadRouteTime":0,"loadCountFrag":0},{"passengerId":"0xe5c2e3eaf8883a9d5ed7089e0484cfa6b027d816000000000000000000000000","passengerGeohash":"wx4eq7rgmxk","vehicleId":"0x43349b16295abd084a1dbae5f04383de7b7db5d5","vehicleStartPosition":"wx4eqt6u0vu","emptyAstarTime":3,"emptyRoute":[],"emptyRouteTime":0,"emptyCountFrag":0,"endGeohash":"wx4eqt6u0vu","loadAstarTime":1,"loadRoute":[],"loadRouteTime":0,"loadCountFrag":0},{"passengerId":"0xbd2e487a16c3f7f18667b2901a2a2e336dca88c8000000000000000000000000","passengerGeohash":"wx4erd4xkyz","vehicleId":"0x132f6c4c40f72942599c46aa16653e0405168a07","vehicleStartPosition":"wx4erw9rmze","emptyAstarTime":5,"emptyRoute":[],"emptyRouteTime":0,"emptyCountFrag":0,"endGeohash":"wx4erw9rmze","loadAstarTime":2,"loadRoute":[],"loadRouteTime":0,"loadCountFrag":0},{"passengerId":"0x98c53b4ec1bc96a396f41175cf2ca571367820a7000000000000000000000000","passengerGeohash":"wx4erd4xkyz","vehicleId":"0x1588548bb0da1db5ee57a6c4c2030a4303c3ed49","vehicleStartPosition":"wx4erw9rmze","emptyAstarTime":6,"emptyRoute":[],"emptyRouteTime":0,"emptyCountFrag":0,"endGeohash":"wx4erw9rmze","loadAstarTime":1,"loadRoute":[],"loadRouteTime":0,"loadCountFrag":0},{"passengerId":"0xb560b30b372dae7df40f67cd542730f5de15cefa000000000000000000000000","passengerGeohash":"wx4eq7rgmxk","vehicleId":"0x20e74d6701f55d1c9b937f28499fbed7b8559c0f","vehicleStartPosition":"wx4eqt6u0vu","emptyAstarTime":15,"emptyRoute":[],"emptyRouteTime":0,"emptyCountFrag":0,"endGeohash":"wx4eqt6u0vu","loadAstarTime":1,"loadRoute":[],"loadRouteTime":0,"loadCountFrag":0},{"passengerId":"0xd2ed0cb17fd847c8aa8bc8e9ed3870481ede088b000000000000000000000000","passengerGeohash":"wx4enscgue5","vehicleId":"0x12d0e4381ef94a70a49252e35b9a65fadd3872b9","vehicleStartPosition":"wx4enrq9mm9","emptyAstarTime":20,"emptyRoute":[],"emptyRouteTime":0,"emptyCountFrag":0,"endGeohash":"wx4enrq9mm9","loadAstarTime":1,"loadRoute":[],"loadRouteTime":0,"loadCountFrag":0},{"passengerId":"0x8f65ffd51b4cf5ecdccf6e6d08d7b0893ed2e24a000000000000000000000000","passengerGeohash":"wx4erd4xkyz","vehicleId":"0x15efe26bbeb031ac0f0cca28376e3ed946fe7aae","vehicleStartPosition":"wx4erw9rmze","emptyAstarTime":14,"emptyRoute":[],"emptyRouteTime":0,"emptyCountFrag":0,"endGeohash":"wx4erw9rmze","loadAstarTime":2,"loadRoute":[],"loadRouteTime":0,"loadCountFrag":0},{"passengerId":"0xb08c2456169491982bb3ab852eae8ee3300b9261000000000000000000000000","passengerGeohash":"wx4epb8scg1","vehicleId":"0x00cbd2864b7c93822826f80a7c968a2ada1cbaa7","vehicleStartPosition":"wx4ep8e5gw0","emptyAstarTime":14,"emptyRoute":[],"emptyRouteTime":0,"emptyCountFrag":0,"endGeohash":"wx4ep8e5gw0","loadAstarTime":2,"loadRoute":[],"loadRouteTime":0,"loadCountFrag":0},{"passengerId":"0x092f0e6aeaaad8f6308c54ad7c97a7120d8ef8b5000000000000000000000000","passengerGeohash":"wx4eq7rgmxk","vehicleId":"0x327c19b8686de592ab2e6c182f1b00c3c9f80026","vehicleStartPosition":"wx4eqt6u0vu","emptyAstarTime":6,"emptyRoute":[],"emptyRouteTime":0,"emptyCountFrag":0,"endGeohash":"wx4eqt6u0vu","loadAstarTime":2,"loadRoute":[],"loadRouteTime":0,"loadCountFrag":0},{"passengerId":"0x395d706a2f6eb62fff9dbb61c42a941e4ebcb112000000000000000000000000","passengerGeohash":"wx4erd4xkyz","vehicleId":"0x1b15d8085fbf79d34751861f333fefeee25a5cd7","vehicleStartPosition":"wx4erw9rmze","emptyAstarTime":9,"emptyRoute":[],"emptyRouteTime":0,"emptyCountFrag":0,"endGeohash":"wx4erw9rmze","loadAstarTime":1,"loadRoute":[],"loadRouteTime":0,"loadCountFrag":0},{"passengerId":"0xd1e67dabefd2990196836433a22ea1bb148ffde1000000000000000000000000","passengerGeohash":"wx4erd4xkyz","vehicleId":"0x132f6c4c40f72942599c46aa16653e0405168a07","vehicleStartPosition":"wx4erw9rmze","emptyAstarTime":11,"emptyRoute":[],"emptyRouteTime":0,"emptyCountFrag":0,"endGeohash":"wx4erw9rmze","loadAstarTime":1,"loadRoute":[],"loadRouteTime":0,"loadCountFrag":0},{"passengerId":"0xddfc8e76b2bd61e9359ea5a2ed639d73e74ded71000000000000000000000000","passengerGeohash":"wx4eq7rgmxk","vehicleId":"0x20e74d6701f55d1c9b937f28499fbed7b8559c0f","vehicleStartPosition":"wx4eqt6u0vu","emptyAstarTime":1,"emptyRoute":[],"emptyRouteTime":0,"emptyCountFrag":0,"endGeohash":"wx4eqt6u0vu","loadAstarTime":1,"loadRoute":[],"loadRouteTime":0,"loadCountFrag":0},{"passengerId":"0xe86ca8f3a25a90ecf1d02f2ee818ddf8d8ca6a8a000000000000000000000000","passengerGeohash":"wx4erd4xkyz","vehicleId":"0x1588548bb0da1db5ee57a6c4c2030a4303c3ed49","vehicleStartPosition":"wx4erw9rmze","emptyAstarTime":3,"emptyRoute":[],"emptyRouteTime":0,"emptyCountFrag":0,"endGeohash":"wx4erw9rmze","loadAstarTime":1,"loadRoute":[],"loadRouteTime":0,"loadCountFrag":0},{"passengerId":"0x25eca363b1883510982b1343d92762accde5347b000000000000000000000000","passengerGeohash":"wx4erd4xkyz","vehicleId":"0x15efe26bbeb031ac0f0cca28376e3ed946fe7aae","vehicleStartPosition":"wx4erw9rmze","emptyAstarTime":2,"emptyRoute":[],"emptyRouteTime":0,"emptyCountFrag":0,"endGeohash":"wx4erw9rmze","loadAstarTime":1,"loadRoute":[],"loadRouteTime":0,"loadCountFrag":0},{"passengerId":"0xd30d093abb9d34fb14917d07121ed6a61cb1f99e000000000000000000000000","passengerGeohash":"wx4epb8scg1","vehicleId":"0x00cbd2864b7c93822826f80a7c968a2ada1cbaa7","vehicleStartPosition":"wx4ep8e5gw0","emptyAstarTime":2,"emptyRoute":[],"emptyRouteTime":0,"emptyCountFrag":0,"endGeohash":"wx4ep8e5gw0","loadAstarTime":2,"loadRoute":[],"loadRouteTime":0,"loadCountFrag":0},{"passengerId":"0x27ff8a06ca69b16c194a5132a1925d358c89ff39000000000000000000000000","passengerGeohash":"wx4eq7rgmxk","vehicleId":"0x327c19b8686de592ab2e6c182f1b00c3c9f80026","vehicleStartPosition":"wx4eqt6u0vu","emptyAstarTime":9,"emptyRoute":[],"emptyRouteTime":0,"emptyCountFrag":0,"endGeohash":"wx4eqt6u0vu","loadAstarTime":1,"loadRoute":[],"loadRouteTime":0,"loadCountFrag":0},{"passengerId":"0xd3f0a049b88a3b2c2d3640693c9ef45a4ba0ced5000000000000000000000000","passengerGeohash":"wx4erd4xkyz","vehicleId":"0x132f6c4c40f72942599c46aa16653e0405168a07","vehicleStartPosition":"wx4erw9rmze","emptyAstarTime":2,"emptyRoute":[],"emptyRouteTime":0,"emptyCountFrag":0,"endGeohash":"wx4erw9rmze","loadAstarTime":1,"loadRoute":[],"loadRouteTime":0,"loadCountFrag":0},{"passengerId":"0x03875bcc0db199992266825e2c1cf0f5bfc200d2000000000000000000000000","passengerGeohash":"wx4enscgue5","vehicleId":"0x12d0e4381ef94a70a49252e35b9a65fadd3872b9","vehicleStartPosition":"wx4enrq9mm9","emptyAstarTime":4,"emptyRoute":[],"emptyRouteTime":0,"emptyCountFrag":0,"endGeohash":"wx4enrq9mm9","loadAstarTime":1,"loadRoute":[],"loadRouteTime":0,"loadCountFrag":0},{"passengerId":"0x170d67b04d990cfa4326549efeafb86f4b95b9dc000000000000000000000000","passengerGeohash":"wx4eq7rgmxk","vehicleId":"0x20e74d6701f55d1c9b937f28499fbed7b8559c0f","vehicleStartPosition":"wx4eqt6u0vu","emptyAstarTime":6,"emptyRoute":[],"emptyRouteTime":0,"emptyCountFrag":0,"endGeohash":"wx4eqt6u0vu","loadAstarTime":1,"loadRoute":[],"loadRouteTime":0,"loadCountFrag":0},{"passengerId":"0x3007e2b9de5a7a57c84cd64609441bef2d29a9d0000000000000000000000000","passengerGeohash":"wx4epb8scg1","vehicleId":"0x00cbd2864b7c93822826f80a7c968a2ada1cbaa7","vehicleStartPosition":"wx4ep8e5gw0","emptyAstarTime":3,"emptyRoute":[],"emptyRouteTime":0,"emptyCountFrag":0,"endGeohash":"wx4ep8e5gw0","loadAstarTime":1,"loadRoute":[],"loadRouteTime":0,"loadCountFrag":0},{"passengerId":"0x95222fdd3b6bf2c9156e2760369f046b1c61b965000000000000000000000000","passengerGeohash":"wx4erd4xkyz","vehicleId":"0x1588548bb0da1db5ee57a6c4c2030a4303c3ed49","vehicleStartPosition":"wx4erw9rmze","emptyAstarTime":6,"emptyRoute":[],"emptyRouteTime":0,"emptyCountFrag":0,"endGeohash":"wx4erw9rmze","loadAstarTime":2,"loadRoute":[],"loadRouteTime":0,"loadCountFrag":0},{"passengerId":"0x7a594ef9f871e4ef17c8d659aa58b3b09e090cf3000000000000000000000000","passengerGeohash":"wx4epb8scg1","vehicleId":"0x05d6ca3c365ab26983bfca03809309a8258e3f62","vehicleStartPosition":"wx4ep8e5gw0","emptyAstarTime":1,"emptyRoute":[],"emptyRouteTime":0,"emptyCountFrag":0,"endGeohash":"wx4ep8e5gw0","loadAstarTime":0,"loadRoute":[],"loadRouteTime":0,"loadCountFrag":0},{"passengerId":"0x98f3af9a9d129dd78041b588c36cff0afefddc05000000000000000000000000","passengerGeohash":"wx4eq7rgmxk","vehicleId":"0x327c19b8686de592ab2e6c182f1b00c3c9f80026","vehicleStartPosition":"wx4eqt6u0vu","emptyAstarTime":3,"emptyRoute":[],"emptyRouteTime":0,"emptyCountFrag":0,"endGeohash":"wx4eqt6u0vu","loadAstarTime":1,"loadRoute":[],"loadRouteTime":0,"loadCountFrag":0},{"passengerId":"0x9c82fd514b0283c75b2439979d863b0459bceb53000000000000000000000000","passengerGeohash":"wx4erd4xkyz","vehicleId":"0x132f6c4c40f72942599c46aa16653e0405168a07","vehicleStartPosition":"wx4erw9rmze","emptyAstarTime":2,"emptyRoute":[],"emptyRouteTime":0,"emptyCountFrag":0,"endGeohash":"wx4erw9rmze","loadAstarTime":1,"loadRoute":[],"loadRouteTime":0,"loadCountFrag":0},{"passengerId":"0x0de4d33bb26cb0107ac34844054f6f975c587554000000000000000000000000","passengerGeohash":"wx4eq7rgmxk","vehicleId":"0x20e74d6701f55d1c9b937f28499fbed7b8559c0f","vehicleStartPosition":"wx4eqt6u0vu","emptyAstarTime":15,"emptyRoute":[],"emptyRouteTime":0,"emptyCountFrag":0,"endGeohash":"wx4eqt6u0vu","loadAstarTime":1,"loadRoute":[],"loadRouteTime":0,"loadCountFrag":0},{"passengerId":"0xa3c55eb2e949ad3ec6844e8f3ac90af0a25c2776000000000000000000000000","passengerGeohash":"wx4erd4xkyz","vehicleId":"0x1588548bb0da1db5ee57a6c4c2030a4303c3ed49","vehicleStartPosition":"wx4erw9rmze","emptyAstarTime":12,"emptyRoute":[],"emptyRouteTime":0,"emptyCountFrag":0,"endGeohash":"wx4erw9rmze","loadAstarTime":1,"loadRoute":[],"loadRouteTime":0,"loadCountFrag":0},{"passengerId":"0x3c28dc70332560ed17d1002704780df9df497abb000000000000000000000000","passengerGeohash":"wx4epb8scg1","vehicleId":"0x00cbd2864b7c93822826f80a7c968a2ada1cbaa7","vehicleStartPosition":"wx4ep8e5gw0","emptyAstarTime":5,"emptyRoute":[],"emptyRouteTime":0,"emptyCountFrag":0,"endGeohash":"wx4ep8e5gw0","loadAstarTime":1,"loadRoute":[],"loadRouteTime":0,"loadCountFrag":0},{"passengerId":"0x6373f671766369c7d6fd8b4bafab42808c547ac8000000000000000000000000","passengerGeohash":"wx4erd4xkyz","vehicleId":"0x132f6c4c40f72942599c46aa16653e0405168a07","vehicleStartPosition":"wx4erw9rmze","emptyAstarTime":2,"emptyRoute":[],"emptyRouteTime":0,"emptyCountFrag":0,"endGeohash":"wx4erw9rmze","loadAstarTime":1,"loadRoute":[],"loadRouteTime":0,"loadCountFrag":0},{"passengerId":"0xf0ce9fe96ac15405e4fd51a62cbdbdaef2d36372000000000000000000000000","passengerGeohash":"wx4enscgue5","vehicleId":"0x12d0e4381ef94a70a49252e35b9a65fadd3872b9","vehicleStartPosition":"wx4enrq9mm9","emptyAstarTime":2,"emptyRoute":[],"emptyRouteTime":0,"emptyCountFrag":0,"endGeohash":"wx4enrq9mm9","loadAstarTime":2,"loadRoute":[],"loadRouteTime":0,"loadCountFrag":0},{"passengerId":"0xcc34b6ee3e8e077796ce9aadf496d581c1c1172a000000000000000000000000","passengerGeohash":"wx4erd4xkyz","vehicleId":"0x1588548bb0da1db5ee57a6c4c2030a4303c3ed49","vehicleStartPosition":"wx4erw9rmze","emptyAstarTime":5,"emptyRoute":[],"emptyRouteTime":0,"emptyCountFrag":0,"endGeohash":"wx4erw9rmze","loadAstarTime":1,"loadRoute":[],"loadRouteTime":0,"loadCountFrag":0},{"passengerId":"0x23618f01f25261d31c3adec02c22b1ee7407e318000000000000000000000000","passengerGeohash":"wx4erd4xkyz","vehicleId":"0x132f6c4c40f72942599c46aa16653e0405168a07","vehicleStartPosition":"wx4erw9rmze","emptyAstarTime":4,"emptyRoute":[],"emptyRouteTime":0,"emptyCountFrag":0,"endGeohash":"wx4erw9rmze","loadAstarTime":0,"loadRoute":[],"loadRouteTime":0,"loadCountFrag":0},{"passengerId":"0xc64efbfcb752a3822f6b8d7c96b0502e81ce2882000000000000000000000000","passengerGeohash":"wx4eq7rgmxk","vehicleId":"0x20e74d6701f55d1c9b937f28499fbed7b8559c0f","vehicleStartPosition":"wx4eqt6u0vu","emptyAstarTime":4,"emptyRoute":[],"emptyRouteTime":0,"emptyCountFrag":0,"endGeohash":"wx4eqt6u0vu","loadAstarTime":1,"loadRoute":[],"loadRouteTime":0,"loadCountFrag":0},{"passengerId":"0x0c05c7ae6e3a58c23e5d27fc1d121ed1aec0f738000000000000000000000000","passengerGeohash":"wx4epb8scg1","vehicleId":"0x00cbd2864b7c93822826f80a7c968a2ada1cbaa7","vehicleStartPosition":"wx4ep8e5gw0","emptyAstarTime":4,"emptyRoute":[],"emptyRouteTime":0,"emptyCountFrag":0,"endGeohash":"wx4ep8e5gw0","loadAstarTime":0,"loadRoute":[],"loadRouteTime":0,"loadCountFrag":0},{"passengerId":"0x6a830145ff4b35a0ecd3cafd0db84ea451361810000000000000000000000000","passengerGeohash":"wx4erd4xkyz","vehicleId":"0x132f6c4c40f72942599c46aa16653e0405168a07","vehicleStartPosition":"wx4erw9rmze","emptyAstarTime":3,"emptyRoute":[],"emptyRouteTime":0,"emptyCountFrag":0,"endGeohash":"wx4erw9rmze","loadAstarTime":1,"loadRoute":[],"loadRouteTime":0,"loadCountFrag":0},{"passengerId":"0x32a71253fcbb62f00ceea65c0c680a9a3e80b7d1000000000000000000000000","passengerGeohash":"wx4erd4xkyz","vehicleId":"0x1588548bb0da1db5ee57a6c4c2030a4303c3ed49","vehicleStartPosition":"wx4erw9rmze","emptyAstarTime":2,"emptyRoute":[],"emptyRouteTime":0,"emptyCountFrag":0,"endGeohash":"wx4erw9rmze","loadAstarTime":1,"loadRoute":[],"loadRouteTime":0,"loadCountFrag":0},{"passengerId":"0x3449a20e1b4700ffd4dd49f0fc14bcac44fee63c000000000000000000000000","passengerGeohash":"wx4enscgue5","vehicleId":"0x12d0e4381ef94a70a49252e35b9a65fadd3872b9","vehicleStartPosition":"wx4enrq9mm9","emptyAstarTime":1,"emptyRoute":[],"emptyRouteTime":0,"emptyCountFrag":0,"endGeohash":"wx4enrq9mm9","loadAstarTime":1,"loadRoute":[],"loadRouteTime":0,"loadCountFrag":0},{"passengerId":"0x07f4d74e86c2501a96b032f05daf6d9603f1a596000000000000000000000000","passengerGeohash":"wx4eq7rgmxk","vehicleId":"0x20e74d6701f55d1c9b937f28499fbed7b8559c0f","vehicleStartPosition":"wx4eqt6u0vu","emptyAstarTime":5,"emptyRoute":[],"emptyRouteTime":0,"emptyCountFrag":0,"endGeohash":"wx4eqt6u0vu","loadAstarTime":1,"loadRoute":[],"loadRouteTime":0,"loadCountFrag":0},{"passengerId":"0x2a52bc09f527f500c7fc62c63f681d24dad62a77000000000000000000000000","passengerGeohash":"wx4epb8scg1","vehicleId":"0x00cbd2864b7c93822826f80a7c968a2ada1cbaa7","vehicleStartPosition":"wx4ep8e5gw0","emptyAstarTime":4,"emptyRoute":[],"emptyRouteTime":0,"emptyCountFrag":0,"endGeohash":"wx4ep8e5gw0","loadAstarTime":3,"loadRoute":[],"loadRouteTime":0,"loadCountFrag":0},{"passengerId":"0x703a4bbfcd232c7cd0ce47d7060c387ef9a2436b000000000000000000000000","passengerGeohash":"wx4erd4xkyz","vehicleId":"0x132f6c4c40f72942599c46aa16653e0405168a07","vehicleStartPosition":"wx4erw9rmze","emptyAstarTime":2,"emptyRoute":[],"emptyRouteTime":0,"emptyCountFrag":0,"endGeohash":"wx4erw9rmze","loadAstarTime":1,"loadRoute":[],"loadRouteTime":0,"loadCountFrag":0},{"passengerId":"0xa988e958c9de98957d736d02e5b8a71a6f75dd14000000000000000000000000","passengerGeohash":"wx4erd4xkyz","vehicleId":"0x1588548bb0da1db5ee57a6c4c2030a4303c3ed49","vehicleStartPosition":"wx4erw9rmze","emptyAstarTime":3,"emptyRoute":[],"emptyRouteTime":0,"emptyCountFrag":0,"endGeohash":"wx4erw9rmze","loadAstarTime":1,"loadRoute":[],"loadRouteTime":0,"loadCountFrag":0},{"passengerId":"0xef0d03069e88fb45575f66aa4345b5448408dcfc000000000000000000000000","passengerGeohash":"wx4eq7rgmxk","vehicleId":"0x20e74d6701f55d1c9b937f28499fbed7b8559c0f","vehicleStartPosition":"wx4eqt6u0vu","emptyAstarTime":1,"emptyRoute":[],"emptyRouteTime":0,"emptyCountFrag":0,"endGeohash":"wx4eqt6u0vu","loadAstarTime":1,"loadRoute":[],"loadRouteTime":0,"loadCountFrag":0},{"passengerId":"0x2a772e261792d208c40d685b31673a85ad18eb90000000000000000000000000","passengerGeohash":"wx4epb8scg1","vehicleId":"0x00cbd2864b7c93822826f80a7c968a2ada1cbaa7","vehicleStartPosition":"wx4ep8e5gw0","emptyAstarTime":2,"emptyRoute":[],"emptyRouteTime":0,"emptyCountFrag":0,"endGeohash":"wx4ep8e5gw0","loadAstarTime":1,"loadRoute":[],"loadRouteTime":0,"loadCountFrag":0},{"passengerId":"0x8c2d065b423c841cffa3375b15e73d1f43ee60d2000000000000000000000000","passengerGeohash":"wx4erd4xkyz","vehicleId":"0x132f6c4c40f72942599c46aa16653e0405168a07","vehicleStartPosition":"wx4erw9rmze","emptyAstarTime":4,"emptyRoute":[],"emptyRouteTime":0,"emptyCountFrag":0,"endGeohash":"wx4erw9rmze","loadAstarTime":1,"loadRoute":[],"loadRouteTime":0,"loadCountFrag":0},{"passengerId":"0x1cf507a8ff155587e445db4641b2dda6048e5349000000000000000000000000","passengerGeohash":"wx4erd4xkyz","vehicleId":"0x1588548bb0da1db5ee57a6c4c2030a4303c3ed49","vehicleStartPosition":"wx4erw9rmze","emptyAstarTime":2,"emptyRoute":[],"emptyRouteTime":0,"emptyCountFrag":0,"endGeohash":"wx4erw9rmze","loadAstarTime":0,"loadRoute":[],"loadRouteTime":0,"loadCountFrag":0},{"passengerId":"0xf85378de486a9514f26f3118450ff6409aaf2bfb000000000000000000000000","passengerGeohash":"wx4epb8scg1","vehicleId":"0x00cbd2864b7c93822826f80a7c968a2ada1cbaa7","vehicleStartPosition":"wx4ep8e5gw0","emptyAstarTime":1,"emptyRoute":[],"emptyRouteTime":0,"emptyCountFrag":0,"endGeohash":"wx4ep8e5gw0","loadAstarTime":1,"loadRoute":[],"loadRouteTime":0,"loadCountFrag":0}]