[{"passengerId":"0x91b40a93fc528a5c5291c3acaa1de939af17548f000000000000000000000000","passengerGeohash":"wx4erd4xkyz","vehicleId":"0x132f6c4c40f72942599c46aa16653e0405168a07","vehicleStartPosition":"wx4erw9rmze","emptyAstarTime":4,"emptyRoute":[],"emptyRouteTime":0,"emptyCountFrag":0,"endGeohash":"wx4erw9rmze","loadAstarTime":2,"loadRoute":[],"loadRouteTime":0,"loadCountFrag":0},{"passengerId":"0x62b4b91e944da60b258acf5a8777a3d61da1e831000000000000000000000000","passengerGeohash":"wx4erd4xkyz","vehicleId":"0x1588548bb0da1db5ee57a6c4c2030a4303c3ed49","vehicleStartPosition":"wx4erw9rmze","emptyAstarTime":4,"emptyRoute":[],"emptyRouteTime":0,"emptyCountFrag":0,"endGeohash":"wx4erw9rmze","loadAstarTime":2,"loadRoute":[],"loadRouteTime":0,"loadCountFrag":0},{"passengerId":"0x8f65ffd51b4cf5ecdccf6e6d08d7b0893ed2e24a000000000000000000000000","passengerGeohash":"wx4erd4xkyz","vehicleId":"0x15efe26bbeb031ac0f0cca28376e3ed946fe7aae","vehicleStartPosition":"wx4erw9rmze","emptyAstarTime":8,"emptyRoute":[],"emptyRouteTime":0,"emptyCountFrag":0,"endGeohash":"wx4erw9rmze","loadAstarTime":4,"loadRoute":[],"loadRouteTime":0,"loadCountFrag":0},{"passengerId":"0xe833f3be862ddfc8c1ac8f6ba52c593e2cdf8198000000000000000000000000","passengerGeohash":"wx4erd4xkyz","vehicleId":"0x1b15d8085fbf79d34751861f333fefeee25a5cd7","vehicleStartPosition":"wx4erw9rmze","emptyAstarTime":6,"emptyRoute":[],"emptyRouteTime":0,"emptyCountFrag":0,"endGeohash":"wx4erw9rmze","loadAstarTime":3,"loadRoute":[],"loadRouteTime":0,"loadCountFrag":0},{"passengerId":"0x395d706a2f6eb62fff9dbb61c42a941e4ebcb112000000000000000000000000","passengerGeohash":"wx4erd4xkyz","vehicleId":"0x132f6c4c40f72942599c46aa16653e0405168a07","vehicleStartPosition":"wx4erw9rmze","emptyAstarTime":5,"emptyRoute":[],"emptyRouteTime":0,"emptyCountFrag":0,"endGeohash":"wx4erw9rmze","loadAstarTime":3,"loadRoute":[],"loadRouteTime":0,"loadCountFrag":0},{"passengerId":"0x6373f671766369c7d6fd8b4bafab42808c547ac8000000000000000000000000","passengerGeohash":"wx4erd4xkyz","vehicleId":"0x1588548bb0da1db5ee57a6c4c2030a4303c3ed49","vehicleStartPosition":"wx4erw9rmze","emptyAstarTime":14,"emptyRoute":[],"emptyRouteTime":0,"emptyCountFrag":0,"endGeohash":"wx4erw9rmze","loadAstarTime":4,"loadRoute":[],"loadRouteTime":0,"loadCountFrag":0},{"passengerId":"0xd1e67dabefd2990196836433a22ea1bb148ffde1000000000000000000000000","passengerGeohash":"wx4erd4xkyz","vehicleId":"0x15efe26bbeb031ac0f0cca28376e3ed946fe7aae","vehicleStartPosition":"wx4erw9rmze","emptyAstarTime":4,"emptyRoute":[],"emptyRouteTime":0,"emptyCountFrag":0,"endGeohash":"wx4erw9rmze","loadAstarTime":4,"loadRoute":[],"loadRouteTime":0,"loadCountFrag":0},{"passengerId":"0x172f1a41f8e4656571ce152786635b6a3aab4c3c000000000000000000000000","passengerGeohash":"wx4erd4xkyz","vehicleId":"0x1b15d8085fbf79d34751861f333fefeee25a5cd7","vehicleStartPosition":"wx4erw9rmze","emptyAstarTime":4,"emptyRoute":[],"emptyRouteTime":0,"emptyCountFrag":0,"endGeohash":"wx4erw9rmze","loadAstarTime":2,"loadRoute":[],"loadRouteTime":0,"loadCountFrag":0},{"passengerId":"0x6a830145ff4b35a0ecd3cafd0db84ea451361810000000000000000000000000","passengerGeohash":"wx4erd4xkyz","vehicleId":"0x1bfa47b71d0c99399ef664cc69ca8244ef6ecee3","vehicleStartPosition":"wx4erw9rmze","emptyAstarTime":5,"emptyRoute":[],"emptyRouteTime":0,"emptyCountFrag":0,"endGeohash":"wx4erw9rmze","loadAstarTime":3,"loadRoute":[],"loadRouteTime":0,"loadCountFrag":0},{"passengerId":"0x703a4bbfcd232c7cd0ce47d7060c387ef9a2436b000000000000000000000000","passengerGeohash":"wx4erd4xkyz","vehicleId":"0x132f6c4c40f72942599c46aa16653e0405168a07","vehicleStartPosition":"wx4erw9rmze","emptyAstarTime":9,"emptyRoute":[],"emptyRouteTime":0,"emptyCountFrag":0,"endGeohash":"wx4erw9rmze","loadAstarTime":4,"loadRoute":[],"loadRouteTime":0,"loadCountFrag":0},{"passengerId":"0x95222fdd3b6bf2c9156e2760369f046b1c61b965000000000000000000000000","passengerGeohash":"wx4erd4xkyz","vehicleId":"0x1588548bb0da1db5ee57a6c4c2030a4303c3ed49","vehicleStartPosition":"wx4erw9rmze","emptyAstarTime":2,"emptyRoute":[],"emptyRouteTime":0,"emptyCountFrag":0,"endGeohash":"wx4erw9rmze","loadAstarTime":1,"loadRoute":[],"loadRouteTime":0,"loadCountFrag":0},{"passengerId":"0x8c2d065b423c841cffa3375b15e73d1f43ee60d2000000000000000000000000","passengerGeohash":"wx4erd4xkyz","vehicleId":"0x25d791be668aa0577373409958e917770b17aefc","vehicleStartPosition":"wx4erw9rmze","emptyAstarTime":2,"emptyRoute":[],"emptyRouteTime":0,"emptyCountFrag":0,"endGeohash":"wx4erw9rmze","loadAstarTime":2,"loadRoute":[],"loadRouteTime":0,"loadCountFrag":0},{"passengerId":"0xbd2e487a16c3f7f18667b2901a2a2e336dca88c8000000000000000000000000","passengerGeohash":"wx4erd4xkyz","vehicleId":"0x15efe26bbeb031ac0f0cca28376e3ed946fe7aae","vehicleStartPosition":"wx4erw9rmze","emptyAstarTime":4,"emptyRoute":[],"emptyRouteTime":0,"emptyCountFrag":0,"endGeohash":"wx4erw9rmze","loadAstarTime":7,"loadRoute":[],"loadRouteTime":0,"loadCountFrag":0},{"passengerId":"0xe86ca8f3a25a90ecf1d02f2ee818ddf8d8ca6a8a000000000000000000000000","passengerGeohash":"wx4erd4xkyz","vehicleId":"0x1b15d8085fbf79d34751861f333fefeee25a5cd7","vehicleStartPosition":"wx4erw9rmze","emptyAstarTime":5,"emptyRoute":[],"emptyRouteTime":0,"emptyCountFrag":0,"endGeohash":"wx4erw9rmze","loadAstarTime":2,"loadRoute":[],"loadRouteTime":0,"loadCountFrag":0},{"passengerId":"0xa7c6f824d33b3f4f6084687971649bcfff20ac72000000000000000000000000","passengerGeohash":"wx4erd4xkyz","vehicleId":"0x132f6c4c40f72942599c46aa16653e0405168a07","vehicleStartPosition":"wx4erw9rmze","emptyAstarTime":15,"emptyRoute":[],"emptyRouteTime":0,"emptyCountFrag":0,"endGeohash":"wx4erw9rmze","loadAstarTime":1,"loadRoute":[],"loadRouteTime":0,"loadCountFrag":0},{"passengerId":"0xa988e958c9de98957d736d02e5b8a71a6f75dd14000000000000000000000000","passengerGeohash":"wx4erd4xkyz","vehicleId":"0x1588548bb0da1db5ee57a6c4c2030a4303c3ed49","vehicleStartPosition":"wx4erw9rmze","emptyAstarTime":4,"emptyRoute":[],"emptyRouteTime":0,"emptyCountFrag":0,"endGeohash":"wx4erw9rmze","loadAstarTime":1,"loadRoute":[],"loadRouteTime":0,"loadCountFrag":0},{"passengerId":"0x43a056d660a0c033adcf7aa2c9ee984c2f4fd1e7000000000000000000000000","passengerGeohash":"wx4erd4xkyz","vehicleId":"0x1bfa47b71d0c99399ef664cc69ca8244ef6ecee3","vehicleStartPosition":"wx4erw9rmze","emptyAstarTime":6,"emptyRoute":[],"emptyRouteTime":0,"emptyCountFrag":0,"endGeohash":"wx4erw9rmze","loadAstarTime":2,"loadRoute":[],"loadRouteTime":0,"loadCountFrag":0},{"passengerId":"0xcc34b6ee3e8e077796ce9aadf496d581c1c1172a000000000000000000000000","passengerGeohash":"wx4erd4xkyz","vehicleId":"0x25d791be668aa0577373409958e917770b17aefc","vehicleStartPosition":"wx4erw9rmze","emptyAstarTime":9,"emptyRoute":[],"emptyRouteTime":0,"emptyCountFrag":0,"endGeohash":"wx4erw9rmze","loadAstarTime":2,"loadRoute":[],"loadRouteTime":0,"loadCountFrag":0},{"passengerId":"0x1cf507a8ff155587e445db4641b2dda6048e5349000000000000000000000000","passengerGeohash":"wx4erd4xkyz","vehicleId":"0x15efe26bbeb031ac0f0cca28376e3ed946fe7aae","vehicleStartPosition":"wx4erw9rmze","emptyAstarTime":11,"emptyRoute":[],"emptyRouteTime":0,"emptyCountFrag":0,"endGeohash":"wx4erw9rmze","loadAstarTime":2,"loadRoute":[],"loadRouteTime":0,"loadCountFrag":0},{"passengerId":"0x25eca363b1883510982b1343d92762accde5347b000000000000000000000000","passengerGeohash":"wx4erd4xkyz","vehicleId":"0x1b15d8085fbf79d34751861f333fefeee25a5cd7","vehicleStartPosition":"wx4erw9rmze","emptyAstarTime":11,"emptyRoute":[],"emptyRouteTime":0,"emptyCountFrag":0,"endGeohash":"wx4erw9rmze","loadAstarTime":2,"loadRoute":[],"loadRouteTime":0,"loadCountFrag":0},{"passengerId":"0x32a71253fcbb62f00ceea65c0c680a9a3e80b7d1000000000000000000000000","passengerGeohash":"wx4erd4xkyz","vehicleId":"0x132f6c4c40f72942599c46aa16653e0405168a07","vehicleStartPosition":"wx4erw9rmze","emptyAstarTime":12,"emptyRoute":[],"emptyRouteTime":0,"emptyCountFrag":0,"endGeohash":"wx4erw9rmze","loadAstarTime":1,"loadRoute":[],"loadRouteTime":0,"loadCountFrag":0},{"passengerId":"0xac9538cfc801744aad1662af15ac6c25d877cf5b000000000000000000000000","passengerGeohash":"wx4erd4xkyz","vehicleId":"0x1588548bb0da1db5ee57a6c4c2030a4303c3ed49","vehicleStartPosition":"wx4erw9rmze","emptyAstarTime":9,"emptyRoute":[],"emptyRouteTime":0,"emptyCountFrag":0,"endGeohash":"wx4erw9rmze","loadAstarTime":2,"loadRoute":[],"loadRouteTime":0,"loadCountFrag":0},{"passengerId":"0x9c82fd514b0283c75b2439979d863b0459bceb53000000000000000000000000","passengerGeohash":"wx4erd4xkyz","vehicleId":"0x15efe26bbeb031ac0f0cca28376e3ed946fe7aae","vehicleStartPosition":"wx4erw9rmze","emptyAstarTime":7,"emptyRoute":[],"emptyRouteTime":0,"emptyCountFrag":0,"endGeohash":"wx4erw9rmze","loadAstarTime":2,"loadRoute":[],"loadRouteTime":0,"loadCountFrag":0},{"passengerId":"0x20a87ebe8156e5286084ce99165c02672cb0cb36000000000000000000000000","passengerGeohash":"wx4erd4xkyz","vehicleId":"0x1b15d8085fbf79d34751861f333fefeee25a5cd7","vehicleStartPosition":"wx4erw9rmze","emptyAstarTime":8,"emptyRoute":[],"emptyRouteTime":0,"emptyCountFrag":0,"endGeohash":"wx4erw9rmze","loadAstarTime":6,"loadRoute":[],"loadRouteTime":0,"loadCountFrag":0},{"passengerId":"0xffbf1271569eea0a9366bacfba3957f7bfddf272000000000000000000000000","passengerGeohash":"wx4erd4xkyz","vehicleId":"0x1bfa47b71d0c99399ef664cc69ca8244ef6ecee3","vehicleStartPosition":"wx4erw9rmze","emptyAstarTime":14,"emptyRoute":[],"emptyRouteTime":0,"emptyCountFrag":0,"endGeohash":"wx4erw9rmze","loadAstarTime":2,"loadRoute":[],"loadRouteTime":0,"loadCountFrag":0},{"passengerId":"0xd3f0a049b88a3b2c2d3640693c9ef45a4ba0ced5000000000000000000000000","passengerGeohash":"wx4erd4xkyz","vehicleId":"0x132f6c4c40f72942599c46aa16653e0405168a07","vehicleStartPosition":"wx4erw9rmze","emptyAstarTime":3,"emptyRoute":[],"emptyRouteTime":0,"emptyCountFrag":0,"endGeohash":"wx4erw9rmze","loadAstarTime":3,"loadRoute":[],"loadRouteTime":0,"loadCountFrag":0},{"passengerId":"0x98c53b4ec1bc96a396f41175cf2ca571367820a7000000000000000000000000","passengerGeohash":"wx4erd4xkyz","vehicleId":"0x1588548bb0da1db5ee57a6c4c2030a4303c3ed49","vehicleStartPosition":"wx4erw9rmze","emptyAstarTime":8,"emptyRoute":[],"emptyRouteTime":0,"emptyCountFrag":0,"endGeohash":"wx4erw9rmze","loadAstarTime":2,"loadRoute":[],"loadRouteTime":0,"loadCountFrag":0},{"passengerId":"0xa3c55eb2e949ad3ec6844e8f3ac90af0a25c2776000000000000000000000000","passengerGeohash":"wx4erd4xkyz","vehicleId":"0x25d791be668aa0577373409958e917770b17aefc","vehicleStartPosition":"wx4erw9rmze","emptyAstarTime":4,"emptyRoute":[],"emptyRouteTime":0,"emptyCountFrag":0,"endGeohash":"wx4erw9rmze","loadAstarTime":2,"loadRoute":[],"loadRouteTime":0,"loadCountFrag":0},{"passengerId":"0x0d38502b24c64bfc5b635720bf299384cc2594de000000000000000000000000","passengerGeohash":"wx4erd4xkyz","vehicleId":"0x15efe26bbeb031ac0f0cca28376e3ed946fe7aae","vehicleStartPosition":"wx4erw9rmze","emptyAstarTime":10,"emptyRoute":[],"emptyRouteTime":0,"emptyCountFrag":0,"endGeohash":"wx4erw9rmze","loadAstarTime":4,"loadRoute":[],"loadRouteTime":0,"loadCountFrag":0},{"passengerId":"0x23618f01f25261d31c3adec02c22b1ee7407e318000000000000000000000000","passengerGeohash":"wx4erd4xkyz","vehicleId":"0x1b15d8085fbf79d34751861f333fefeee25a5cd7","vehicleStartPosition":"wx4erw9rmze","emptyAstarTime":10,"emptyRoute":[],"emptyRouteTime":0,"emptyCountFrag":0,"endGeohash":"wx4erw9rmze","loadAstarTime":3,"loadRoute":[],"loadRouteTime":0,"loadCountFrag":0},{"passengerId":"0xef03c9f4d5f4b29626dd625852810a353dddfeb3000000000000000000000000","passengerGeohash":"wx4erd4xkyz","vehicleId":"0x132f6c4c40f72942599c46aa16653e0405168a07","vehicleStartPosition":"wx4erw9rmze","emptyAstarTime":2,"emptyRoute":[],"emptyRouteTime":0,"emptyCountFrag":0,"endGeohash":"wx4erw9rmze","loadAstarTime":2,"loadRoute":[],"loadRouteTime":0,"loadCountFrag":0},{"passengerId":"0x5482002756a0678a1049988a3effb6ee9f26e6e7000000000000000000000000","passengerGeohash":"wx4erd4xkyz","vehicleId":"0x132f6c4c40f72942599c46aa16653e0405168a07","vehicleStartPosition":"wx4erw9rmze","emptyAstarTime":2,"emptyRoute":[],"emptyRouteTime":0,"emptyCountFrag":0,"endGeohash":"wx4erw9rmze","loadAstarTime":2,"loadRoute":[],"loadRouteTime":0,"loadCountFrag":0}]