[{"passengerId":"0x3df2c7b1e2c3e8e5e40c6035f6a3a5bb8fdb6b87000000000000000000000000","passengerGeohash":"wx4enscgue5","vehicleId":"0x12d0e4381ef94a70a49252e35b9a65fadd3872b9","vehicleStartPosition":"wx4enrq9mm9","emptyAstarTime":9,"emptyRoute":[],"emptyRouteTime":0,"emptyCountFrag":0,"endGeohash":"wx4enrq9mm9","loadAstarTime":2,"loadRoute":[],"loadRouteTime":0,"loadCountFrag":0},{"passengerId":"0xd402c7301a68c4c65529ab0c597bb8b13e27f607000000000000000000000000","passengerGeohash":"wx4enscgue5","vehicleId":"0x196424dd2bf7c978228ebd7a17b38b993d650696","vehicleStartPosition":"wx4enrq9mm9","emptyAstarTime":4,"emptyRoute":[],"emptyRouteTime":0,"emptyCountFrag":0,"endGeohash":"wx4enrq9mm9","loadAstarTime":5,"loadRoute":[],"loadRouteTime":0,"loadCountFrag":0},{"passengerId":"0xcae58827099cb4557f40dd308f5efc29e9065be8000000000000000000000000","passengerGeohash":"wx4enscgue5","vehicleId":"0x456c4df0610c7611ae8bcaed32dd1d94e88ceca4","vehicleStartPosition":"wx4enrq9mm9","emptyAstarTime":6,"emptyRoute":[],"emptyRouteTime":0,"emptyCountFrag":0,"endGeohash":"wx4enrq9mm9","loadAstarTime":2,"loadRoute":[],"loadRouteTime":0,"loadCountFrag":0},{"passengerId":"0x46dfb062b17f2ef557a64283347653f11ba7c089000000000000000000000000","passengerGeohash":"wx4enscgue5","vehicleId":"0x55577fd620a0b8379846fcb1499e4bdc22538843","vehicleStartPosition":"wx4enrq9mm9","emptyAstarTime":5,"emptyRoute":[],"emptyRouteTime":0,"emptyCountFrag":0,"endGeohash":"wx4enrq9mm9","loadAstarTime":2,"loadRoute":[],"loadRouteTime":0,"loadCountFrag":0},{"passengerId":"0x95d2b2a36e6a3d1e7ac8edbf99481c6009a19131000000000000000000000000","passengerGeohash":"wx4enscgue5","vehicleId":"0x12d0e4381ef94a70a49252e35b9a65fadd3872b9","vehicleStartPosition":"wx4enrq9mm9","emptyAstarTime":8,"emptyRoute":[],"emptyRouteTime":0,"emptyCountFrag":0,"endGeohash":"wx4enrq9mm9","loadAstarTime":2,"loadRoute":[],"loadRouteTime":0,"loadCountFrag":0},{"passengerId":"0xd35d112793fe59877302d4064c9ef5a89c0485ba000000000000000000000000","passengerGeohash":"wx4enscgue5","vehicleId":"0x7a68b86008b0cfc3ae0e8068360271cbb999c97d","vehicleStartPosition":"wx4enrq9mm9","emptyAstarTime":6,"emptyRoute":[],"emptyRouteTime":0,"emptyCountFrag":0,"endGeohash":"wx4enrq9mm9","loadAstarTime":6,"loadRoute":[],"loadRouteTime":0,"loadCountFrag":0},{"passengerId":"0xac37a0543b6abb8e7add0c00128c9f486e45b0e9000000000000000000000000","passengerGeohash":"wx4enscgue5","vehicleId":"0x196424dd2bf7c978228ebd7a17b38b993d650696","vehicleStartPosition":"wx4enrq9mm9","emptyAstarTime":5,"emptyRoute":[],"emptyRouteTime":0,"emptyCountFrag":0,"endGeohash":"wx4enrq9mm9","loadAstarTime":1,"loadRoute":[],"loadRouteTime":0,"loadCountFrag":0},{"passengerId":"0x7a5b8a958a74e39ade01f412951fb319ee4fe6d9000000000000000000000000","passengerGeohash":"wx4enscgue5","vehicleId":"0x91153bad44dcc46187c481d8d36a53e58522d0c4","vehicleStartPosition":"wx4enrq9mm9","emptyAstarTime":12,"emptyRoute":[],"emptyRouteTime":0,"emptyCountFrag":0,"endGeohash":"wx4enrq9mm9","loadAstarTime":4,"loadRoute":[],"loadRouteTime":0,"loadCountFrag":0},{"passengerId":"0x42389309e69a2b32b98f04bc8255ad971797f757000000000000000000000000","passengerGeohash":"wx4enscgue5","vehicleId":"0x456c4df0610c7611ae8bcaed32dd1d94e88ceca4","vehicleStartPosition":"wx4enrq9mm9","emptyAstarTime":7,"emptyRoute":[],"emptyRouteTime":0,"emptyCountFrag":0,"endGeohash":"wx4enrq9mm9","loadAstarTime":3,"loadRoute":[],"loadRouteTime":0,"loadCountFrag":0},{"passengerId":"0x4c0ae67f9e2dcabbcaee58afa56c14e427272b6f000000000000000000000000","passengerGeohash":"wx4enscgue5","vehicleId":"0x12d0e4381ef94a70a49252e35b9a65fadd3872b9","vehicleStartPosition":"wx4enrq9mm9","emptyAstarTime":7,"emptyRoute":[],"emptyRouteTime":0,"emptyCountFrag":0,"endGeohash":"wx4enrq9mm9","loadAstarTime":6,"loadRoute":[],"loadRouteTime":0,"loadCountFrag":0},{"passengerId":"0x0d5f26272be5a3b462c3b7a978c7bf4b0d6aadb1000000000000000000000000","passengerGeohash":"wx4enscgue5","vehicleId":"0x196424dd2bf7c978228ebd7a17b38b993d650696","vehicleStartPosition":"wx4enrq9mm9","emptyAstarTime":4,"emptyRoute":[],"emptyRouteTime":0,"emptyCountFrag":0,"endGeohash":"wx4enrq9mm9","loadAstarTime":3,"loadRoute":[],"loadRouteTime":0,"loadCountFrag":0},{"passengerId":"0x0cac0bfe17bd73be78486a51a15db39b10cbafcf000000000000000000000000","passengerGeohash":"wx4enscgue5","vehicleId":"0x55577fd620a0b8379846fcb1499e4bdc22538843","vehicleStartPosition":"wx4enrq9mm9","emptyAstarTime":9,"emptyRoute":[],"emptyRouteTime":0,"emptyCountFrag":0,"endGeohash":"wx4enrq9mm9","loadAstarTime":2,"loadRoute":[],"loadRouteTime":0,"loadCountFrag":0},{"passengerId":"0xbf5868b482ace24aa4f339ceb26e32230fc7d3aa000000000000000000000000","passengerGeohash":"wx4enscgue5","vehicleId":"0x7a68b86008b0cfc3ae0e8068360271cbb999c97d","vehicleStartPosition":"wx4enrq9mm9","emptyAstarTime":5,"emptyRoute":[],"emptyRouteTime":0,"emptyCountFrag":0,"endGeohash":"wx4enrq9mm9","loadAstarTime":4,"loadRoute":[],"loadRouteTime":0,"loadCountFrag":0},{"passengerId":"0xfb1c049ecb1884a77e857bcca8ae6443f0143dbf000000000000000000000000","passengerGeohash":"wx4enscgue5","vehicleId":"0x456c4df0610c7611ae8bcaed32dd1d94e88ceca4","vehicleStartPosition":"wx4enrq9mm9","emptyAstarTime":5,"emptyRoute":[],"emptyRouteTime":0,"emptyCountFrag":0,"endGeohash":"wx4enrq9mm9","loadAstarTime":3,"loadRoute":[],"loadRouteTime":0,"loadCountFrag":0},{"passengerId":"0xedb6f3a4a1ebc511f7fe9bd4f2cd4219ca0a3cf4000000000000000000000000","passengerGeohash":"wx4enscgue5","vehicleId":"0x12d0e4381ef94a70a49252e35b9a65fadd3872b9","vehicleStartPosition":"wx4enrq9mm9","emptyAstarTime":10,"emptyRoute":[],"emptyRouteTime":0,"emptyCountFrag":0,"endGeohash":"wx4enrq9mm9","loadAstarTime":3,"loadRoute":[],"loadRouteTime":0,"loadCountFrag":0},{"passengerId":"0xabd6b57b7d198796947bc03e4f5bd911813caada000000000000000000000000","passengerGeohash":"wx4enscgue5","vehicleId":"0x196424dd2bf7c978228ebd7a17b38b993d650696","vehicleStartPosition":"wx4enrq9mm9","emptyAstarTime":5,"emptyRoute":[],"emptyRouteTime":0,"emptyCountFrag":0,"endGeohash":"wx4enrq9mm9","loadAstarTime":2,"loadRoute":[],"loadRouteTime":0,"loadCountFrag":0},{"passengerId":"0x6d1558ef76336d670fb6f2b04ae1f345eab94761000000000000000000000000","passengerGeohash":"wx4enscgue5","vehicleId":"0x55577fd620a0b8379846fcb1499e4bdc22538843","vehicleStartPosition":"wx4enrq9mm9","emptyAstarTime":5,"emptyRoute":[],"emptyRouteTime":0,"emptyCountFrag":0,"endGeohash":"wx4enrq9mm9","loadAstarTime":3,"loadRoute":[],"loadRouteTime":0,"loadCountFrag":0},{"passengerId":"0xc265c858c1186113b2d830e6f46f6d95142e9750000000000000000000000000","passengerGeohash":"wx4enscgue5","vehicleId":"0x456c4df0610c7611ae8bcaed32dd1d94e88ceca4","vehicleStartPosition":"wx4enrq9mm9","emptyAstarTime":6,"emptyRoute":[],"emptyRouteTime":0,"emptyCountFrag":0,"endGeohash":"wx4enrq9mm9","loadAstarTime":4,"loadRoute":[],"loadRouteTime":0,"loadCountFrag":0},{"passengerId":"0x03875bcc0db199992266825e2c1cf0f5bfc200d2000000000000000000000000","passengerGeohash":"wx4enscgue5","vehicleId":"0x12d0e4381ef94a70a49252e35b9a65fadd3872b9","vehicleStartPosition":"wx4enrq9mm9","emptyAstarTime":4,"emptyRoute":[],"emptyRouteTime":0,"emptyCountFrag":0,"endGeohash":"wx4enrq9mm9","loadAstarTime":2,"loadRoute":[],"loadRouteTime":0,"loadCountFrag":0},{"passengerId":"0xf0ce9fe96ac15405e4fd51a62cbdbdaef2d36372000000000000000000000000","passengerGeohash":"wx4enscgue5","vehicleId":"0x196424dd2bf7c978228ebd7a17b38b993d650696","vehicleStartPosition":"wx4enrq9mm9","emptyAstarTime":4,"emptyRoute":[],"emptyRouteTime":0,"emptyCountFrag":0,"endGeohash":"wx4enrq9mm9","loadAstarTime":3,"loadRoute":[],"loadRouteTime":0,"loadCountFrag":0},{"passengerId":"0x1bdf42d9a37b5b5c5a3bc09cadfade23d075791a000000000000000000000000","passengerGeohash":"wx4enscgue5","vehicleId":"0x55577fd620a0b8379846fcb1499e4bdc22538843","vehicleStartPosition":"wx4enrq9mm9","emptyAstarTime":12,"emptyRoute":[],"emptyRouteTime":0,"emptyCountFrag":0,"endGeohash":"wx4enrq9mm9","loadAstarTime":3,"loadRoute":[],"loadRouteTime":0,"loadCountFrag":0},{"passengerId":"0x62119c27e0081b14e6e0c596603d21eaa6d6452b000000000000000000000000","passengerGeohash":"wx4enscgue5","vehicleId":"0x456c4df0610c7611ae8bcaed32dd1d94e88ceca4","vehicleStartPosition":"wx4enrq9mm9","emptyAstarTime":8,"emptyRoute":[],"emptyRouteTime":0,"emptyCountFrag":0,"endGeohash":"wx4enrq9mm9","loadAstarTime":1,"loadRoute":[],"loadRouteTime":0,"loadCountFrag":0},{"passengerId":"0xd2ed0cb17fd847c8aa8bc8e9ed3870481ede088b000000000000000000000000","passengerGeohash":"wx4enscgue5","vehicleId":"0x12d0e4381ef94a70a49252e35b9a65fadd3872b9","vehicleStartPosition":"wx4enrq9mm9","emptyAstarTime":5,"emptyRoute":[],"emptyRouteTime":0,"emptyCountFrag":0,"endGeohash":"wx4enrq9mm9","loadAstarTime":7,"loadRoute":[],"loadRouteTime":0,"loadCountFrag":0},{"passengerId":"0x5227daf8db7c57d268979df21ba9ee9c93d26712000000000000000000000000","passengerGeohash":"wx4enscgue5","vehicleId":"0x7a68b86008b0cfc3ae0e8068360271cbb999c97d","vehicleStartPosition":"wx4enrq9mm9","emptyAstarTime":12,"emptyRoute":[],"emptyRouteTime":0,"emptyCountFrag":0,"endGeohash":"wx4enrq9mm9","loadAstarTime":3,"loadRoute":[],"loadRouteTime":0,"loadCountFrag":0},{"passengerId":"0xbd2f3e025a8f0b0d8bb9f64ef60980ebb27e8d5d000000000000000000000000","passengerGeohash":"wx4enscgue5","vehicleId":"0x196424dd2bf7c978228ebd7a17b38b993d650696","vehicleStartPosition":"wx4enrq9mm9","emptyAstarTime":7,"emptyRoute":[],"emptyRouteTime":0,"emptyCountFrag":0,"endGeohash":"wx4enrq9mm9","loadAstarTime":3,"loadRoute":[],"loadRouteTime":0,"loadCountFrag":0},{"passengerId":"0x7906b337632876b8050f55ee5b57228f02972fa3000000000000000000000000","passengerGeohash":"wx4enscgue5","vehicleId":"0x55577fd620a0b8379846fcb1499e4bdc22538843","vehicleStartPosition":"wx4enrq9mm9","emptyAstarTime":11,"emptyRoute":[],"emptyRouteTime":0,"emptyCountFrag":0,"endGeohash":"wx4enrq9mm9","loadAstarTime":1,"loadRoute":[],"loadRouteTime":0,"loadCountFrag":0},{"passengerId":"0x3b49b8eb1d9d3c28242b97c135379e0e32468fb9000000000000000000000000","passengerGeohash":"wx4enscgue5","vehicleId":"0x91153bad44dcc46187c481d8d36a53e58522d0c4","vehicleStartPosition":"wx4enrq9mm9","emptyAstarTime":4,"emptyRoute":[],"emptyRouteTime":0,"emptyCountFrag":0,"endGeohash":"wx4enrq9mm9","loadAstarTime":3,"loadRoute":[],"loadRouteTime":0,"loadCountFrag":0},{"passengerId":"0xb658cbd857f52f9705fbecf9b30cf827dd8c81a8000000000000000000000000","passengerGeohash":"wx4enscgue5","vehicleId":"0x12d0e4381ef94a70a49252e35b9a65fadd3872b9","vehicleStartPosition":"wx4enrq9mm9","emptyAstarTime":5,"emptyRoute":[],"emptyRouteTime":0,"emptyCountFrag":0,"endGeohash":"wx4enrq9mm9","loadAstarTime":2,"loadRoute":[],"loadRouteTime":0,"loadCountFrag":0},{"passengerId":"0x4093777e3bf0a104ef5576011a965c58a206b69b000000000000000000000000","passengerGeohash":"wx4enscgue5","vehicleId":"0x196424dd2bf7c978228ebd7a17b38b993d650696","vehicleStartPosition":"wx4enrq9mm9","emptyAstarTime":4,"emptyRoute":[],"emptyRouteTime":0,"emptyCountFrag":0,"endGeohash":"wx4enrq9mm9","loadAstarTime":1,"loadRoute":[],"loadRouteTime":0,"loadCountFrag":0},{"passengerId":"0x3449a20e1b4700ffd4dd49f0fc14bcac44fee63c000000000000000000000000","passengerGeohash":"wx4enscgue5","vehicleId":"0x456c4df0610c7611ae8bcaed32dd1d94e88ceca4","vehicleStartPosition":"wx4enrq9mm9","emptyAstarTime":3,"emptyRoute":[],"emptyRouteTime":0,"emptyCountFrag":0,"endGeohash":"wx4enrq9mm9","loadAstarTime":2,"loadRoute":[],"loadRouteTime":0,"loadCountFrag":0},{"passengerId":"0x5895ef03d8c36b9a53b4f961cd1345ed0bd79fa3000000000000000000000000","passengerGeohash":"wx4enscgue5","vehicleId":"0x12d0e4381ef94a70a49252e35b9a65fadd3872b9","vehicleStartPosition":"wx4enrq9mm9","emptyAstarTime":10,"emptyRoute":[],"emptyRouteTime":0,"emptyCountFrag":0,"endGeohash":"wx4enrq9mm9","loadAstarTime":2,"loadRoute":[],"loadRouteTime":0,"loadCountFrag":0},{"passengerId":"0x926f155822d00a9191fe71ec570bcd1f0eb0c300000000000000000000000000","passengerGeohash":"wx4enscgue5","vehicleId":"0x196424dd2bf7c978228ebd7a17b38b993d650696","vehicleStartPosition":"wx4enrq9mm9","emptyAstarTime":3,"emptyRoute":[],"emptyRouteTime":0,"emptyCountFrag":0,"endGeohash":"wx4enrq9mm9","loadAstarTime":2,"loadRoute":[],"loadRouteTime":0,"loadCountFrag":0}]