[{"passengerId":"0x086ba65affc894f226e87f8d16f20a35d4f60b4d000000000000000000000000","passengerGeohash":"wx4epb8scg1","vehicleId":"0x00cbd2864b7c93822826f80a7c968a2ada1cbaa7","vehicleStartPosition":"wx4ep8e5gw0","emptyAstarTime":8,"emptyRoute":[],"emptyRouteTime":0,"emptyCountFrag":0,"endGeohash":"wx4ep8e5gw0","loadAstarTime":3,"loadRoute":[],"loadRouteTime":0,"loadCountFrag":0},{"passengerId":"0x2702ee5633daab4d277f5660f1c29d3e5454f7b3000000000000000000000000","passengerGeohash":"wx4epb8scg1","vehicleId":"0x05d6ca3c365ab26983bfca03809309a8258e3f62","vehicleStartPosition":"wx4ep8e5gw0","emptyAstarTime":3,"emptyRoute":[],"emptyRouteTime":0,"emptyCountFrag":0,"endGeohash":"wx4ep8e5gw0","loadAstarTime":1,"loadRoute":[],"loadRouteTime":0,"loadCountFrag":0},{"passengerId":"0x7a594ef9f871e4ef17c8d659aa58b3b09e090cf3000000000000000000000000","passengerGeohash":"wx4epb8scg1","vehicleId":"0x075c06e40ff4067d3f9d765719555f06532bb170","vehicleStartPosition":"wx4ep8e5gw0","emptyAstarTime":3,"emptyRoute":[],"emptyRouteTime":0,"emptyCountFrag":0,"endGeohash":"wx4ep8e5gw0","loadAstarTime":3,"loadRoute":[],"loadRouteTime":0,"loadCountFrag":0},{"passengerId":"0xb2e192f38247113c0a695a4da975771bfd32d68e000000000000000000000000","passengerGeohash":"wx4epb8scg1","vehicleId":"0x1c230c5d5ae6b126d0d7fd8e8af3aa09905d2b4b","vehicleStartPosition":"wx4ep8e5gw0","emptyAstarTime":2,"emptyRoute":[],"emptyRouteTime":0,"emptyCountFrag":0,"endGeohash":"wx4ep8e5gw0","loadAstarTime":2,"loadRoute":[],"loadRouteTime":0,"loadCountFrag":0},{"passengerId":"0xa97253e4fe217e80b5f2e995bd54904f63726719000000000000000000000000","passengerGeohash":"wx4epb8scg1","vehicleId":"0x1cdf2caf87fe659e3d2fb0d2482049d74375eca6","vehicleStartPosition":"wx4ep8e5gw0","emptyAstarTime":4,"emptyRoute":[],"emptyRouteTime":0,"emptyCountFrag":0,"endGeohash":"wx4ep8e5gw0","loadAstarTime":2,"loadRoute":[],"loadRouteTime":0,"loadCountFrag":0},{"passengerId":"0x2888bd343cbbc9cb5469c7a3c52d51dff4350d97000000000000000000000000","passengerGeohash":"wx4epb8scg1","vehicleId":"0x00cbd2864b7c93822826f80a7c968a2ada1cbaa7","vehicleStartPosition":"wx4ep8e5gw0","emptyAstarTime":4,"emptyRoute":[],"emptyRouteTime":0,"emptyCountFrag":0,"endGeohash":"wx4ep8e5gw0","loadAstarTime":2,"loadRoute":[],"loadRouteTime":0,"loadCountFrag":0},{"passengerId":"0x441d24425b99411edd0ecf95501cb0db988e2f13000000000000000000000000","passengerGeohash":"wx4epb8scg1","vehicleId":"0x05d6ca3c365ab26983bfca03809309a8258e3f62","vehicleStartPosition":"wx4ep8e5gw0","emptyAstarTime":7,"emptyRoute":[],"emptyRouteTime":0,"emptyCountFrag":0,"endGeohash":"wx4ep8e5gw0","loadAstarTime":1,"loadRoute":[],"loadRouteTime":0,"loadCountFrag":0},{"passengerId":"0xe3cfc7fd117fa5762bfb5390acbdf48557a18ac2000000000000000000000000","passengerGeohash":"wx4epb8scg1","vehicleId":"0x075c06e40ff4067d3f9d765719555f06532bb170","vehicleStartPosition":"wx4ep8e5gw0","emptyAstarTime":9,"emptyRoute":[],"emptyRouteTime":0,"emptyCountFrag":0,"endGeohash":"wx4ep8e5gw0","loadAstarTime":5,"loadRoute":[],"loadRouteTime":0,"loadCountFrag":0},{"passengerId":"0xf85378de486a9514f26f3118450ff6409aaf2bfb000000000000000000000000","passengerGeohash":"wx4epb8scg1","vehicleId":"0x1c230c5d5ae6b126d0d7fd8e8af3aa09905d2b4b","vehicleStartPosition":"wx4ep8e5gw0","emptyAstarTime":16,"emptyRoute":[],"emptyRouteTime":0,"emptyCountFrag":0,"endGeohash":"wx4ep8e5gw0","loadAstarTime":6,"loadRoute":[],"loadRouteTime":0,"loadCountFrag":0},{"passengerId":"0x2a52bc09f527f500c7fc62c63f681d24dad62a77000000000000000000000000","passengerGeohash":"wx4epb8scg1","vehicleId":"0x00cbd2864b7c93822826f80a7c968a2ada1cbaa7","vehicleStartPosition":"wx4ep8e5gw0","emptyAstarTime":15,"emptyRoute":[],"emptyRouteTime":0,"emptyCountFrag":0,"endGeohash":"wx4ep8e5gw0","loadAstarTime":2,"loadRoute":[],"loadRouteTime":0,"loadCountFrag":0},{"passengerId":"0x7776ed3449f97157630b06035e11bc7759e4f0db000000000000000000000000","passengerGeohash":"wx4epb8scg1","vehicleId":"0x05d6ca3c365ab26983bfca03809309a8258e3f62","vehicleStartPosition":"wx4ep8e5gw0","emptyAstarTime":6,"emptyRoute":[],"emptyRouteTime":0,"emptyCountFrag":0,"endGeohash":"wx4ep8e5gw0","loadAstarTime":3,"loadRoute":[],"loadRouteTime":0,"loadCountFrag":0},{"passengerId":"0xd30d093abb9d34fb14917d07121ed6a61cb1f99e000000000000000000000000","passengerGeohash":"wx4epb8scg1","vehicleId":"0x075c06e40ff4067d3f9d765719555f06532bb170","vehicleStartPosition":"wx4ep8e5gw0","emptyAstarTime":2,"emptyRoute":[],"emptyRouteTime":0,"emptyCountFrag":0,"endGeohash":"wx4ep8e5gw0","loadAstarTime":2,"loadRoute":[],"loadRouteTime":0,"loadCountFrag":0},{"passengerId":"0x3c28dc70332560ed17d1002704780df9df497abb000000000000000000000000","passengerGeohash":"wx4epb8scg1","vehicleId":"0x1c230c5d5ae6b126d0d7fd8e8af3aa09905d2b4b","vehicleStartPosition":"wx4ep8e5gw0","emptyAstarTime":9,"emptyRoute":[],"emptyRouteTime":0,"emptyCountFrag":0,"endGeohash":"wx4ep8e5gw0","loadAstarTime":2,"loadRoute":[],"loadRouteTime":0,"loadCountFrag":0},{"passengerId":"0xeef75753e18f97f0ee8a61119d84cdba23d22a7f000000000000000000000000","passengerGeohash":"wx4epb8scg1","vehicleId":"0x00cbd2864b7c93822826f80a7c968a2ada1cbaa7","vehicleStartPosition":"wx4ep8e5gw0","emptyAstarTime":8,"emptyRoute":[],"emptyRouteTime":0,"emptyCountFrag":0,"endGeohash":"wx4ep8e5gw0","loadAstarTime":2,"loadRoute":[],"loadRouteTime":0,"loadCountFrag":0},{"passengerId":"0x0c05c7ae6e3a58c23e5d27fc1d121ed1aec0f738000000000000000000000000","passengerGeohash":"wx4epb8scg1","vehicleId":"0x05d6ca3c365ab26983bfca03809309a8258e3f62","vehicleStartPosition":"wx4ep8e5gw0","emptyAstarTime":8,"emptyRoute":[],"emptyRouteTime":0,"emptyCountFrag":0,"endGeohash":"wx4ep8e5gw0","loadAstarTime":3,"loadRoute":[],"loadRouteTime":0,"loadCountFrag":0},{"passengerId":"0x7b11919cd9db9a817c8f9d2e9477f410273a3ceb000000000000000000000000","passengerGeohash":"wx4epb8scg1","vehicleId":"0x075c06e40ff4067d3f9d765719555f06532bb170","vehicleStartPosition":"wx4ep8e5gw0","emptyAstarTime":17,"emptyRoute":[],"emptyRouteTime":0,"emptyCountFrag":0,"endGeohash":"wx4ep8e5gw0","loadAstarTime":1,"loadRoute":[],"loadRouteTime":0,"loadCountFrag":0},{"passengerId":"0x2a772e261792d208c40d685b31673a85ad18eb90000000000000000000000000","passengerGeohash":"wx4epb8scg1","vehicleId":"0x1cdf2caf87fe659e3d2fb0d2482049d74375eca6","vehicleStartPosition":"wx4ep8e5gw0","emptyAstarTime":4,"emptyRoute":[],"emptyRouteTime":0,"emptyCountFrag":0,"endGeohash":"wx4ep8e5gw0","loadAstarTime":2,"loadRoute":[],"loadRouteTime":0,"loadCountFrag":0},{"passengerId":"0x17164c34807aa124363d80a604efd4560d8cea0e000000000000000000000000","passengerGeohash":"wx4epb8scg1","vehicleId":"0x1c230c5d5ae6b126d0d7fd8e8af3aa09905d2b4b","vehicleStartPosition":"wx4ep8e5gw0","emptyAstarTime":11,"emptyRoute":[],"emptyRouteTime":0,"emptyCountFrag":0,"endGeohash":"wx4ep8e5gw0","loadAstarTime":3,"loadRoute":[],"loadRouteTime":0,"loadCountFrag":0},{"passengerId":"0x9edfe6721d18361bf2b6d83b5cc22c0bf4db6314000000000000000000000000","passengerGeohash":"wx4epb8scg1","vehicleId":"0x00cbd2864b7c93822826f80a7c968a2ada1cbaa7","vehicleStartPosition":"wx4ep8e5gw0","emptyAstarTime":2,"emptyRoute":[],"emptyRouteTime":0,"emptyCountFrag":0,"endGeohash":"wx4ep8e5gw0","loadAstarTime":2,"loadRoute":[],"loadRouteTime":0,"loadCountFrag":0},{"passengerId":"0x28a3f726b61a49da7ae14fd456b80e44e4974d1d000000000000000000000000","passengerGeohash":"wx4epb8scg1","vehicleId":"0x05d6ca3c365ab26983bfca03809309a8258e3f62","vehicleStartPosition":"wx4ep8e5gw0","emptyAstarTime":7,"emptyRoute":[],"emptyRouteTime":0,"emptyCountFrag":0,"endGeohash":"wx4ep8e5gw0","loadAstarTime":2,"loadRoute":[],"loadRouteTime":0,"loadCountFrag":0},{"passengerId":"0xb08c2456169491982bb3ab852eae8ee3300b9261000000000000000000000000","passengerGeohash":"wx4epb8scg1","vehicleId":"0x3d79e4b740913678fcab6e490f4c273f3e7d6a89","vehicleStartPosition":"wx4ep8e5gw0","emptyAstarTime":7,"emptyRoute":[],"emptyRouteTime":0,"emptyCountFrag":0,"endGeohash":"wx4ep8e5gw0","loadAstarTime":3,"loadRoute":[],"loadRouteTime":0,"loadCountFrag":0},{"passengerId":"0xa95e44270fc15576da490955d8e6698e2a95f610000000000000000000000000","passengerGeohash":"wx4epb8scg1","vehicleId":"0x075c06e40ff4067d3f9d765719555f06532bb170","vehicleStartPosition":"wx4ep8e5gw0","emptyAstarTime":14,"emptyRoute":[],"emptyRouteTime":0,"emptyCountFrag":0,"endGeohash":"wx4ep8e5gw0","loadAstarTime":2,"loadRoute":[],"loadRouteTime":0,"loadCountFrag":0},{"passengerId":"0x814d66fc3f60ca8b257b21f1b89faeecd31475af000000000000000000000000","passengerGeohash":"wx4epb8scg1","vehicleId":"0x1c230c5d5ae6b126d0d7fd8e8af3aa09905d2b4b","vehicleStartPosition":"wx4ep8e5gw0","emptyAstarTime":10,"emptyRoute":[],"emptyRouteTime":0,"emptyCountFrag":0,"endGeohash":"wx4ep8e5gw0","loadAstarTime":3,"loadRoute":[],"loadRouteTime":0,"loadCountFrag":0},{"passengerId":"0x3007e2b9de5a7a57c84cd64609441bef2d29a9d0000000000000000000000000","passengerGeohash":"wx4epb8scg1","vehicleId":"0x00cbd2864b7c93822826f80a7c968a2ada1cbaa7","vehicleStartPosition":"wx4ep8e5gw0","emptyAstarTime":10,"emptyRoute":[],"emptyRouteTime":0,"emptyCountFrag":0,"endGeohash":"wx4ep8e5gw0","loadAstarTime":3,"loadRoute":[],"loadRouteTime":0,"loadCountFrag":0},{"passengerId":"0xea9453d9095bf11acba9728c471703e9af4c31af000000000000000000000000","passengerGeohash":"wx4epb8scg1","vehicleId":"0x1cdf2caf87fe659e3d2fb0d2482049d74375eca6","vehicleStartPosition":"wx4ep8e5gw0","emptyAstarTime":7,"emptyRoute":[],"emptyRouteTime":0,"emptyCountFrag":0,"endGeohash":"wx4ep8e5gw0","loadAstarTime":2,"loadRoute":[],"loadRouteTime":0,"loadCountFrag":0},{"passengerId":"0x073ad6ab89e9097b5405da6d46e1b0db47ec632e000000000000000000000000","passengerGeohash":"wx4epb8scg1","vehicleId":"0x05d6ca3c365ab26983bfca03809309a8258e3f62","vehicleStartPosition":"wx4ep8e5gw0","emptyAstarTime":3,"emptyRoute":[],"emptyRouteTime":0,"emptyCountFrag":0,"endGeohash":"wx4ep8e5gw0","loadAstarTime":2,"loadRoute":[],"loadRouteTime":0,"loadCountFrag":0},{"passengerId":"0xa330923b96f26c88a2681112bfe26d4d9186131a000000000000000000000000","passengerGeohash":"wx4epb8scg1","vehicleId":"0x00cbd2864b7c93822826f80a7c968a2ada1cbaa7","vehicleStartPosition":"wx4ep8e5gw0","emptyAstarTime":2,"emptyRoute":[],"emptyRouteTime":0,"emptyCountFrag":0,"endGeohash":"wx4ep8e5gw0","loadAstarTime":1,"loadRoute":[],"loadRouteTime":0,"loadCountFrag":0},{"passengerId":"0xce2897c392e16c5762131a56686733e035a4aa30000000000000000000000000","passengerGeohash":"wx4epb8scg1","vehicleId":"0x05d6ca3c365ab26983bfca03809309a8258e3f62","vehicleStartPosition":"wx4ep8e5gw0","emptyAstarTime":2,"emptyRoute":[],"emptyRouteTime":0,"emptyCountFrag":0,"endGeohash":"wx4ep8e5gw0","loadAstarTime":2,"loadRoute":[],"loadRouteTime":0,"loadCountFrag":0},{"passengerId":"0x495b77d80ccb1d3d1476db06dd522292555b2e23000000000000000000000000","passengerGeohash":"wx4epb8scg1","vehicleId":"0x00cbd2864b7c93822826f80a7c968a2ada1cbaa7","vehicleStartPosition":"wx4ep8e5gw0","emptyAstarTime":3,"emptyRoute":[],"emptyRouteTime":0,"emptyCountFrag":0,"endGeohash":"wx4ep8e5gw0","loadAstarTime":3,"loadRoute":[],"loadRouteTime":0,"loadCountFrag":0},{"passengerId":"0x08346710bfb71d0fea0b4a9a3d31107df5fe287a000000000000000000000000","passengerGeohash":"wx4epb8scg1","vehicleId":"0x05d6ca3c365ab26983bfca03809309a8258e3f62","vehicleStartPosition":"wx4ep8e5gw0","emptyAstarTime":3,"emptyRoute":[],"emptyRouteTime":0,"emptyCountFrag":0,"endGeohash":"wx4ep8e5gw0","loadAstarTime":2,"loadRoute":[],"loadRouteTime":0,"loadCountFrag":0},{"passengerId":"0xcd924d3e8e043bb9579a4033ab08f8c1404840f0000000000000000000000000","passengerGeohash":"wx4epb8scg1","vehicleId":"0x00cbd2864b7c93822826f80a7c968a2ada1cbaa7","vehicleStartPosition":"wx4ep8e5gw0","emptyAstarTime":3,"emptyRoute":[],"emptyRouteTime":0,"emptyCountFrag":0,"endGeohash":"wx4ep8e5gw0","loadAstarTime":1,"loadRoute":[],"loadRouteTime":0,"loadCountFrag":0},{"passengerId":"0xf5493c66a2f85637127510a53b6cd0b067936b51000000000000000000000000","passengerGeohash":"wx4epb8scg1","vehicleId":"0x00cbd2864b7c93822826f80a7c968a2ada1cbaa7","vehicleStartPosition":"wx4ep8e5gw0","emptyAstarTime":2,"emptyRoute":[],"emptyRouteTime":0,"emptyCountFrag":0,"endGeohash":"wx4ep8e5gw0","loadAstarTime":1,"loadRoute":[],"loadRouteTime":0,"loadCountFrag":0}]