[{"passengerId":"0x989bd3f4b8def49a869eee53fc2f8c31559dad10000000000000000000000000","passengerGeohash":"wx4eq7rgmxk","vehicleId":"0x20e74d6701f55d1c9b937f28499fbed7b8559c0f","vehicleStartPosition":"wx4eqt6u0vu","emptyAstarTime":4,"emptyRoute":[],"emptyRouteTime":0,"emptyCountFrag":0,"endGeohash":"wx4eqt6u0vu","loadAstarTime":3,"loadRoute":[],"loadRouteTime":0,"loadCountFrag":0},{"passengerId":"0x16941e3fe553ea1fec94de08aa5d0522b2fd5df1000000000000000000000000","passengerGeohash":"wx4eq7rgmxk","vehicleId":"0x327c19b8686de592ab2e6c182f1b00c3c9f80026","vehicleStartPosition":"wx4eqt6u0vu","emptyAstarTime":3,"emptyRoute":[],"emptyRouteTime":0,"emptyCountFrag":0,"endGeohash":"wx4eqt6u0vu","loadAstarTime":2,"loadRoute":[],"loadRouteTime":0,"loadCountFrag":0},{"passengerId":"0x524ced5b4382264574313760c481d131e49cea06000000000000000000000000","passengerGeohash":"wx4eq7rgmxk","vehicleId":"0x377d27404b760a49b3d3254e5781869d6a8aaea2","vehicleStartPosition":"wx4eqt6u0vu","emptyAstarTime":7,"emptyRoute":[],"emptyRouteTime":0,"emptyCountFrag":0,"endGeohash":"wx4eqt6u0vu","loadAstarTime":2,"loadRoute":[],"loadRouteTime":0,"loadCountFrag":0},{"passengerId":"0x7aedbd17c7198de1a60bbf73e77840baeab2315a000000000000000000000000","passengerGeohash":"wx4eq7rgmxk","vehicleId":"0x390c7d4dd2ebf9ed632175776adf09d19ed3da4c","vehicleStartPosition":"wx4eqt6u0vu","emptyAstarTime":13,"emptyRoute":[],"emptyRouteTime":0,"emptyCountFrag":0,"endGeohash":"wx4eqt6u0vu","loadAstarTime":1,"loadRoute":[],"loadRouteTime":0,"loadCountFrag":0},{"passengerId":"0xd1dea501c85b53e90c881515eccd4280db615287000000000000000000000000","passengerGeohash":"wx4eq7rgmxk","vehicleId":"0x20e74d6701f55d1c9b937f28499fbed7b8559c0f","vehicleStartPosition":"wx4eqt6u0vu","emptyAstarTime":5,"emptyRoute":[],"emptyRouteTime":0,"emptyCountFrag":0,"endGeohash":"wx4eqt6u0vu","loadAstarTime":5,"loadRoute":[],"loadRouteTime":0,"loadCountFrag":0},{"passengerId":"0x06a1ee74591def94efcdbd9a13c1b7df2350d160000000000000000000000000","passengerGeohash":"wx4eq7rgmxk","vehicleId":"0x327c19b8686de592ab2e6c182f1b00c3c9f80026","vehicleStartPosition":"wx4eqt6u0vu","emptyAstarTime":3,"emptyRoute":[],"emptyRouteTime":0,"emptyCountFrag":0,"endGeohash":"wx4eqt6u0vu","loadAstarTime":2,"loadRoute":[],"loadRouteTime":0,"loadCountFrag":0},{"passengerId":"0x99f859fba99facf38c0f6263b9794f672147f4aa000000000000000000000000","passengerGeohash":"wx4eq7rgmxk","vehicleId":"0x377d27404b760a49b3d3254e5781869d6a8aaea2","vehicleStartPosition":"wx4eqt6u0vu","emptyAstarTime":20,"emptyRoute":[],"emptyRouteTime":0,"emptyCountFrag":0,"endGeohash":"wx4eqt6u0vu","loadAstarTime":3,"loadRoute":[],"loadRouteTime":0,"loadCountFrag":0},{"passengerId":"0x0dca32fa900933ab3e9fe1f4527ec95d07bf772b000000000000000000000000","passengerGeohash":"wx4eq7rgmxk","vehicleId":"0x43349b16295abd084a1dbae5f04383de7b7db5d5","vehicleStartPosition":"wx4eqt6u0vu","emptyAstarTime":8,"emptyRoute":[],"emptyRouteTime":0,"emptyCountFrag":0,"endGeohash":"wx4eqt6u0vu","loadAstarTime":3,"loadRoute":[],"loadRouteTime":0,"loadCountFrag":0},{"passengerId":"0x156a54e7c951fa985e77e8bc827fdfed8905b4c1000000000000000000000000","passengerGeohash":"wx4eq7rgmxk","vehicleId":"0x390c7d4dd2ebf9ed632175776adf09d19ed3da4c","vehicleStartPosition":"wx4eqt6u0vu","emptyAstarTime":4,"emptyRoute":[],"emptyRouteTime":0,"emptyCountFrag":0,"endGeohash":"wx4eqt6u0vu","loadAstarTime":3,"loadRoute":[],"loadRouteTime":0,"loadCountFrag":0},{"passengerId":"0x499c7e13c1303502e55fe72b120312c0e0131884000000000000000000000000","passengerGeohash":"wx4eq7rgmxk","vehicleId":"0x20e74d6701f55d1c9b937f28499fbed7b8559c0f","vehicleStartPosition":"wx4eqt6u0vu","emptyAstarTime":13,"emptyRoute":[],"emptyRouteTime":0,"emptyCountFrag":0,"endGeohash":"wx4eqt6u0vu","loadAstarTime":4,"loadRoute":[],"loadRouteTime":0,"loadCountFrag":0},{"passengerId":"0x092f0e6aeaaad8f6308c54ad7c97a7120d8ef8b5000000000000000000000000","passengerGeohash":"wx4eq7rgmxk","vehicleId":"0x327c19b8686de592ab2e6c182f1b00c3c9f80026","vehicleStartPosition":"wx4eqt6u0vu","emptyAstarTime":25,"emptyRoute":[],"emptyRouteTime":0,"emptyCountFrag":0,"endGeohash":"wx4eqt6u0vu","loadAstarTime":5,"loadRoute":[],"loadRouteTime":0,"loadCountFrag":0},{"passengerId":"0x7cefd545055114e6b058ed0d110d4ac012a99cd7000000000000000000000000","passengerGeohash":"wx4eq7rgmxk","vehicleId":"0x377d27404b760a49b3d3254e5781869d6a8aaea2","vehicleStartPosition":"wx4eqt6u0vu","emptyAstarTime":6,"emptyRoute":[],"emptyRouteTime":0,"emptyCountFrag":0,"endGeohash":"wx4eqt6u0vu","loadAstarTime":4,"loadRoute":[],"loadRouteTime":0,"loadCountFrag":0},{"passengerId":"0x9d854e759b2cce86dd08080d3ac043b4c79d2d9a000000000000000000000000","passengerGeohash":"wx4eq7rgmxk","vehicleId":"0x43349b16295abd084a1dbae5f04383de7b7db5d5","vehicleStartPosition":"wx4eqt6u0vu","emptyAstarTime":13,"emptyRoute":[],"emptyRouteTime":0,"emptyCountFrag":0,"endGeohash":"wx4eqt6u0vu","loadAstarTime":3,"loadRoute":[],"loadRouteTime":0,"loadCountFrag":0},{"passengerId":"0xee6e220d86366845afbdb1213c122c8a7424a03e000000000000000000000000","passengerGeohash":"wx4eq7rgmxk","vehicleId":"0x4ef62208d75cb0803742cec9a4b087e2b536e2e8","vehicleStartPosition":"wx4eqt6u0vu","emptyAstarTime":12,"emptyRoute":[],"emptyRouteTime":0,"emptyCountFrag":0,"endGeohash":"wx4eqt6u0vu","loadAstarTime":2,"loadRoute":[],"loadRouteTime":0,"loadCountFrag":0},{"passengerId":"0xe5c2e3eaf8883a9d5ed7089e0484cfa6b027d816000000000000000000000000","passengerGeohash":"wx4eq7rgmxk","vehicleId":"0x390c7d4dd2ebf9ed632175776adf09d19ed3da4c","vehicleStartPosition":"wx4eqt6u0vu","emptyAstarTime":9,"emptyRoute":[],"emptyRouteTime":0,"emptyCountFrag":0,"endGeohash":"wx4eqt6u0vu","loadAstarTime":3,"loadRoute":[],"loadRouteTime":0,"loadCountFrag":0},{"passengerId":"0xddfc8e76b2bd61e9359ea5a2ed639d73e74ded71000000000000000000000000","passengerGeohash":"wx4eq7rgmxk","vehicleId":"0x20e74d6701f55d1c9b937f28499fbed7b8559c0f","vehicleStartPosition":"wx4eqt6u0vu","emptyAstarTime":2,"emptyRoute":[],"emptyRouteTime":0,"emptyCountFrag":0,"endGeohash":"wx4eqt6u0vu","loadAstarTime":2,"loadRoute":[],"loadRouteTime":0,"loadCountFrag":0},{"passengerId":"0xdd5e69139ec63cef0c137048bb0a6c7760721937000000000000000000000000","passengerGeohash":"wx4eq7rgmxk","vehicleId":"0x327c19b8686de592ab2e6c182f1b00c3c9f80026","vehicleStartPosition":"wx4eqt6u0vu","emptyAstarTime":9,"emptyRoute":[],"emptyRouteTime":0,"emptyCountFrag":0,"endGeohash":"wx4eqt6u0vu","loadAstarTime":3,"loadRoute":[],"loadRouteTime":0,"loadCountFrag":0},{"passengerId":"0xc64efbfcb752a3822f6b8d7c96b0502e81ce2882000000000000000000000000","passengerGeohash":"wx4eq7rgmxk","vehicleId":"0x377d27404b760a49b3d3254e5781869d6a8aaea2","vehicleStartPosition":"wx4eqt6u0vu","emptyAstarTime":2,"emptyRoute":[],"emptyRouteTime":0,"emptyCountFrag":0,"endGeohash":"wx4eqt6u0vu","loadAstarTime":1,"loadRoute":[],"loadRouteTime":0,"loadCountFrag":0},{"passengerId":"0x170d67b04d990cfa4326549efeafb86f4b95b9dc000000000000000000000000","passengerGeohash":"wx4eq7rgmxk","vehicleId":"0x43349b16295abd084a1dbae5f04383de7b7db5d5","vehicleStartPosition":"wx4eqt6u0vu","emptyAstarTime":5,"emptyRoute":[],"emptyRouteTime":0,"emptyCountFrag":0,"endGeohash":"wx4eqt6u0vu","loadAstarTime":2,"loadRoute":[],"loadRouteTime":0,"loadCountFrag":0},{"passengerId":"0xd6c18c15ee56beeaf9a94322f0fcc958b611a323000000000000000000000000","passengerGeohash":"wx4eq7rgmxk","vehicleId":"0x390c7d4dd2ebf9ed632175776adf09d19ed3da4c","vehicleStartPosition":"wx4eqt6u0vu","emptyAstarTime":13,"emptyRoute":[],"emptyRouteTime":0,"emptyCountFrag":0,"endGeohash":"wx4eqt6u0vu","loadAstarTime":3,"loadRoute":[],"loadRouteTime":0,"loadCountFrag":0},{"passengerId":"0xef0d03069e88fb45575f66aa4345b5448408dcfc000000000000000000000000","passengerGeohash":"wx4eq7rgmxk","vehicleId":"0x20e74d6701f55d1c9b937f28499fbed7b8559c0f","vehicleStartPosition":"wx4eqt6u0vu","emptyAstarTime":12,"emptyRoute":[],"emptyRouteTime":0,"emptyCountFrag":0,"endGeohash":"wx4eqt6u0vu","loadAstarTime":1,"loadRoute":[],"loadRouteTime":0,"loadCountFrag":0},{"passengerId":"0x07f4d74e86c2501a96b032f05daf6d9603f1a596000000000000000000000000","passengerGeohash":"wx4eq7rgmxk","vehicleId":"0x327c19b8686de592ab2e6c182f1b00c3c9f80026","vehicleStartPosition":"wx4eqt6u0vu","emptyAstarTime":11,"emptyRoute":[],"emptyRouteTime":0,"emptyCountFrag":0,"endGeohash":"wx4eqt6u0vu","loadAstarTime":4,"loadRoute":[],"loadRouteTime":0,"loadCountFrag":0},{"passengerId":"0xb560b30b372dae7df40f67cd542730f5de15cefa000000000000000000000000","passengerGeohash":"wx4eq7rgmxk","vehicleId":"0x377d27404b760a49b3d3254e5781869d6a8aaea2","vehicleStartPosition":"wx4eqt6u0vu","emptyAstarTime":3,"emptyRoute":[],"emptyRouteTime":0,"emptyCountFrag":0,"endGeohash":"wx4eqt6u0vu","loadAstarTime":2,"loadRoute":[],"loadRouteTime":0,"loadCountFrag":0},{"passengerId":"0x16b22e2402a183dcaf5b1fb73f64689b7700a2a0000000000000000000000000","passengerGeohash":"wx4eq7rgmxk","vehicleId":"0x43349b16295abd084a1dbae5f04383de7b7db5d5","vehicleStartPosition":"wx4eqt6u0vu","emptyAstarTime":5,"emptyRoute":[],"emptyRouteTime":0,"emptyCountFrag":0,"endGeohash":"wx4eqt6u0vu","loadAstarTime":2,"loadRoute":[],"loadRouteTime":0,"loadCountFrag":0},{"passengerId":"0x3daa27591a675fceb7fe25f39a2aa575730a6a1a000000000000000000000000","passengerGeohash":"wx4eq7rgmxk","vehicleId":"0x20e74d6701f55d1c9b937f28499fbed7b8559c0f","vehicleStartPosition":"wx4eqt6u0vu","emptyAstarTime":7,"emptyRoute":[],"emptyRouteTime":0,"emptyCountFrag":0,"endGeohash":"wx4eqt6u0vu","loadAstarTime":3,"loadRoute":[],"loadRouteTime":0,"loadCountFrag":0},{"passengerId":"0x0de4d33bb26cb0107ac34844054f6f975c587554000000000000000000000000","passengerGeohash":"wx4eq7rgmxk","vehicleId":"0x327c19b8686de592ab2e6c182f1b00c3c9f80026","vehicleStartPosition":"wx4eqt6u0vu","emptyAstarTime":1,"emptyRoute":[],"emptyRouteTime":0,"emptyCountFrag":0,"endGeohash":"wx4eqt6u0vu","loadAstarTime":3,"loadRoute":[],"loadRouteTime":0,"loadCountFrag":0},{"passengerId":"0x98f3af9a9d129dd78041b588c36cff0afefddc05000000000000000000000000","passengerGeohash":"wx4eq7rgmxk","vehicleId":"0x377d27404b760a49b3d3254e5781869d6a8aaea2","vehicleStartPosition":"wx4eqt6u0vu","emptyAstarTime":4,"emptyRoute":[],"emptyRouteTime":0,"emptyCountFrag":0,"endGeohash":"wx4eqt6u0vu","loadAstarTime":2,"loadRoute":[],"loadRouteTime":0,"loadCountFrag":0},{"passengerId":"0x397e94a4cd9fad4c4a472d6a92122d6ed9ec71d6000000000000000000000000","passengerGeohash":"wx4eq7rgmxk","vehicleId":"0x20e74d6701f55d1c9b937f28499fbed7b8559c0f","vehicleStartPosition":"wx4eqt6u0vu","emptyAstarTime":5,"emptyRoute":[],"emptyRouteTime":0,"emptyCountFrag":0,"endGeohash":"wx4eqt6u0vu","loadAstarTime":3,"loadRoute":[],"loadRouteTime":0,"loadCountFrag":0},{"passengerId":"0x49c7f84ca89d2ffb5dc35eba1d88b731fe1c53df000000000000000000000000","passengerGeohash":"wx4eq7rgmxk","vehicleId":"0x390c7d4dd2ebf9ed632175776adf09d19ed3da4c","vehicleStartPosition":"wx4eqt6u0vu","emptyAstarTime":6,"emptyRoute":[],"emptyRouteTime":0,"emptyCountFrag":0,"endGeohash":"wx4eqt6u0vu","loadAstarTime":1,"loadRoute":[],"loadRouteTime":0,"loadCountFrag":0},{"passengerId":"0x747d046d0c8a5d1bb1764517dd1984d0732c96bc000000000000000000000000","passengerGeohash":"wx4eq7rgmxk","vehicleId":"0x327c19b8686de592ab2e6c182f1b00c3c9f80026","vehicleStartPosition":"wx4eqt6u0vu","emptyAstarTime":10,"emptyRoute":[],"emptyRouteTime":0,"emptyCountFrag":0,"endGeohash":"wx4eqt6u0vu","loadAstarTime":2,"loadRoute":[],"loadRouteTime":0,"loadCountFrag":0},{"passengerId":"0x27ff8a06ca69b16c194a5132a1925d358c89ff39000000000000000000000000","passengerGeohash":"wx4eq7rgmxk","vehicleId":"0x377d27404b760a49b3d3254e5781869d6a8aaea2","vehicleStartPosition":"wx4eqt6u0vu","emptyAstarTime":5,"emptyRoute":[],"emptyRouteTime":0,"emptyCountFrag":0,"endGeohash":"wx4eqt6u0vu","loadAstarTime":2,"loadRoute":[],"loadRouteTime":0,"loadCountFrag":0},{"passengerId":"0x08f7cc636acfed10206a64c661dcb6f00606c26c000000000000000000000000","passengerGeohash":"wx4eq7rgmxk","vehicleId":"0x20e74d6701f55d1c9b937f28499fbed7b8559c0f","vehicleStartPosition":"wx4eqt6u0vu","emptyAstarTime":1,"emptyRoute":[],"emptyRouteTime":0,"emptyCountFrag":0,"endGeohash":"wx4eqt6u0vu","loadAstarTime":2,"loadRoute":[],"loadRouteTime":0,"loadCountFrag":0}]