{
    "0x196424dd2bf7c978228ebd7a17b38b993d650696": {
        "0x7a68b86008b0cfc3ae0e8068360271cbb999c9": {
            "FinishedAStarToStartingPoint": 4,
            "StoreRouteToStartingPointThroughAStarSuccess": 3358,
            "DestinationReady": 2840,
            "FinishedAStarToDestination": 2,
            "StoreRouteToDestinationSuccess": 542,
            "PassengerPaid": 2572,
            "CarReleased": 14
        },
        "0xbeacf6104014bfafccc307bb7e7b5ef850c1db": {
            "FinishedAStarToStartingPoint": 7,
            "StoreRouteToStartingPointThroughAStarSuccess": 591,
            "DestinationReady": 2415,
            "FinishedAStarToDestination": 2,
            "StoreRouteToDestinationSuccess": 4560,
            "PassengerPaid": 3427,
            "CarReleased": 4
        },
        "0x6d1558ef76336d670fb6f2b04ae1f345eab947": {
            "FinishedAStarToStartingPoint": 5,
            "StoreRouteToStartingPointThroughAStarSuccess": 8583,
            "DestinationReady": 3692,
            "FinishedAStarToDestination": 4,
            "StoreRouteToDestinationSuccess": 1177,
            "PassengerPaid": 2942,
            "CarReleased": 10
        },
        "0xfc932e94fed02d65e282e933c8e0cb75f6c4cf": {
            "FinishedAStarToStartingPoint": 3,
            "StoreRouteToStartingPointThroughAStarSuccess": 4338,
            "DestinationReady": 4381,
            "FinishedAStarToDestination": 2,
            "StoreRouteToDestinationSuccess": 2569,
            "PassengerPaid": 3173,
            "CarReleased": 4
        }
    },
    "0x12d0e4381ef94a70a49252e35b9a65fadd3872b9": {
        "0xe64e81bc77ee05caaa6b1476de75193607e84d": {
            "FinishedAStarToStartingPoint": 4,
            "StoreRouteToStartingPointThroughAStarSuccess": 3562,
            "DestinationReady": 3718,
            "FinishedAStarToDestination": 3,
            "StoreRouteToDestinationSuccess": 3354,
            "PassengerPaid": 2836,
            "CarReleased": 6
        },
        "0xd05c44f7b7f9d7c76a32f6cd5c612ac9c0f5bf": {
            "FinishedAStarToStartingPoint": 9,
            "StoreRouteToStartingPointThroughAStarSuccess": 5199,
            "DestinationReady": 2675,
            "FinishedAStarToDestination": 5,
            "StoreRouteToDestinationSuccess": 588,
            "PassengerPaid": 2399,
            "CarReleased": 16
        },
        "0x42389309e69a2b32b98f04bc8255ad971797f7": {
            "FinishedAStarToStartingPoint": 4,
            "StoreRouteToStartingPointThroughAStarSuccess": 404,
            "DestinationReady": 3046,
            "FinishedAStarToDestination": 5,
            "StoreRouteToDestinationSuccess": 8581,
            "PassengerPaid": 3684,
            "CarReleased": 12
        },
        "0x46dfb062b17f2ef557a64283347653f11ba7c0": {
            "FinishedAStarToStartingPoint": 2,
            "StoreRouteToStartingPointThroughAStarSuccess": 6556,
            "DestinationReady": 3793,
            "FinishedAStarToDestination": 3,
            "StoreRouteToDestinationSuccess": 4335,
            "PassengerPaid": 4372,
            "CarReleased": 10
        }
    },
    "0x456c4df0610c7611ae8bcaed32dd1d94e88ceca4": {
        "0xf4190533e1203597f7cbe83cd76a32192af04e": {
            "FinishedAStarToStartingPoint": 3,
            "StoreRouteToStartingPointThroughAStarSuccess": 622,
            "DestinationReady": 3114,
            "FinishedAStarToDestination": 6,
            "StoreRouteToDestinationSuccess": 5194,
            "PassengerPaid": 2665,
            "CarReleased": 15
        },
        "0xd402c7301a68c4c65529ab0c597bb8b13e27f6": {
            "FinishedAStarToStartingPoint": 4,
            "StoreRouteToStartingPointThroughAStarSuccess": 3431,
            "DestinationReady": 402,
            "FinishedAStarToDestination": 2,
            "StoreRouteToDestinationSuccess": 3047,
            "PassengerPaid": 8575,
            "CarReleased": 11
        },
        "0xd35d112793fe59877302d4064c9ef5a89c0485": {
            "FinishedAStarToStartingPoint": 7,
            "StoreRouteToStartingPointThroughAStarSuccess": 2946,
            "DestinationReady": 6644,
            "FinishedAStarToDestination": 1,
            "StoreRouteToDestinationSuccess": 910,
            "PassengerPaid": 3146,
            "CarReleased": 6
        }
    },
    "0x55577fd620a0b8379846fcb1499e4bdc22538843": {
        "0xfdd87ce574fea6b415f3a8f70f4fcc752555b9": {
            "FinishedAStarToStartingPoint": 6,
            "StoreRouteToStartingPointThroughAStarSuccess": 5199,
            "DestinationReady": 2676,
            "FinishedAStarToDestination": 4,
            "StoreRouteToDestinationSuccess": 585,
            "PassengerPaid": 2407,
            "CarReleased": 12
        },
        "0xcae58827099cb4557f40dd308f5efc29e9065b": {
            "FinishedAStarToStartingPoint": 5,
            "StoreRouteToStartingPointThroughAStarSuccess": 8583,
            "DestinationReady": 3694,
            "FinishedAStarToDestination": 5,
            "StoreRouteToDestinationSuccess": 1177,
            "PassengerPaid": 2937,
            "CarReleased": 13
        }
    },
    "0xad8a321e2e8f8f51245f47b8f412979d5740e625": {
        "0x95d2b2a36e6a3d1e7ac8edbf99481c6009a191": {
            "FinishedAStarToStartingPoint": 8,
            "StoreRouteToStartingPointThroughAStarSuccess": 1181,
            "DestinationReady": 2950,
            "FinishedAStarToDestination": 2,
            "StoreRouteToDestinationSuccess": 6639,
            "PassengerPaid": 908,
            "CarReleased": 6
        }
    },
    "0x91153bad44dcc46187c481d8d36a53e58522d0c4": {
        "0x3df2c7b1e2c3e8e5e40c6035f6a3a5bb8fdb6b": {
            "FinishedAStarToStartingPoint": 2,
            "StoreRouteToStartingPointThroughAStarSuccess": 2414,
            "DestinationReady": 4563,
            "FinishedAStarToDestination": 2,
            "StoreRouteToDestinationSuccess": 3429,
            "PassengerPaid": 396,
            "CarReleased": 9
        },
        "0xd5f5ef5ff4c6323c62bdc5ab2061f440aefc51": {
            "FinishedAStarToStartingPoint": 4,
            "StoreRouteToStartingPointThroughAStarSuccess": 3692,
            "DestinationReady": 1179,
            "FinishedAStarToDestination": 5,
            "StoreRouteToDestinationSuccess": 2944,
            "PassengerPaid": 6636,
            "CarReleased": 7
        }
    }
}