{
    "0xe64e81bc77ee05caaa6b1476de75193607e84d87": {
        "StartingPointWrittenToContract": 2845,
        "DestinationWrittenToContract": 2904,
        "FoundIdleCarsNearby": 3,
        "FoundTheMostNearbyCar": 54250,
        "TheMostNearbyCarConflict": 4668,
        "TheMostNearbyCarIsSelected": 1023,
        "PassengerOnBoard": 4078,
        "PassengerArriveAtDestination": 1841,
        "PassengerPaysAndGetsOff": 2301
    },
    "0x7a68b86008b0cfc3ae0e8068360271cbb999c97d": {
        "StartingPointWrittenToContract": 2099,
        "DestinationWrittenToContract": 2903,
        "FoundIdleCarsNearby": 3,
        "FoundTheMostNearbyCar": 110365,
        "TheMostNearbyCarConflict": 7226,
        "TheMostNearbyCarIsSelected": 1043,
        "PassengerOnBoard": 2913,
        "PassengerArriveAtDestination": 1982,
        "PassengerPaysAndGetsOff": 966
    },
    "0xd5f5ef5ff4c6323c62bdc5ab2061f440aefc511b": {
        "StartingPointWrittenToContract": 1347,
        "DestinationWrittenToContract": 2905,
        "FoundIdleCarsNearby": 3,
        "FoundTheMostNearbyCar": 67,
        "TheMostNearbyCarIsSelected": 631,
        "PassengerOnBoard": 5867,
        "PassengerArriveAtDestination": 2531,
        "PassengerPaysAndGetsOff": 4617
    },
    "0xf4190533e1203597f7cbe83cd76a32192af04ebf": {
        "StartingPointWrittenToContract": 1814,
        "DestinationWrittenToContract": 1913,
        "FoundIdleCarsNearby": 1,
        "FoundTheMostNearbyCar": 14113,
        "TheMostNearbyCarConflict": 1706,
        "TheMostNearbyCarIsSelected": 433,
        "PassengerOnBoard": 2957,
        "PassengerArriveAtDestination": 3428,
        "PassengerPaysAndGetsOff": 2251
    },
    "0xfc932e94fed02d65e282e933c8e0cb75f6c4cfd8": {
        "StartingPointWrittenToContract": 2751,
        "DestinationWrittenToContract": 704,
        "FoundIdleCarsNearby": 2,
        "FoundTheMostNearbyCar": 66,
        "TheMostNearbyCarIsSelected": 1884,
        "PassengerOnBoard": 6448,
        "PassengerArriveAtDestination": 4609,
        "PassengerPaysAndGetsOff": 705
    },
    "0xfdd87ce574fea6b415f3a8f70f4fcc752555b920": {
        "StartingPointWrittenToContract": 2002,
        "DestinationWrittenToContract": 701,
        "FoundIdleCarsNearby": 3,
        "FoundTheMostNearbyCar": 14120,
        "TheMostNearbyCarConflict": 1889,
        "TheMostNearbyCarIsSelected": 1315,
        "PassengerOnBoard": 4838,
        "PassengerArriveAtDestination": 2251,
        "PassengerPaysAndGetsOff": 1563
    },
    "0xd05c44f7b7f9d7c76a32f6cd5c612ac9c0f5bfc2": {
        "StartingPointWrittenToContract": 1476,
        "DestinationWrittenToContract": 1765,
        "FoundIdleCarsNearby": 2,
        "FoundTheMostNearbyCar": 80317,
        "TheMostNearbyCarConflict": 3693,
        "TheMostNearbyCarIsSelected": 1534,
        "PassengerOnBoard": 5077,
        "PassengerArriveAtDestination": 666,
        "PassengerPaysAndGetsOff": 2297
    },
    "0xbeacf6104014bfafccc307bb7e7b5ef850c1db0d": {
        "StartingPointWrittenToContract": 727,
        "DestinationWrittenToContract": 1765,
        "FoundIdleCarsNearby": 2,
        "FoundTheMostNearbyCar": 32188,
        "TheMostNearbyCarConflict": 1915,
        "TheMostNearbyCarIsSelected": 759,
        "PassengerOnBoard": 4444,
        "PassengerArriveAtDestination": 2761,
        "PassengerPaysAndGetsOff": 628
    },
    "0x3df2c7b1e2c3e8e5e40c6035f6a3a5bb8fdb6b87": {
        "StartingPointWrittenToContract": 1743,
        "DestinationWrittenToContract": 752,
        "FoundIdleCarsNearby": 0,
        "FoundTheMostNearbyCar": 57,
        "TheMostNearbyCarIsSelected": 3766,
        "PassengerOnBoard": 7154,
        "PassengerArriveAtDestination": 694,
        "PassengerPaysAndGetsOff": 2063
    },
    "0x46dfb062b17f2ef557a64283347653f11ba7c089": {
        "StartingPointWrittenToContract": 1657,
        "DestinationWrittenToContract": 3912,
        "FoundIdleCarsNearby": 4,
        "FoundTheMostNearbyCar": 70,
        "TheMostNearbyCarIsSelected": 2466,
        "PassengerOnBoard": 5310,
        "PassengerArriveAtDestination": 2052,
        "PassengerPaysAndGetsOff": 1561
    },
    "0xd402c7301a68c4c65529ab0c597bb8b13e27f607": {
        "StartingPointWrittenToContract": 906,
        "DestinationWrittenToContract": 3913,
        "FoundIdleCarsNearby": 2,
        "FoundTheMostNearbyCar": 32182,
        "TheMostNearbyCarConflict": 4422,
        "TheMostNearbyCarIsSelected": 891,
        "PassengerOnBoard": 3995,
        "PassengerArriveAtDestination": 422,
        "PassengerPaysAndGetsOff": 2997
    },
    "0x42389309e69a2b32b98f04bc8255ad971797f757": {
        "StartingPointWrittenToContract": 244,
        "DestinationWrittenToContract": 3828,
        "FoundIdleCarsNearby": 4,
        "FoundTheMostNearbyCar": 14135,
        "TheMostNearbyCarConflict": 2459,
        "TheMostNearbyCarIsSelected": 1945,
        "PassengerOnBoard": 4718,
        "PassengerArriveAtDestination": 353,
        "PassengerPaysAndGetsOff": 4044
    },
    "0xcae58827099cb4557f40dd308f5efc29e9065be8": {
        "StartingPointWrittenToContract": 3319,
        "DestinationWrittenToContract": 2538,
        "FoundIdleCarsNearby": 9,
        "FoundTheMostNearbyCar": 74,
        "TheMostNearbyCarIsSelected": 4528,
        "PassengerOnBoard": 2758,
        "PassengerArriveAtDestination": 1550,
        "PassengerPaysAndGetsOff": 1413
    },
    "0x6d1558ef76336d670fb6f2b04ae1f345eab94761": {
        "StartingPointWrittenToContract": 2567,
        "DestinationWrittenToContract": 2537,
        "FoundIdleCarsNearby": 5,
        "FoundTheMostNearbyCar": 32199,
        "TheMostNearbyCarConflict": 6592,
        "TheMostNearbyCarIsSelected": 492,
        "PassengerOnBoard": 3086,
        "PassengerArriveAtDestination": 1227,
        "PassengerPaysAndGetsOff": 2677
    },
    "0x95d2b2a36e6a3d1e7ac8edbf99481c6009a19131": {
        "StartingPointWrittenToContract": 1812,
        "DestinationWrittenToContract": 2535,
        "FoundIdleCarsNearby": 6,
        "FoundTheMostNearbyCar": 54262,
        "TheMostNearbyCarConflict": 7075,
        "TheMostNearbyCarIsSelected": 385,
        "PassengerOnBoard": 5357,
        "PassengerArriveAtDestination": 2093,
        "PassengerPaysAndGetsOff": 1403
    },
    "0xd35d112793fe59877302d4064c9ef5a89c0485ba": {
        "StartingPointWrittenToContract": 1069,
        "DestinationWrittenToContract": 2536,
        "FoundIdleCarsNearby": 6,
        "FoundTheMostNearbyCar": 14145,
        "TheMostNearbyCarConflict": 4530,
        "TheMostNearbyCarIsSelected": 2043,
        "PassengerOnBoard": 4403,
        "PassengerArriveAtDestination": 2615,
        "PassengerPaysAndGetsOff": 3710
    },
    "0xedb6f3a4a1ebc511f7fe9bd4f2cd4219ca0a3cf4": {
        "StartingPointWrittenToContract": 648,
        "DestinationWrittenToContract": 2749,
        "FoundIdleCarsNearby": 3,
        "FoundTheMostNearbyCar": 54,
        "TheMostNearbyCarIsSelected": 4016,
        "PassengerOnBoard": 2763,
        "PassengerArriveAtDestination": 1545,
        "PassengerPaysAndGetsOff": 1409
    },
    "0xbd2f3e025a8f0b0d8bb9f64ef60980ebb27e8d5d": {
        "StartingPointWrittenToContract": 2649,
        "DestinationWrittenToContract": 4069,
        "FoundIdleCarsNearby": 6,
        "FoundTheMostNearbyCar": 32179,
        "TheMostNearbyCarConflict": 1993,
        "TheMostNearbyCarIsSelected": 498,
        "PassengerOnBoard": 3085,
        "PassengerArriveAtDestination": 1228,
        "PassengerPaysAndGetsOff": 2679
    },
    "0xabd6b57b7d198796947bc03e4f5bd911813caada": {
        "StartingPointWrittenToContract": 1898,
        "DestinationWrittenToContract": 4069,
        "FoundIdleCarsNearby": 6,
        "FoundTheMostNearbyCar": 14124,
        "TheMostNearbyCarConflict": 632,
        "TheMostNearbyCarIsSelected": 1353,
        "PassengerOnBoard": 4395,
        "PassengerArriveAtDestination": 2620,
        "PassengerPaysAndGetsOff": 3706
    },
    "0x62119c27e0081b14e6e0c596603d21eaa6d6452b": {
        "StartingPointWrittenToContract": 1147,
        "DestinationWrittenToContract": 4074,
        "FoundIdleCarsNearby": 4,
        "FoundTheMostNearbyCar": 60,
        "TheMostNearbyCarIsSelected": 633,
        "PassengerOnBoard": 3612,
        "PassengerArriveAtDestination": 1404,
        "PassengerPaysAndGetsOff": 3435
    },
    "0xc265c858c1186113b2d830e6f46f6d95142e9750": {
        "StartingPointWrittenToContract": 4467,
        "DestinationWrittenToContract": 699,
        "FoundIdleCarsNearby": 3,
        "FoundTheMostNearbyCar": 59,
        "TheMostNearbyCarIsSelected": 2001,
        "PassengerOnBoard": 2959,
        "PassengerArriveAtDestination": 3428,
        "PassengerPaysAndGetsOff": 2243
    },
    "0x03875bcc0db199992266825e2c1cf0f5bfc200d2": {
        "StartingPointWrittenToContract": 3718,
        "DestinationWrittenToContract": 699,
        "FoundIdleCarsNearby": 5,
        "FoundTheMostNearbyCar": 54261,
        "TheMostNearbyCarConflict": 6093,
        "TheMostNearbyCarIsSelected": 1415,
        "PassengerOnBoard": 3496,
        "PassengerArriveAtDestination": 3623,
        "PassengerPaysAndGetsOff": 1127
    },
    "0xf0ce9fe96ac15405e4fd51a62cbdbdaef2d36372": {
        "StartingPointWrittenToContract": 2971,
        "DestinationWrittenToContract": 696,
        "FoundIdleCarsNearby": 7,
        "FoundTheMostNearbyCar": 80317,
        "TheMostNearbyCarConflict": 7505,
        "TheMostNearbyCarIsSelected": 1018,
        "PassengerOnBoard": 5803,
        "PassengerArriveAtDestination": 1983,
        "PassengerPaysAndGetsOff": 1188
    },
    "0x1bdf42d9a37b5b5c5a3bc09cadfade23d075791a": {
        "StartingPointWrittenToContract": 2222,
        "DestinationWrittenToContract": 695,
        "FoundIdleCarsNearby": 4,
        "FoundTheMostNearbyCar": 110357,
        "TheMostNearbyCarConflict": 8545,
        "TheMostNearbyCarIsSelected": 1457,
        "PassengerOnBoard": 8477,
        "PassengerArriveAtDestination": 2497,
        "PassengerPaysAndGetsOff": 654
    },
    "0x3449a20e1b4700ffd4dd49f0fc14bcac44fee63c": {
        "StartingPointWrittenToContract": 1468,
        "DestinationWrittenToContract": 697,
        "FoundIdleCarsNearby": 4,
        "FoundTheMostNearbyCar": 32173,
        "TheMostNearbyCarConflict": 5696,
        "TheMostNearbyCarIsSelected": 419,
        "PassengerOnBoard": 3033,
        "PassengerArriveAtDestination": 2387,
        "PassengerPaysAndGetsOff": 1817
    },
    "0xd2ed0cb17fd847c8aa8bc8e9ed3870481ede088b": {
        "StartingPointWrittenToContract": 1252,
        "DestinationWrittenToContract": 2230,
        "FoundIdleCarsNearby": 6,
        "FoundTheMostNearbyCar": 14108,
        "TheMostNearbyCarConflict": 1484,
        "TheMostNearbyCarIsSelected": 2152,
        "PassengerOnBoard": 6328,
        "PassengerArriveAtDestination": 737,
        "PassengerPaysAndGetsOff": 2767
    },
    "0x5227daf8db7c57d268979df21ba9ee9c93d26712": {
        "StartingPointWrittenToContract": 667,
        "DestinationWrittenToContract": 2061,
        "FoundIdleCarsNearby": 6,
        "FoundTheMostNearbyCar": 62,
        "TheMostNearbyCarIsSelected": 1485,
        "PassengerOnBoard": 4837,
        "PassengerArriveAtDestination": 2253,
        "PassengerPaysAndGetsOff": 1559
    },
    "0xb658cbd857f52f9705fbecf9b30cf827dd8c81a8": {
        "StartingPointWrittenToContract": 1982,
        "DestinationWrittenToContract": 1549,
        "FoundIdleCarsNearby": 3,
        "FoundTheMostNearbyCar": 32179,
        "TheMostNearbyCarConflict": 4444,
        "TheMostNearbyCarIsSelected": 727,
        "PassengerOnBoard": 2748,
        "PassengerArriveAtDestination": 1810,
        "PassengerPaysAndGetsOff": 1561
    },
    "0x5895ef03d8c36b9a53b4f961cd1345ed0bd79fa3": {
        "StartingPointWrittenToContract": 1231,
        "DestinationWrittenToContract": 1549,
        "FoundIdleCarsNearby": 3,
        "FoundTheMostNearbyCar": 54229,
        "TheMostNearbyCarConflict": 5178,
        "TheMostNearbyCarIsSelected": 843,
        "PassengerOnBoard": 5031,
        "PassengerArriveAtDestination": 1117,
        "PassengerPaysAndGetsOff": 3107
    },
    "0x4093777e3bf0a104ef5576011a965c58a206b69b": {
        "StartingPointWrittenToContract": 479,
        "DestinationWrittenToContract": 1553,
        "FoundIdleCarsNearby": 6,
        "FoundTheMostNearbyCar": 62,
        "TheMostNearbyCarIsSelected": 1338,
        "PassengerOnBoard": 5672,
        "PassengerArriveAtDestination": 1568,
        "PassengerPaysAndGetsOff": 3153
    },
    "0x7906b337632876b8050f55ee5b57228f02972fa3": {
        "StartingPointWrittenToContract": 1281,
        "DestinationWrittenToContract": 1405,
        "FoundIdleCarsNearby": 4,
        "FoundTheMostNearbyCar": 14135,
        "TheMostNearbyCarConflict": 3373,
        "TheMostNearbyCarIsSelected": 3609,
        "PassengerOnBoard": 3507,
        "PassengerArriveAtDestination": 625,
        "PassengerPaysAndGetsOff": 3372
    },
    "0x3b49b8eb1d9d3c28242b97c135379e0e32468fb9": {
        "StartingPointWrittenToContract": 531,
        "DestinationWrittenToContract": 1407,
        "FoundIdleCarsNearby": 2,
        "FoundTheMostNearbyCar": 59,
        "TheMostNearbyCarIsSelected": 3370,
        "PassengerOnBoard": 3813,
        "PassengerArriveAtDestination": 3145,
        "PassengerPaysAndGetsOff": 362
    },
    "0x075c06e40ff4067d3f9d765719555f06532bb170": {
        "StartingPointWrittenToContract": 1189,
        "DestinationWrittenToContract": 3430,
        "FoundIdleCarsNearby": 4,
        "FoundTheMostNearbyCar": 61,
        "TheMostNearbyCarIsSelected": 2177,
        "PassengerOnBoard": 4726,
        "PassengerArriveAtDestination": 351,
        "PassengerPaysAndGetsOff": 4039
    },
    "0xbb9fdf370e08bb5dee6f39ea440de18f01cdb1c8": {
        "StartingPointWrittenToContract": 438,
        "DestinationWrittenToContract": 3430,
        "FoundIdleCarsNearby": 5,
        "FoundTheMostNearbyCar": 14121,
        "TheMostNearbyCarConflict": 2178,
        "TheMostNearbyCarIsSelected": 1378,
        "PassengerOnBoard": 3515,
        "PassengerArriveAtDestination": 617,
        "PassengerPaysAndGetsOff": 3378
    },
    "0xed04389fb476cbfb0737477e9aa3a509404917cf": {
        "StartingPointWrittenToContract": 3118,
        "DestinationWrittenToContract": 2246,
        "FoundIdleCarsNearby": 10,
        "FoundTheMostNearbyCar": 32218,
        "TheMostNearbyCarConflict": 2022,
        "TheMostNearbyCarIsSelected": 583,
        "PassengerOnBoard": 4075,
        "PassengerArriveAtDestination": 1846,
        "PassengerPaysAndGetsOff": 2297
    },
    "0x54dd0a733e1c1ae9ea5ddab64c5f3922daec1ddf": {
        "StartingPointWrittenToContract": 2369,
        "DestinationWrittenToContract": 2243,
        "FoundIdleCarsNearby": 11,
        "FoundTheMostNearbyCar": 14157,
        "TheMostNearbyCarConflict": 1484,
        "TheMostNearbyCarIsSelected": 536,
        "PassengerOnBoard": 3391,
        "PassengerArriveAtDestination": 3365,
        "PassengerPaysAndGetsOff": 427
    },
    "0xd93f7bbe87e0986efca3dedc91880635a0f355d9": {
        "StartingPointWrittenToContract": 1618,
        "DestinationWrittenToContract": 2243,
        "FoundIdleCarsNearby": 10,
        "FoundTheMostNearbyCar": 80331,
        "TheMostNearbyCarConflict": 3915,
        "TheMostNearbyCarIsSelected": 1685,
        "PassengerOnBoard": 5384,
        "PassengerArriveAtDestination": 1175,
        "PassengerPaysAndGetsOff": 1268
    },
    "0x781b6d4d069a201ca8dc1542684edffd1b79c025": {
        "StartingPointWrittenToContract": 868,
        "DestinationWrittenToContract": 2243,
        "FoundIdleCarsNearby": 11,
        "FoundTheMostNearbyCar": 72,
        "TheMostNearbyCarIsSelected": 1486,
        "PassengerOnBoard": 3512,
        "PassengerArriveAtDestination": 4030,
        "PassengerPaysAndGetsOff": 2632
    },
    "0x05d6ca3c365ab26983bfca03809309a8258e3f62": {
        "StartingPointWrittenToContract": 1753,
        "DestinationWrittenToContract": 1374,
        "FoundIdleCarsNearby": 1,
        "FoundTheMostNearbyCar": 54251,
        "TheMostNearbyCarConflict": 1882,
        "TheMostNearbyCarIsSelected": 1304,
        "PassengerOnBoard": 4222,
        "PassengerArriveAtDestination": 444,
        "PassengerPaysAndGetsOff": 4633
    },
    "0x792e5531f6d360524e4dd3f1d17725edcc9b1dc1": {
        "StartingPointWrittenToContract": 1611,
        "DestinationWrittenToContract": 1571,
        "FoundIdleCarsNearby": 2,
        "FoundTheMostNearbyCar": 32184,
        "TheMostNearbyCarConflict": 3382,
        "TheMostNearbyCarIsSelected": 1772,
        "PassengerOnBoard": 4142,
        "PassengerArriveAtDestination": 2672,
        "PassengerPaysAndGetsOff": 1841
    },
    "0x086ba65affc894f226e87f8d16f20a35d4f60b4d": {
        "StartingPointWrittenToContract": 864,
        "DestinationWrittenToContract": 1566,
        "FoundIdleCarsNearby": 3,
        "FoundTheMostNearbyCar": 66,
        "TheMostNearbyCarIsSelected": 3083,
        "PassengerOnBoard": 4399,
        "PassengerArriveAtDestination": 2615,
        "PassengerPaysAndGetsOff": 3712
    },
    "0x2702ee5633daab4d277f5660f1c29d3e5454f7b3": {
        "StartingPointWrittenToContract": 876,
        "DestinationWrittenToContract": 885,
        "FoundIdleCarsNearby": 1,
        "FoundTheMostNearbyCar": 14116,
        "TheMostNearbyCarConflict": 3012,
        "TheMostNearbyCarIsSelected": 302,
        "PassengerOnBoard": 4201,
        "PassengerArriveAtDestination": 542,
        "PassengerPaysAndGetsOff": 2545
    },
    "0x2888bd343cbbc9cb5469c7a3c52d51dff4350d97": {
        "StartingPointWrittenToContract": 931,
        "DestinationWrittenToContract": 3151,
        "FoundIdleCarsNearby": 7,
        "FoundTheMostNearbyCar": 14132,
        "TheMostNearbyCarConflict": 283,
        "TheMostNearbyCarIsSelected": 1365,
        "PassengerOnBoard": 3317,
        "PassengerArriveAtDestination": 2538,
        "PassengerPaysAndGetsOff": 1235
    },
    "0x7a594ef9f871e4ef17c8d659aa58b3b09e090cf3": {
        "StartingPointWrittenToContract": 261,
        "DestinationWrittenToContract": 3069,
        "FoundIdleCarsNearby": 7,
        "FoundTheMostNearbyCar": 75,
        "TheMostNearbyCarIsSelected": 280,
        "PassengerOnBoard": 6659,
        "PassengerArriveAtDestination": 3704,
        "PassengerPaysAndGetsOff": 742
    },
    "0xb2e192f38247113c0a695a4da975771bfd32d68e": {
        "StartingPointWrittenToContract": 2580,
        "DestinationWrittenToContract": 361,
        "FoundIdleCarsNearby": 4,
        "FoundTheMostNearbyCar": 32184,
        "TheMostNearbyCarConflict": 4159,
        "TheMostNearbyCarIsSelected": 1627,
        "PassengerOnBoard": 4512,
        "PassengerArriveAtDestination": 3510,
        "PassengerPaysAndGetsOff": 2097
    },
    "0xe3cfc7fd117fa5762bfb5390acbdf48557a18ac2": {
        "StartingPointWrittenToContract": 1835,
        "DestinationWrittenToContract": 356,
        "FoundIdleCarsNearby": 4,
        "FoundTheMostNearbyCar": 64,
        "TheMostNearbyCarIsSelected": 3971,
        "PassengerOnBoard": 6331,
        "PassengerArriveAtDestination": 734,
        "PassengerPaysAndGetsOff": 2769
    },
    "0xa97253e4fe217e80b5f2e995bd54904f63726719": {
        "StartingPointWrittenToContract": 1080,
        "DestinationWrittenToContract": 361,
        "FoundIdleCarsNearby": 5,
        "FoundTheMostNearbyCar": 14141,
        "TheMostNearbyCarConflict": 3965,
        "TheMostNearbyCarIsSelected": 183,
        "PassengerOnBoard": 4224,
        "PassengerArriveAtDestination": 2672,
        "PassengerPaysAndGetsOff": 359
    },
    "0xce2897c392e16c5762131a56686733e035a4aa30": {
        "StartingPointWrittenToContract": 329,
        "DestinationWrittenToContract": 362,
        "FoundIdleCarsNearby": 6,
        "FoundTheMostNearbyCar": 54251,
        "TheMostNearbyCarConflict": 5774,
        "TheMostNearbyCarIsSelected": 2392,
        "PassengerOnBoard": 2963,
        "PassengerArriveAtDestination": 4736,
        "PassengerPaysAndGetsOff": 1323
    },
    "0x7b11919cd9db9a817c8f9d2e9477f410273a3ceb": {
        "StartingPointWrittenToContract": 3985,
        "DestinationWrittenToContract": 2623,
        "FoundIdleCarsNearby": 6,
        "FoundTheMostNearbyCar": 182549,
        "TheMostNearbyCarConflict": 14083,
        "TheMostNearbyCarIsSelected": 956,
        "PassengerOnBoard": 2560,
        "PassengerArriveAtDestination": 2842,
        "PassengerPaysAndGetsOff": 1410
    },
    "0x3c28dc70332560ed17d1002704780df9df497abb": {
        "StartingPointWrittenToContract": 3229,
        "DestinationWrittenToContract": 2627,
        "FoundIdleCarsNearby": 6,
        "FoundTheMostNearbyCar": 14147,
        "TheMostNearbyCarConflict": 3622,
        "TheMostNearbyCarIsSelected": 753,
        "PassengerOnBoard": 2748,
        "PassengerArriveAtDestination": 1811,
        "PassengerPaysAndGetsOff": 1560
    },
    "0xeef75753e18f97f0ee8a61119d84cdba23d22a7f": {
        "StartingPointWrittenToContract": 2483,
        "DestinationWrittenToContract": 2621,
        "FoundIdleCarsNearby": 6,
        "FoundTheMostNearbyCar": 77,
        "TheMostNearbyCarIsSelected": 3620,
        "PassengerOnBoard": 3506,
        "PassengerArriveAtDestination": 622,
        "PassengerPaysAndGetsOff": 3375
    },
    "0x2a772e261792d208c40d685b31673a85ad18eb90": {
        "StartingPointWrittenToContract": 1735,
        "DestinationWrittenToContract": 2619,
        "FoundIdleCarsNearby": 5,
        "FoundTheMostNearbyCar": 32217,
        "TheMostNearbyCarConflict": 4369,
        "TheMostNearbyCarIsSelected": 2744,
        "PassengerOnBoard": 3498,
        "PassengerArriveAtDestination": 3625,
        "PassengerPaysAndGetsOff": 1124
    },
    "0x495b77d80ccb1d3d1476db06dd522292555b2e23": {
        "StartingPointWrittenToContract": 3356,
        "DestinationWrittenToContract": 3955,
        "FoundIdleCarsNearby": 7,
        "FoundTheMostNearbyCar": 54292,
        "TheMostNearbyCarConflict": 3405,
        "TheMostNearbyCarIsSelected": 2050,
        "PassengerOnBoard": 2309,
        "PassengerArriveAtDestination": 3871,
        "PassengerPaysAndGetsOff": 2575
    },
    "0xa95e44270fc15576da490955d8e6698e2a95f610": {
        "StartingPointWrittenToContract": 2605,
        "DestinationWrittenToContract": 3952,
        "FoundIdleCarsNearby": 6,
        "FoundTheMostNearbyCar": 110450,
        "TheMostNearbyCarConflict": 6169,
        "TheMostNearbyCarIsSelected": 611,
        "PassengerOnBoard": 2980,
        "PassengerArriveAtDestination": 2567,
        "PassengerPaysAndGetsOff": 3563
    },
    "0xa330923b96f26c88a2681112bfe26d4d9186131a": {
        "StartingPointWrittenToContract": 2102,
        "DestinationWrittenToContract": 3708,
        "FoundIdleCarsNearby": 6,
        "FoundTheMostNearbyCar": 80381,
        "TheMostNearbyCarConflict": 5452,
        "TheMostNearbyCarIsSelected": 698,
        "PassengerOnBoard": 4186,
        "PassengerArriveAtDestination": 1776,
        "PassengerPaysAndGetsOff": 1403
    },
    "0x814d66fc3f60ca8b257b21f1b89faeecd31475af": {
        "StartingPointWrittenToContract": 1352,
        "DestinationWrittenToContract": 3699,
        "FoundIdleCarsNearby": 9,
        "FoundTheMostNearbyCar": 144531,
        "TheMostNearbyCarConflict": 6775,
        "TheMostNearbyCarIsSelected": 3544,
        "PassengerOnBoard": 3012,
        "PassengerArriveAtDestination": 3903,
        "PassengerPaysAndGetsOff": 1807
    },
    "0x17164c34807aa124363d80a604efd4560d8cea0e": {
        "StartingPointWrittenToContract": 605,
        "DestinationWrittenToContract": 3703,
        "FoundIdleCarsNearby": 6,
        "FoundTheMostNearbyCar": 91,
        "TheMostNearbyCarIsSelected": 644,
        "PassengerOnBoard": 3395,
        "PassengerArriveAtDestination": 3365,
        "PassengerPaysAndGetsOff": 424
    },
    "0x9edfe6721d18361bf2b6d83b5cc22c0bf4db6314": {
        "StartingPointWrittenToContract": 3556,
        "DestinationWrittenToContract": 742,
        "FoundIdleCarsNearby": 4,
        "FoundTheMostNearbyCar": 14127,
        "TheMostNearbyCarConflict": 2703,
        "TheMostNearbyCarIsSelected": 1813,
        "PassengerOnBoard": 4077,
        "PassengerArriveAtDestination": 1846,
        "PassengerPaysAndGetsOff": 2297
    },
    "0x08346710bfb71d0fea0b4a9a3d31107df5fe287a": {
        "StartingPointWrittenToContract": 2799,
        "DestinationWrittenToContract": 749,
        "FoundIdleCarsNearby": 4,
        "FoundTheMostNearbyCar": 32201,
        "TheMostNearbyCarConflict": 4512,
        "TheMostNearbyCarIsSelected": 938,
        "PassengerOnBoard": 4361,
        "PassengerArriveAtDestination": 1117,
        "PassengerPaysAndGetsOff": 3105
    },
    "0x28a3f726b61a49da7ae14fd456b80e44e4974d1d": {
        "StartingPointWrittenToContract": 2051,
        "DestinationWrittenToContract": 750,
        "FoundIdleCarsNearby": 2,
        "FoundTheMostNearbyCar": 54249,
        "TheMostNearbyCarConflict": 5460,
        "TheMostNearbyCarIsSelected": 623,
        "PassengerOnBoard": 4861,
        "PassengerArriveAtDestination": 2570,
        "PassengerPaysAndGetsOff": 1987
    },
    "0xb08c2456169491982bb3ab852eae8ee3300b9261": {
        "StartingPointWrittenToContract": 1306,
        "DestinationWrittenToContract": 743,
        "FoundIdleCarsNearby": 3,
        "FoundTheMostNearbyCar": 62,
        "TheMostNearbyCarIsSelected": 2699,
        "PassengerOnBoard": 4000,
        "PassengerArriveAtDestination": 417,
        "PassengerPaysAndGetsOff": 2998
    },
    "0x073ad6ab89e9097b5405da6d46e1b0db47ec632e": {
        "StartingPointWrittenToContract": 1048,
        "DestinationWrittenToContract": 3014,
        "FoundIdleCarsNearby": 4,
        "FoundTheMostNearbyCar": 80295,
        "TheMostNearbyCarConflict": 3330,
        "TheMostNearbyCarIsSelected": 3590,
        "PassengerOnBoard": 3181,
        "PassengerArriveAtDestination": 340,
        "PassengerPaysAndGetsOff": 2083
    },
    "0x3007e2b9de5a7a57c84cd64609441bef2d29a9d0": {
        "StartingPointWrittenToContract": 550,
        "DestinationWrittenToContract": 2765,
        "FoundIdleCarsNearby": 2,
        "FoundTheMostNearbyCar": 72,
        "TheMostNearbyCarIsSelected": 554,
        "PassengerOnBoard": 3791,
        "PassengerArriveAtDestination": 2991,
        "PassengerPaysAndGetsOff": 1233
    },
    "0xea9453d9095bf11acba9728c471703e9af4c31af": {
        "StartingPointWrittenToContract": 2566,
        "DestinationWrittenToContract": 625,
        "FoundIdleCarsNearby": 4,
        "FoundTheMostNearbyCar": 70,
        "TheMostNearbyCarIsSelected": 3296,
        "PassengerOnBoard": 3419,
        "PassengerArriveAtDestination": 1225,
        "PassengerPaysAndGetsOff": 2679
    }
}