{
    "0xe64e81bc77ee05caaa6b1476de75193607e84d87": {
        "StartingPointWrittenToContract": 1484,
        "DestinationWrittenToContract": 1313,
        "FoundIdleCarsNearby": 3,
        "FoundTheMostNearbyCar": 17,
        "TheMostNearbyCarIsSelected": 3289,
        "PassengerOnBoard": 7281,
        "PassengerArriveAtDestination": 3359,
        "PassengerPaysAndGetsOff": 2836
    },
    "0x7a68b86008b0cfc3ae0e8068360271cbb999c97d": {
        "StartingPointWrittenToContract": 3109,
        "DestinationWrittenToContract": 3566,
        "FoundIdleCarsNearby": 1,
        "FoundTheMostNearbyCar": 26,
        "TheMostNearbyCarIsSelected": 3686,
        "PassengerOnBoard": 6197,
        "PassengerArriveAtDestination": 548,
        "PassengerPaysAndGetsOff": 2563
    },
    "0xd5f5ef5ff4c6323c62bdc5ab2061f440aefc511b": {
        "StartingPointWrittenToContract": 860,
        "DestinationWrittenToContract": 5455,
        "FoundIdleCarsNearby": 1,
        "FoundTheMostNearbyCar": 18046,
        "TheMostNearbyCarConflict": 4327,
        "TheMostNearbyCarIsSelected": 4882,
        "PassengerOnBoard": 4870,
        "PassengerArriveAtDestination": 2935,
        "PassengerPaysAndGetsOff": 6651
    },
    "0xf4190533e1203597f7cbe83cd76a32192af04ebf": {
        "StartingPointWrittenToContract": 3315,
        "DestinationWrittenToContract": 3061,
        "FoundIdleCarsNearby": 3,
        "FoundTheMostNearbyCar": 36,
        "TheMostNearbyCarIsSelected": 3561,
        "PassengerOnBoard": 3724,
        "PassengerArriveAtDestination": 5213,
        "PassengerPaysAndGetsOff": 2663
    },
    "0xfc932e94fed02d65e282e933c8e0cb75f6c4cfd8": {
        "StartingPointWrittenToContract": 1384,
        "DestinationWrittenToContract": 3370,
        "FoundIdleCarsNearby": 3,
        "FoundTheMostNearbyCar": 22030,
        "TheMostNearbyCarConflict": 9258,
        "TheMostNearbyCarIsSelected": 2739,
        "PassengerOnBoard": 8716,
        "PassengerArriveAtDestination": 2580,
        "PassengerPaysAndGetsOff": 3172
    },
    "0xfdd87ce574fea6b415f3a8f70f4fcc752555b920": {
        "StartingPointWrittenToContract": 1753,
        "DestinationWrittenToContract": 2831,
        "FoundIdleCarsNearby": 1,
        "FoundTheMostNearbyCar": 22,
        "TheMostNearbyCarIsSelected": 3089,
        "PassengerOnBoard": 7879,
        "PassengerArriveAtDestination": 600,
        "PassengerPaysAndGetsOff": 2407
    },
    "0xd05c44f7b7f9d7c76a32f6cd5c612ac9c0f5bfc2": {
        "StartingPointWrittenToContract": 1583,
        "DestinationWrittenToContract": 550,
        "FoundIdleCarsNearby": 1,
        "FoundTheMostNearbyCar": 15,
        "TheMostNearbyCarIsSelected": 2548,
        "PassengerOnBoard": 7877,
        "PassengerArriveAtDestination": 604,
        "PassengerPaysAndGetsOff": 2402
    },
    "0xbeacf6104014bfafccc307bb7e7b5ef850c1db0d": {
        "StartingPointWrittenToContract": 1697,
        "DestinationWrittenToContract": 5216,
        "FoundIdleCarsNearby": 5,
        "FoundTheMostNearbyCar": 37,
        "TheMostNearbyCarIsSelected": 2620,
        "PassengerOnBoard": 3005,
        "PassengerArriveAtDestination": 4571,
        "PassengerPaysAndGetsOff": 3433
    },
    "0x3df2c7b1e2c3e8e5e40c6035f6a3a5bb8fdb6b87": {
        "StartingPointWrittenToContract": 3915,
        "DestinationWrittenToContract": 2660,
        "FoundIdleCarsNearby": 1,
        "FoundTheMostNearbyCar": 35,
        "TheMostNearbyCarIsSelected": 567,
        "PassengerOnBoard": 6977,
        "PassengerArriveAtDestination": 3424,
        "PassengerPaysAndGetsOff": 402
    },
    "0x46dfb062b17f2ef557a64283347653f11ba7c089": {
        "StartingPointWrittenToContract": 2352,
        "DestinationWrittenToContract": 1345,
        "FoundIdleCarsNearby": 2,
        "FoundTheMostNearbyCar": 18016,
        "TheMostNearbyCarConflict": 8852,
        "TheMostNearbyCarIsSelected": 893,
        "PassengerOnBoard": 10349,
        "PassengerArriveAtDestination": 4341,
        "PassengerPaysAndGetsOff": 4373
    },
    "0xd402c7301a68c4c65529ab0c597bb8b13e27f607": {
        "StartingPointWrittenToContract": 697,
        "DestinationWrittenToContract": 2883,
        "FoundIdleCarsNearby": 3,
        "FoundTheMostNearbyCar": 26,
        "TheMostNearbyCarIsSelected": 4549,
        "PassengerOnBoard": 3823,
        "PassengerArriveAtDestination": 3049,
        "PassengerPaysAndGetsOff": 8594
    },
    "0x42389309e69a2b32b98f04bc8255ad971797f757": {
        "StartingPointWrittenToContract": 580,
        "DestinationWrittenToContract": 4575,
        "FoundIdleCarsNearby": 4,
        "FoundTheMostNearbyCar": 20,
        "TheMostNearbyCarIsSelected": 3404,
        "PassengerOnBoard": 3451,
        "PassengerArriveAtDestination": 8585,
        "PassengerPaysAndGetsOff": 3690
    },
    "0xcae58827099cb4557f40dd308f5efc29e9065be8": {
        "StartingPointWrittenToContract": 4309,
        "DestinationWrittenToContract": 1615,
        "FoundIdleCarsNearby": 1,
        "FoundTheMostNearbyCar": 33,
        "TheMostNearbyCarIsSelected": 3079,
        "PassengerOnBoard": 12272,
        "PassengerArriveAtDestination": 1183,
        "PassengerPaysAndGetsOff": 2943
    },
    "0x6d1558ef76336d670fb6f2b04ae1f345eab94761": {
        "StartingPointWrittenToContract": 2583,
        "DestinationWrittenToContract": 399,
        "FoundIdleCarsNearby": 1,
        "FoundTheMostNearbyCar": 24,
        "TheMostNearbyCarIsSelected": 3026,
        "PassengerOnBoard": 12274,
        "PassengerArriveAtDestination": 1184,
        "PassengerPaysAndGetsOff": 2943
    },
    "0x95d2b2a36e6a3d1e7ac8edbf99481c6009a19131": {
        "StartingPointWrittenToContract": 3032,
        "DestinationWrittenToContract": 8594,
        "FoundIdleCarsNearby": 4,
        "FoundTheMostNearbyCar": 37,
        "TheMostNearbyCarIsSelected": 3640,
        "PassengerOnBoard": 4128,
        "PassengerArriveAtDestination": 6645,
        "PassengerPaysAndGetsOff": 916
    },
    "0xd35d112793fe59877302d4064c9ef5a89c0485ba": {
        "StartingPointWrittenToContract": 8621,
        "DestinationWrittenToContract": 3686,
        "FoundIdleCarsNearby": 3,
        "FoundTheMostNearbyCar": 24,
        "TheMostNearbyCarIsSelected": 1160,
        "PassengerOnBoard": 9587,
        "PassengerArriveAtDestination": 911,
        "PassengerPaysAndGetsOff": 3150
    }
}