[{"passengerEnd":"wx4eqt6u0vu","passengerId":"0x075c06e40ff4067d3f9d765719555f06532bb170","vehicleId":"0x00cbd2864b7c93822826f80a7c968a2ada1cbaa7","vehiclePosition":"wx4eqt6u0vu","passengerStart":"wx4eq7rgmxk","theirDistance":1276.2042342405557,"gasCost":null,"getVehicleTime":29},{"passengerEnd":"wx4eqt6u0vu","passengerId":"0xbb9fdf370e08bb5dee6f39ea440de18f01cdb1c8","vehicleId":"0x1c230c5d5ae6b126d0d7fd8e8af3aa09905d2b4b","vehiclePosition":"wx4eqt6u0vu","passengerStart":"wx4eq7rgmxk","theirDistance":1276.2042342405557,"gasCost":null,"getVehicleTime":21},{"passengerEnd":"wx4eqt6u0vu","passengerId":"0x54dd0a733e1c1ae9ea5ddab64c5f3922daec1ddf","vehicleId":"0x1cdf2caf87fe659e3d2fb0d2482049d74375eca6","vehiclePosition":"wx4eqt6u0vu","passengerStart":"wx4eq7rgmxk","theirDistance":1276.2042342405557,"gasCost":null,"getVehicleTime":30},{"passengerEnd":"wx4eqt6u0vu","passengerId":"0xd93f7bbe87e0986efca3dedc91880635a0f355d9","vehicleId":"0x3d79e4b740913678fcab6e490f4c273f3e7d6a89","vehiclePosition":"wx4eqt6u0vu","passengerStart":"wx4eq7rgmxk","theirDistance":1276.2042342405557,"gasCost":null,"getVehicleTime":33},{"passengerEnd":"wx4eqt6u0vu","passengerId":"0x781b6d4d069a201ca8dc1542684edffd1b79c025","vehicleId":"0x6667d6c8b9d92f20a6a8ffaae8aace0147bee999","vehiclePosition":"wx4eqt6u0vu","passengerStart":"wx4eq7rgmxk","theirDistance":1276.2042342405557,"gasCost":null,"getVehicleTime":21},{"passengerEnd":"wx4eqt6u0vu","passengerId":"0xed04389fb476cbfb0737477e9aa3a509404917cf","vehicleId":"0x00cbd2864b7c93822826f80a7c968a2ada1cbaa7","vehiclePosition":"wx4eqt6u0vu","passengerStart":"wx4eq7rgmxk","theirDistance":1276.2042342405557,"gasCost":null,"getVehicleTime":27},{"passengerEnd":"wx4eqt6u0vu","passengerId":"0x792e5531f6d360524e4dd3f1d17725edcc9b1dc1","vehicleId":"0x1c230c5d5ae6b126d0d7fd8e8af3aa09905d2b4b","vehiclePosition":"wx4eqt6u0vu","passengerStart":"wx4eq7rgmxk","theirDistance":1276.2042342405557,"gasCost":null,"getVehicleTime":22},{"passengerEnd":"wx4eqt6u0vu","passengerId":"0x086ba65affc894f226e87f8d16f20a35d4f60b4d","vehicleId":"0x98a7df3e665e83ed12f900bb0a9f7d2914808fa7","vehiclePosition":"wx4eqt6u0vu","passengerStart":"wx4eq7rgmxk","theirDistance":1276.2042342405557,"gasCost":null,"getVehicleTime":41},{"passengerEnd":"wx4eqt6u0vu","passengerId":"0x2702ee5633daab4d277f5660f1c29d3e5454f7b3","vehicleId":"0x1cdf2caf87fe659e3d2fb0d2482049d74375eca6","vehiclePosition":"wx4eqt6u0vu","passengerStart":"wx4eq7rgmxk","theirDistance":1276.2042342405557,"gasCost":null,"getVehicleTime":36},{"passengerEnd":"wx4eqt6u0vu","passengerId":"0x2888bd343cbbc9cb5469c7a3c52d51dff4350d97","vehicleId":"0x3d79e4b740913678fcab6e490f4c273f3e7d6a89","vehiclePosition":"wx4eqt6u0vu","passengerStart":"wx4eq7rgmxk","theirDistance":1276.2042342405557,"gasCost":null,"getVehicleTime":33},{"passengerEnd":"wx4eqt6u0vu","passengerId":"0xb2e192f38247113c0a695a4da975771bfd32d68e","vehicleId":"0x00cbd2864b7c93822826f80a7c968a2ada1cbaa7","vehiclePosition":"wx4eqt6u0vu","passengerStart":"wx4eq7rgmxk","theirDistance":1276.2042342405557,"gasCost":null,"getVehicleTime":24},{"passengerEnd":"wx4eqt6u0vu","passengerId":"0xe3cfc7fd117fa5762bfb5390acbdf48557a18ac2","vehicleId":"0x1c230c5d5ae6b126d0d7fd8e8af3aa09905d2b4b","vehiclePosition":"wx4eqt6u0vu","passengerStart":"wx4eq7rgmxk","theirDistance":1276.2042342405557,"gasCost":null,"getVehicleTime":31},{"passengerEnd":"wx4eqt6u0vu","passengerId":"0xce2897c392e16c5762131a56686733e035a4aa30","vehicleId":"0x6667d6c8b9d92f20a6a8ffaae8aace0147bee999","vehiclePosition":"wx4eqt6u0vu","passengerStart":"wx4eq7rgmxk","theirDistance":1276.2042342405557,"gasCost":null,"getVehicleTime":40},{"passengerEnd":"wx4eqt6u0vu","passengerId":"0x7a594ef9f871e4ef17c8d659aa58b3b09e090cf3","vehicleId":"0x00cbd2864b7c93822826f80a7c968a2ada1cbaa7","vehiclePosition":"wx4eqt6u0vu","passengerStart":"wx4eq7rgmxk","theirDistance":1276.2042342405557,"gasCost":null,"getVehicleTime":14},{"passengerEnd":"wx4eqt6u0vu","passengerId":"0xa97253e4fe217e80b5f2e995bd54904f63726719","vehicleId":"0x1c230c5d5ae6b126d0d7fd8e8af3aa09905d2b4b","vehiclePosition":"wx4eqt6u0vu","passengerStart":"wx4eq7rgmxk","theirDistance":1276.2042342405557,"gasCost":null,"getVehicleTime":28}]