[{"passengerEnd":"wx4erw9rmze","passengerId":"0x7b11919cd9db9a817c8f9d2e9477f410273a3ceb","vehicleId":"0x0c05c7ae6e3a58c23e5d27fc1d121ed1aec0f738","vehiclePosition":"wx4erw9rmze","passengerStart":"wx4erd4xkyz","theirDistance":2752.7064820489586,"gasCost":null,"getVehicleTime":31},{"passengerEnd":"wx4erw9rmze","passengerId":"0x3c28dc70332560ed17d1002704780df9df497abb","vehicleId":"0x2a52bc09f527f500c7fc62c63f681d24dad62a77","vehiclePosition":"wx4erw9rmze","passengerStart":"wx4erd4xkyz","theirDistance":2752.7064820489586,"gasCost":null,"getVehicleTime":20},{"passengerEnd":"wx4erw9rmze","passengerId":"0xeef75753e18f97f0ee8a61119d84cdba23d22a7f","vehicleId":"0x441d24425b99411edd0ecf95501cb0db988e2f13","vehiclePosition":"wx4erw9rmze","passengerStart":"wx4erd4xkyz","theirDistance":2752.7064820489586,"gasCost":null,"getVehicleTime":51},{"passengerEnd":"wx4erw9rmze","passengerId":"0x2a772e261792d208c40d685b31673a85ad18eb90","vehicleId":"0x7776ed3449f97157630b06035e11bc7759e4f0db","vehiclePosition":"wx4erw9rmze","passengerStart":"wx4erd4xkyz","theirDistance":2752.7064820489586,"gasCost":null,"getVehicleTime":26},{"passengerEnd":"wx4erw9rmze","passengerId":"0x495b77d80ccb1d3d1476db06dd522292555b2e23","vehicleId":"0xcd924d3e8e043bb9579a4033ab08f8c1404840f0","vehiclePosition":"wx4erw9rmze","passengerStart":"wx4erd4xkyz","theirDistance":2752.7064820489586,"gasCost":null,"getVehicleTime":30},{"passengerEnd":"wx4erw9rmze","passengerId":"0xa95e44270fc15576da490955d8e6698e2a95f610","vehicleId":"0x0c05c7ae6e3a58c23e5d27fc1d121ed1aec0f738","vehiclePosition":"wx4erw9rmze","passengerStart":"wx4erd4xkyz","theirDistance":2752.7064820489586,"gasCost":null,"getVehicleTime":22},{"passengerEnd":"wx4erw9rmze","passengerId":"0xa330923b96f26c88a2681112bfe26d4d9186131a","vehicleId":"0x2a52bc09f527f500c7fc62c63f681d24dad62a77","vehiclePosition":"wx4erw9rmze","passengerStart":"wx4erd4xkyz","theirDistance":2752.7064820489586,"gasCost":null,"getVehicleTime":19},{"passengerEnd":"wx4erw9rmze","passengerId":"0x814d66fc3f60ca8b257b21f1b89faeecd31475af","vehicleId":"0x441d24425b99411edd0ecf95501cb0db988e2f13","vehiclePosition":"wx4erw9rmze","passengerStart":"wx4erd4xkyz","theirDistance":2752.7064820489586,"gasCost":null,"getVehicleTime":34},{"passengerEnd":"wx4erw9rmze","passengerId":"0x17164c34807aa124363d80a604efd4560d8cea0e","vehicleId":"0xd30d093abb9d34fb14917d07121ed6a61cb1f99e","vehiclePosition":"wx4erw9rmze","passengerStart":"wx4erd4xkyz","theirDistance":2752.7064820489586,"gasCost":null,"getVehicleTime":39},{"passengerEnd":"wx4erw9rmze","passengerId":"0x9edfe6721d18361bf2b6d83b5cc22c0bf4db6314","vehicleId":"0x7776ed3449f97157630b06035e11bc7759e4f0db","vehiclePosition":"wx4erw9rmze","passengerStart":"wx4erd4xkyz","theirDistance":2752.7064820489586,"gasCost":null,"getVehicleTime":38},{"passengerEnd":"wx4erw9rmze","passengerId":"0x08346710bfb71d0fea0b4a9a3d31107df5fe287a","vehicleId":"0x0c05c7ae6e3a58c23e5d27fc1d121ed1aec0f738","vehiclePosition":"wx4erw9rmze","passengerStart":"wx4erd4xkyz","theirDistance":2752.7064820489586,"gasCost":null,"getVehicleTime":29},{"passengerEnd":"wx4erw9rmze","passengerId":"0xb08c2456169491982bb3ab852eae8ee3300b9261","vehicleId":"0x2a52bc09f527f500c7fc62c63f681d24dad62a77","vehiclePosition":"wx4erw9rmze","passengerStart":"wx4erd4xkyz","theirDistance":2752.7064820489586,"gasCost":null,"getVehicleTime":35},{"passengerEnd":"wx4erw9rmze","passengerId":"0x073ad6ab89e9097b5405da6d46e1b0db47ec632e","vehicleId":"0x441d24425b99411edd0ecf95501cb0db988e2f13","vehiclePosition":"wx4erw9rmze","passengerStart":"wx4erd4xkyz","theirDistance":2752.7064820489586,"gasCost":null,"getVehicleTime":31},{"passengerEnd":"wx4erw9rmze","passengerId":"0x3007e2b9de5a7a57c84cd64609441bef2d29a9d0","vehicleId":"0x7776ed3449f97157630b06035e11bc7759e4f0db","vehiclePosition":"wx4erw9rmze","passengerStart":"wx4erd4xkyz","theirDistance":2752.7064820489586,"gasCost":null,"getVehicleTime":36},{"passengerEnd":"wx4erw9rmze","passengerId":"0xea9453d9095bf11acba9728c471703e9af4c31af","vehicleId":"0x0c05c7ae6e3a58c23e5d27fc1d121ed1aec0f738","vehiclePosition":"wx4erw9rmze","passengerStart":"wx4erd4xkyz","theirDistance":2752.7064820489586,"gasCost":null,"getVehicleTime":23}]