[{"passengerEnd":"wx4enrq9mm9","passengerId":"0xe64e81bc77ee05caaa6b1476de75193607e84d87","vehicleId":"0x12d0e4381ef94a70a49252e35b9a65fadd3872b9","vehiclePosition":"wx4enrq9mm9","passengerStart":"wx4enscgue5","theirDistance":1524.8496983424636,"gasCost":null,"getVehicleTime":17},{"passengerEnd":"wx4enrq9mm9","passengerId":"0x7a68b86008b0cfc3ae0e8068360271cbb999c97d","vehicleId":"0x196424dd2bf7c978228ebd7a17b38b993d650696","vehiclePosition":"wx4enrq9mm9","passengerStart":"wx4enscgue5","theirDistance":1524.8496983424636,"gasCost":null,"getVehicleTime":25},{"passengerEnd":"wx4enrq9mm9","passengerId":"0xf4190533e1203597f7cbe83cd76a32192af04ebf","vehicleId":"0x456c4df0610c7611ae8bcaed32dd1d94e88ceca4","vehiclePosition":"wx4enrq9mm9","passengerStart":"wx4enscgue5","theirDistance":1524.8496983424636,"gasCost":null,"getVehicleTime":37},{"passengerEnd":"wx4enrq9mm9","passengerId":"0xfdd87ce574fea6b415f3a8f70f4fcc752555b920","vehicleId":"0x55577fd620a0b8379846fcb1499e4bdc22538843","vehiclePosition":"wx4enrq9mm9","passengerStart":"wx4enscgue5","theirDistance":1524.8496983424636,"gasCost":null,"getVehicleTime":22},{"passengerEnd":"wx4enrq9mm9","passengerId":"0xd05c44f7b7f9d7c76a32f6cd5c612ac9c0f5bfc2","vehicleId":"0x12d0e4381ef94a70a49252e35b9a65fadd3872b9","vehiclePosition":"wx4enrq9mm9","passengerStart":"wx4enscgue5","theirDistance":1524.8496983424636,"gasCost":null,"getVehicleTime":15},{"passengerEnd":"wx4enrq9mm9","passengerId":"0xbeacf6104014bfafccc307bb7e7b5ef850c1db0d","vehicleId":"0x196424dd2bf7c978228ebd7a17b38b993d650696","vehiclePosition":"wx4enrq9mm9","passengerStart":"wx4enscgue5","theirDistance":1524.8496983424636,"gasCost":null,"getVehicleTime":37},{"passengerEnd":"wx4enrq9mm9","passengerId":"0x3df2c7b1e2c3e8e5e40c6035f6a3a5bb8fdb6b87","vehicleId":"0x91153bad44dcc46187c481d8d36a53e58522d0c4","vehiclePosition":"wx4enrq9mm9","passengerStart":"wx4enscgue5","theirDistance":1524.8496983424636,"gasCost":null,"getVehicleTime":34},{"passengerEnd":"wx4enrq9mm9","passengerId":"0xd402c7301a68c4c65529ab0c597bb8b13e27f607","vehicleId":"0x456c4df0610c7611ae8bcaed32dd1d94e88ceca4","vehiclePosition":"wx4enrq9mm9","passengerStart":"wx4enscgue5","theirDistance":1524.8496983424636,"gasCost":null,"getVehicleTime":27},{"passengerEnd":"wx4enrq9mm9","passengerId":"0x42389309e69a2b32b98f04bc8255ad971797f757","vehicleId":"0x12d0e4381ef94a70a49252e35b9a65fadd3872b9","vehiclePosition":"wx4enrq9mm9","passengerStart":"wx4enscgue5","theirDistance":1524.8496983424636,"gasCost":null,"getVehicleTime":20},{"passengerEnd":"wx4enrq9mm9","passengerId":"0x6d1558ef76336d670fb6f2b04ae1f345eab94761","vehicleId":"0x196424dd2bf7c978228ebd7a17b38b993d650696","vehiclePosition":"wx4enrq9mm9","passengerStart":"wx4enscgue5","theirDistance":1524.8496983424636,"gasCost":null,"getVehicleTime":24},{"passengerEnd":"wx4enrq9mm9","passengerId":"0xcae58827099cb4557f40dd308f5efc29e9065be8","vehicleId":"0x55577fd620a0b8379846fcb1499e4bdc22538843","vehiclePosition":"wx4enrq9mm9","passengerStart":"wx4enscgue5","theirDistance":1524.8496983424636,"gasCost":null,"getVehicleTime":33},{"passengerEnd":"wx4enrq9mm9","passengerId":"0xd5f5ef5ff4c6323c62bdc5ab2061f440aefc511b","vehicleId":"0x91153bad44dcc46187c481d8d36a53e58522d0c4","vehiclePosition":"wx4enrq9mm9","passengerStart":"wx4enscgue5","theirDistance":1524.8496983424636,"gasCost":null,"getVehicleTime":44},{"passengerEnd":"wx4enrq9mm9","passengerId":"0x95d2b2a36e6a3d1e7ac8edbf99481c6009a19131","vehicleId":"0xad8a321e2e8f8f51245f47b8f412979d5740e625","vehiclePosition":"wx4enrq9mm9","passengerStart":"wx4enscgue5","theirDistance":1524.8496983424636,"gasCost":null,"getVehicleTime":38},{"passengerEnd":"wx4enrq9mm9","passengerId":"0xd35d112793fe59877302d4064c9ef5a89c0485ba","vehicleId":"0x456c4df0610c7611ae8bcaed32dd1d94e88ceca4","vehiclePosition":"wx4enrq9mm9","passengerStart":"wx4enscgue5","theirDistance":1524.8496983424636,"gasCost":null,"getVehicleTime":24}]