[{"passengerEnd":"wx4ep8e5gw0","passengerId":"0xedb6f3a4a1ebc511f7fe9bd4f2cd4219ca0a3cf4","vehicleId":"0x0cac0bfe17bd73be78486a51a15db39b10cbafcf","vehiclePosition":"wx4ep8e5gw0","passengerStart":"wx4epb8scg1","theirDistance":616.3551537306272,"gasCost":null,"getVehicleTime":26},{"passengerEnd":"wx4ep8e5gw0","passengerId":"0xabd6b57b7d198796947bc03e4f5bd911813caada","vehicleId":"0x0d5f26272be5a3b462c3b7a978c7bf4b0d6aadb1","vehiclePosition":"wx4ep8e5gw0","passengerStart":"wx4epb8scg1","theirDistance":616.3551537306272,"gasCost":null,"getVehicleTime":24},{"passengerEnd":"wx4ep8e5gw0","passengerId":"0x62119c27e0081b14e6e0c596603d21eaa6d6452b","vehicleId":"0x4c0ae67f9e2dcabbcaee58afa56c14e427272b6f","vehiclePosition":"wx4ep8e5gw0","passengerStart":"wx4epb8scg1","theirDistance":616.3551537306272,"gasCost":null,"getVehicleTime":15},{"passengerEnd":"wx4ep8e5gw0","passengerId":"0xc265c858c1186113b2d830e6f46f6d95142e9750","vehicleId":"0x7a5b8a958a74e39ade01f412951fb319ee4fe6d9","vehiclePosition":"wx4ep8e5gw0","passengerStart":"wx4epb8scg1","theirDistance":616.3551537306272,"gasCost":null,"getVehicleTime":23},{"passengerEnd":"wx4ep8e5gw0","passengerId":"0xbd2f3e025a8f0b0d8bb9f64ef60980ebb27e8d5d","vehicleId":"0x0cac0bfe17bd73be78486a51a15db39b10cbafcf","vehiclePosition":"wx4ep8e5gw0","passengerStart":"wx4epb8scg1","theirDistance":616.3551537306272,"gasCost":null,"getVehicleTime":25},{"passengerEnd":"wx4ep8e5gw0","passengerId":"0xf0ce9fe96ac15405e4fd51a62cbdbdaef2d36372","vehicleId":"0x926f155822d00a9191fe71ec570bcd1f0eb0c300","vehiclePosition":"wx4ep8e5gw0","passengerStart":"wx4epb8scg1","theirDistance":616.3551537306272,"gasCost":null,"getVehicleTime":40},{"passengerEnd":"wx4ep8e5gw0","passengerId":"0x1bdf42d9a37b5b5c5a3bc09cadfade23d075791a","vehicleId":"0x0d5f26272be5a3b462c3b7a978c7bf4b0d6aadb1","vehiclePosition":"wx4ep8e5gw0","passengerStart":"wx4epb8scg1","theirDistance":616.3551537306272,"gasCost":null,"getVehicleTime":18},{"passengerEnd":"wx4ep8e5gw0","passengerId":"0x3449a20e1b4700ffd4dd49f0fc14bcac44fee63c","vehicleId":"0x4c0ae67f9e2dcabbcaee58afa56c14e427272b6f","vehiclePosition":"wx4ep8e5gw0","passengerStart":"wx4epb8scg1","theirDistance":616.3551537306272,"gasCost":null,"getVehicleTime":16},{"passengerEnd":"wx4ep8e5gw0","passengerId":"0xd2ed0cb17fd847c8aa8bc8e9ed3870481ede088b","vehicleId":"0x0cac0bfe17bd73be78486a51a15db39b10cbafcf","vehiclePosition":"wx4ep8e5gw0","passengerStart":"wx4epb8scg1","theirDistance":616.3551537306272,"gasCost":null,"getVehicleTime":23},{"passengerEnd":"wx4ep8e5gw0","passengerId":"0x5227daf8db7c57d268979df21ba9ee9c93d26712","vehicleId":"0x7a5b8a958a74e39ade01f412951fb319ee4fe6d9","vehiclePosition":"wx4ep8e5gw0","passengerStart":"wx4epb8scg1","theirDistance":616.3551537306272,"gasCost":null,"getVehicleTime":23},{"passengerEnd":"wx4ep8e5gw0","passengerId":"0xb658cbd857f52f9705fbecf9b30cf827dd8c81a8","vehicleId":"0x0d5f26272be5a3b462c3b7a978c7bf4b0d6aadb1","vehiclePosition":"wx4ep8e5gw0","passengerStart":"wx4epb8scg1","theirDistance":616.3551537306272,"gasCost":null,"getVehicleTime":28},{"passengerEnd":"wx4ep8e5gw0","passengerId":"0x5895ef03d8c36b9a53b4f961cd1345ed0bd79fa3","vehicleId":"0x4c0ae67f9e2dcabbcaee58afa56c14e427272b6f","vehiclePosition":"wx4ep8e5gw0","passengerStart":"wx4epb8scg1","theirDistance":616.3551537306272,"gasCost":null,"getVehicleTime":22},{"passengerEnd":"wx4ep8e5gw0","passengerId":"0x3b49b8eb1d9d3c28242b97c135379e0e32468fb9","vehicleId":"0x0cac0bfe17bd73be78486a51a15db39b10cbafcf","vehiclePosition":"wx4ep8e5gw0","passengerStart":"wx4epb8scg1","theirDistance":616.3551537306272,"gasCost":null,"getVehicleTime":23},{"passengerEnd":"wx4ep8e5gw0","passengerId":"0x03875bcc0db199992266825e2c1cf0f5bfc200d2","vehicleId":"0x0d5f26272be5a3b462c3b7a978c7bf4b0d6aadb1","vehiclePosition":"wx4ep8e5gw0","passengerStart":"wx4epb8scg1","theirDistance":616.3551537306272,"gasCost":null,"getVehicleTime":20},{"passengerEnd":"wx4ep8e5gw0","passengerId":"0x7906b337632876b8050f55ee5b57228f02972fa3","vehicleId":"0x0cac0bfe17bd73be78486a51a15db39b10cbafcf","vehiclePosition":"wx4ep8e5gw0","passengerStart":"wx4epb8scg1","theirDistance":616.3551537306272,"gasCost":null,"getVehicleTime":15}]