[{"passengerId":"0x7b11919cd9db9a817c8f9d2e9477f410273a3ceb000000000000000000000000","passengerGeohash":"wx4erd4xkyz","vehicleId":"0x0c05c7ae6e3a58c23e5d27fc1d121ed1aec0f738","vehicleStartPosition":"wx4erw9rmze","emptyAstarTime":4,"emptyRoute":[],"emptyRouteTime":0,"emptyCountFrag":0,"endGeohash":"wx4erw9rmze","loadAstarTime":5,"loadRoute":[],"loadRouteTime":0,"loadCountFrag":0},{"passengerId":"0x3c28dc70332560ed17d1002704780df9df497abb000000000000000000000000","passengerGeohash":"wx4erd4xkyz","vehicleId":"0x2a52bc09f527f500c7fc62c63f681d24dad62a77","vehicleStartPosition":"wx4erw9rmze","emptyAstarTime":7,"emptyRoute":[],"emptyRouteTime":0,"emptyCountFrag":0,"endGeohash":"wx4erw9rmze","loadAstarTime":3,"loadRoute":[],"loadRouteTime":0,"loadCountFrag":0},{"passengerId":"0xeef75753e18f97f0ee8a61119d84cdba23d22a7f000000000000000000000000","passengerGeohash":"wx4erd4xkyz","vehicleId":"0x441d24425b99411edd0ecf95501cb0db988e2f13","vehicleStartPosition":"wx4erw9rmze","emptyAstarTime":15,"emptyRoute":[],"emptyRouteTime":0,"emptyCountFrag":0,"endGeohash":"wx4erw9rmze","loadAstarTime":4,"loadRoute":[],"loadRouteTime":0,"loadCountFrag":0},{"passengerId":"0x2a772e261792d208c40d685b31673a85ad18eb90000000000000000000000000","passengerGeohash":"wx4erd4xkyz","vehicleId":"0x7776ed3449f97157630b06035e11bc7759e4f0db","vehicleStartPosition":"wx4erw9rmze","emptyAstarTime":6,"emptyRoute":[],"emptyRouteTime":0,"emptyCountFrag":0,"endGeohash":"wx4erw9rmze","loadAstarTime":2,"loadRoute":[],"loadRouteTime":0,"loadCountFrag":0},{"passengerId":"0x495b77d80ccb1d3d1476db06dd522292555b2e23000000000000000000000000","passengerGeohash":"wx4erd4xkyz","vehicleId":"0xcd924d3e8e043bb9579a4033ab08f8c1404840f0","vehicleStartPosition":"wx4erw9rmze","emptyAstarTime":8,"emptyRoute":[],"emptyRouteTime":0,"emptyCountFrag":0,"endGeohash":"wx4erw9rmze","loadAstarTime":5,"loadRoute":[],"loadRouteTime":0,"loadCountFrag":0},{"passengerId":"0xa95e44270fc15576da490955d8e6698e2a95f610000000000000000000000000","passengerGeohash":"wx4erd4xkyz","vehicleId":"0x0c05c7ae6e3a58c23e5d27fc1d121ed1aec0f738","vehicleStartPosition":"wx4erw9rmze","emptyAstarTime":7,"emptyRoute":[],"emptyRouteTime":0,"emptyCountFrag":0,"endGeohash":"wx4erw9rmze","loadAstarTime":3,"loadRoute":[],"loadRouteTime":0,"loadCountFrag":0},{"passengerId":"0xa330923b96f26c88a2681112bfe26d4d9186131a000000000000000000000000","passengerGeohash":"wx4erd4xkyz","vehicleId":"0x2a52bc09f527f500c7fc62c63f681d24dad62a77","vehicleStartPosition":"wx4erw9rmze","emptyAstarTime":9,"emptyRoute":[],"emptyRouteTime":0,"emptyCountFrag":0,"endGeohash":"wx4erw9rmze","loadAstarTime":5,"loadRoute":[],"loadRouteTime":0,"loadCountFrag":0},{"passengerId":"0x814d66fc3f60ca8b257b21f1b89faeecd31475af000000000000000000000000","passengerGeohash":"wx4erd4xkyz","vehicleId":"0x441d24425b99411edd0ecf95501cb0db988e2f13","vehicleStartPosition":"wx4erw9rmze","emptyAstarTime":5,"emptyRoute":[],"emptyRouteTime":0,"emptyCountFrag":0,"endGeohash":"wx4erw9rmze","loadAstarTime":6,"loadRoute":[],"loadRouteTime":0,"loadCountFrag":0},{"passengerId":"0x17164c34807aa124363d80a604efd4560d8cea0e000000000000000000000000","passengerGeohash":"wx4erd4xkyz","vehicleId":"0xd30d093abb9d34fb14917d07121ed6a61cb1f99e","vehicleStartPosition":"wx4erw9rmze","emptyAstarTime":12,"emptyRoute":[],"emptyRouteTime":0,"emptyCountFrag":0,"endGeohash":"wx4erw9rmze","loadAstarTime":2,"loadRoute":[],"loadRouteTime":0,"loadCountFrag":0},{"passengerId":"0x9edfe6721d18361bf2b6d83b5cc22c0bf4db6314000000000000000000000000","passengerGeohash":"wx4erd4xkyz","vehicleId":"0x7776ed3449f97157630b06035e11bc7759e4f0db","vehicleStartPosition":"wx4erw9rmze","emptyAstarTime":7,"emptyRoute":[],"emptyRouteTime":0,"emptyCountFrag":0,"endGeohash":"wx4erw9rmze","loadAstarTime":5,"loadRoute":[],"loadRouteTime":0,"loadCountFrag":0},{"passengerId":"0x08346710bfb71d0fea0b4a9a3d31107df5fe287a000000000000000000000000","passengerGeohash":"wx4erd4xkyz","vehicleId":"0x0c05c7ae6e3a58c23e5d27fc1d121ed1aec0f738","vehicleStartPosition":"wx4erw9rmze","emptyAstarTime":11,"emptyRoute":[],"emptyRouteTime":0,"emptyCountFrag":0,"endGeohash":"wx4erw9rmze","loadAstarTime":3,"loadRoute":[],"loadRouteTime":0,"loadCountFrag":0},{"passengerId":"0xb08c2456169491982bb3ab852eae8ee3300b9261000000000000000000000000","passengerGeohash":"wx4erd4xkyz","vehicleId":"0x2a52bc09f527f500c7fc62c63f681d24dad62a77","vehicleStartPosition":"wx4erw9rmze","emptyAstarTime":3,"emptyRoute":[],"emptyRouteTime":0,"emptyCountFrag":0,"endGeohash":"wx4erw9rmze","loadAstarTime":2,"loadRoute":[],"loadRouteTime":0,"loadCountFrag":0},{"passengerId":"0x073ad6ab89e9097b5405da6d46e1b0db47ec632e000000000000000000000000","passengerGeohash":"wx4erd4xkyz","vehicleId":"0x441d24425b99411edd0ecf95501cb0db988e2f13","vehicleStartPosition":"wx4erw9rmze","emptyAstarTime":2,"emptyRoute":[],"emptyRouteTime":0,"emptyCountFrag":0,"endGeohash":"wx4erw9rmze","loadAstarTime":1,"loadRoute":[],"loadRouteTime":0,"loadCountFrag":0},{"passengerId":"0x3007e2b9de5a7a57c84cd64609441bef2d29a9d0000000000000000000000000","passengerGeohash":"wx4erd4xkyz","vehicleId":"0x7776ed3449f97157630b06035e11bc7759e4f0db","vehicleStartPosition":"wx4erw9rmze","emptyAstarTime":5,"emptyRoute":[],"emptyRouteTime":0,"emptyCountFrag":0,"endGeohash":"wx4erw9rmze","loadAstarTime":3,"loadRoute":[],"loadRouteTime":0,"loadCountFrag":0},{"passengerId":"0xea9453d9095bf11acba9728c471703e9af4c31af000000000000000000000000","passengerGeohash":"wx4erd4xkyz","vehicleId":"0x0c05c7ae6e3a58c23e5d27fc1d121ed1aec0f738","vehicleStartPosition":"wx4erw9rmze","emptyAstarTime":4,"emptyRoute":[],"emptyRouteTime":0,"emptyCountFrag":0,"endGeohash":"wx4erw9rmze","loadAstarTime":2,"loadRoute":[],"loadRouteTime":0,"loadCountFrag":0},{"passengerId":"0x28a3f726b61a49da7ae14fd456b80e44e4974d1d000000000000000000000000","passengerGeohash":"wx4erd4xkyz","vehicleId":"0x0c05c7ae6e3a58c23e5d27fc1d121ed1aec0f738","vehicleStartPosition":"wx4erw9rmze","emptyAstarTime":3,"emptyRoute":[],"emptyRouteTime":0,"emptyCountFrag":0,"endGeohash":"wx4erw9rmze","loadAstarTime":2,"loadRoute":[],"loadRouteTime":0,"loadCountFrag":0}]