[{"passengerId":"0xe64e81bc77ee05caaa6b1476de75193607e84d87000000000000000000000000","passengerGeohash":"wx4enscgue5","vehicleId":"0x12d0e4381ef94a70a49252e35b9a65fadd3872b9","vehicleStartPosition":"wx4enrq9mm9","emptyAstarTime":4,"emptyRoute":[],"emptyRouteTime":0,"emptyCountFrag":0,"endGeohash":"wx4enrq9mm9","loadAstarTime":3,"loadRoute":[],"loadRouteTime":0,"loadCountFrag":0},{"passengerId":"0x7a68b86008b0cfc3ae0e8068360271cbb999c97d000000000000000000000000","passengerGeohash":"wx4enscgue5","vehicleId":"0x196424dd2bf7c978228ebd7a17b38b993d650696","vehicleStartPosition":"wx4enrq9mm9","emptyAstarTime":4,"emptyRoute":[],"emptyRouteTime":0,"emptyCountFrag":0,"endGeohash":"wx4enrq9mm9","loadAstarTime":2,"loadRoute":[],"loadRouteTime":0,"loadCountFrag":0},{"passengerId":"0xf4190533e1203597f7cbe83cd76a32192af04ebf000000000000000000000000","passengerGeohash":"wx4enscgue5","vehicleId":"0x456c4df0610c7611ae8bcaed32dd1d94e88ceca4","vehicleStartPosition":"wx4enrq9mm9","emptyAstarTime":4,"emptyRoute":[],"emptyRouteTime":0,"emptyCountFrag":0,"endGeohash":"wx4enrq9mm9","loadAstarTime":7,"loadRoute":[],"loadRouteTime":0,"loadCountFrag":0},{"passengerId":"0xd05c44f7b7f9d7c76a32f6cd5c612ac9c0f5bfc2000000000000000000000000","passengerGeohash":"wx4enscgue5","vehicleId":"0x12d0e4381ef94a70a49252e35b9a65fadd3872b9","vehicleStartPosition":"wx4enrq9mm9","emptyAstarTime":9,"emptyRoute":[],"emptyRouteTime":0,"emptyCountFrag":0,"endGeohash":"wx4enrq9mm9","loadAstarTime":5,"loadRoute":[],"loadRouteTime":0,"loadCountFrag":0},{"passengerId":"0xfdd87ce574fea6b415f3a8f70f4fcc752555b920000000000000000000000000","passengerGeohash":"wx4enscgue5","vehicleId":"0x55577fd620a0b8379846fcb1499e4bdc22538843","vehicleStartPosition":"wx4enrq9mm9","emptyAstarTime":6,"emptyRoute":[],"emptyRouteTime":0,"emptyCountFrag":0,"endGeohash":"wx4enrq9mm9","loadAstarTime":4,"loadRoute":[],"loadRouteTime":0,"loadCountFrag":0},{"passengerId":"0xbeacf6104014bfafccc307bb7e7b5ef850c1db0d000000000000000000000000","passengerGeohash":"wx4enscgue5","vehicleId":"0x196424dd2bf7c978228ebd7a17b38b993d650696","vehicleStartPosition":"wx4enrq9mm9","emptyAstarTime":7,"emptyRoute":[],"emptyRouteTime":0,"emptyCountFrag":0,"endGeohash":"wx4enrq9mm9","loadAstarTime":2,"loadRoute":[],"loadRouteTime":0,"loadCountFrag":0},{"passengerId":"0x3df2c7b1e2c3e8e5e40c6035f6a3a5bb8fdb6b87000000000000000000000000","passengerGeohash":"wx4enscgue5","vehicleId":"0x91153bad44dcc46187c481d8d36a53e58522d0c4","vehicleStartPosition":"wx4enrq9mm9","emptyAstarTime":2,"emptyRoute":[],"emptyRouteTime":0,"emptyCountFrag":0,"endGeohash":"wx4enrq9mm9","loadAstarTime":2,"loadRoute":[],"loadRouteTime":0,"loadCountFrag":0},{"passengerId":"0xd402c7301a68c4c65529ab0c597bb8b13e27f607000000000000000000000000","passengerGeohash":"wx4enscgue5","vehicleId":"0x456c4df0610c7611ae8bcaed32dd1d94e88ceca4","vehicleStartPosition":"wx4enrq9mm9","emptyAstarTime":4,"emptyRoute":[],"emptyRouteTime":0,"emptyCountFrag":0,"endGeohash":"wx4enrq9mm9","loadAstarTime":3,"loadRoute":[],"loadRouteTime":0,"loadCountFrag":0},{"passengerId":"0x42389309e69a2b32b98f04bc8255ad971797f757000000000000000000000000","passengerGeohash":"wx4enscgue5","vehicleId":"0x12d0e4381ef94a70a49252e35b9a65fadd3872b9","vehicleStartPosition":"wx4enrq9mm9","emptyAstarTime":4,"emptyRoute":[],"emptyRouteTime":0,"emptyCountFrag":0,"endGeohash":"wx4enrq9mm9","loadAstarTime":5,"loadRoute":[],"loadRouteTime":0,"loadCountFrag":0},{"passengerId":"0xcae58827099cb4557f40dd308f5efc29e9065be8000000000000000000000000","passengerGeohash":"wx4enscgue5","vehicleId":"0x55577fd620a0b8379846fcb1499e4bdc22538843","vehicleStartPosition":"wx4enrq9mm9","emptyAstarTime":5,"emptyRoute":[],"emptyRouteTime":0,"emptyCountFrag":0,"endGeohash":"wx4enrq9mm9","loadAstarTime":4,"loadRoute":[],"loadRouteTime":0,"loadCountFrag":0},{"passengerId":"0x6d1558ef76336d670fb6f2b04ae1f345eab94761000000000000000000000000","passengerGeohash":"wx4enscgue5","vehicleId":"0x196424dd2bf7c978228ebd7a17b38b993d650696","vehicleStartPosition":"wx4enrq9mm9","emptyAstarTime":5,"emptyRoute":[],"emptyRouteTime":0,"emptyCountFrag":0,"endGeohash":"wx4enrq9mm9","loadAstarTime":4,"loadRoute":[],"loadRouteTime":0,"loadCountFrag":0},{"passengerId":"0xd5f5ef5ff4c6323c62bdc5ab2061f440aefc511b000000000000000000000000","passengerGeohash":"wx4enscgue5","vehicleId":"0x91153bad44dcc46187c481d8d36a53e58522d0c4","vehicleStartPosition":"wx4enrq9mm9","emptyAstarTime":3,"emptyRoute":[],"emptyRouteTime":0,"emptyCountFrag":0,"endGeohash":"wx4enrq9mm9","loadAstarTime":5,"loadRoute":[],"loadRouteTime":0,"loadCountFrag":0},{"passengerId":"0x95d2b2a36e6a3d1e7ac8edbf99481c6009a19131000000000000000000000000","passengerGeohash":"wx4enscgue5","vehicleId":"0xad8a321e2e8f8f51245f47b8f412979d5740e625","vehicleStartPosition":"wx4enrq9mm9","emptyAstarTime":9,"emptyRoute":[],"emptyRouteTime":0,"emptyCountFrag":0,"endGeohash":"wx4enrq9mm9","loadAstarTime":3,"loadRoute":[],"loadRouteTime":0,"loadCountFrag":0},{"passengerId":"0xd35d112793fe59877302d4064c9ef5a89c0485ba000000000000000000000000","passengerGeohash":"wx4enscgue5","vehicleId":"0x456c4df0610c7611ae8bcaed32dd1d94e88ceca4","vehicleStartPosition":"wx4enrq9mm9","emptyAstarTime":7,"emptyRoute":[],"emptyRouteTime":0,"emptyCountFrag":0,"endGeohash":"wx4enrq9mm9","loadAstarTime":2,"loadRoute":[],"loadRouteTime":0,"loadCountFrag":0},{"passengerId":"0x46dfb062b17f2ef557a64283347653f11ba7c089000000000000000000000000","passengerGeohash":"wx4enscgue5","vehicleId":"0x12d0e4381ef94a70a49252e35b9a65fadd3872b9","vehicleStartPosition":"wx4enrq9mm9","emptyAstarTime":2,"emptyRoute":[],"emptyRouteTime":0,"emptyCountFrag":0,"endGeohash":"wx4enrq9mm9","loadAstarTime":3,"loadRoute":[],"loadRouteTime":0,"loadCountFrag":0},{"passengerId":"0xfc932e94fed02d65e282e933c8e0cb75f6c4cfd8000000000000000000000000","passengerGeohash":"wx4enscgue5","vehicleId":"0x196424dd2bf7c978228ebd7a17b38b993d650696","vehicleStartPosition":"wx4enrq9mm9","emptyAstarTime":4,"emptyRoute":[],"emptyRouteTime":0,"emptyCountFrag":0,"endGeohash":"wx4enrq9mm9","loadAstarTime":2,"loadRoute":[],"loadRouteTime":0,"loadCountFrag":0}]