[{"passengerId":"0xedb6f3a4a1ebc511f7fe9bd4f2cd4219ca0a3cf4000000000000000000000000","passengerGeohash":"wx4epb8scg1","vehicleId":"0x0cac0bfe17bd73be78486a51a15db39b10cbafcf","vehicleStartPosition":"wx4ep8e5gw0","emptyAstarTime":5,"emptyRoute":[],"emptyRouteTime":0,"emptyCountFrag":0,"endGeohash":"wx4ep8e5gw0","loadAstarTime":1,"loadRoute":[],"loadRouteTime":0,"loadCountFrag":0},{"passengerId":"0xabd6b57b7d198796947bc03e4f5bd911813caada000000000000000000000000","passengerGeohash":"wx4epb8scg1","vehicleId":"0x0d5f26272be5a3b462c3b7a978c7bf4b0d6aadb1","vehicleStartPosition":"wx4ep8e5gw0","emptyAstarTime":2,"emptyRoute":[],"emptyRouteTime":0,"emptyCountFrag":0,"endGeohash":"wx4ep8e5gw0","loadAstarTime":2,"loadRoute":[],"loadRouteTime":0,"loadCountFrag":0},{"passengerId":"0x62119c27e0081b14e6e0c596603d21eaa6d6452b000000000000000000000000","passengerGeohash":"wx4epb8scg1","vehicleId":"0x4c0ae67f9e2dcabbcaee58afa56c14e427272b6f","vehicleStartPosition":"wx4ep8e5gw0","emptyAstarTime":2,"emptyRoute":[],"emptyRouteTime":0,"emptyCountFrag":0,"endGeohash":"wx4ep8e5gw0","loadAstarTime":4,"loadRoute":[],"loadRouteTime":0,"loadCountFrag":0},{"passengerId":"0xc265c858c1186113b2d830e6f46f6d95142e9750000000000000000000000000","passengerGeohash":"wx4epb8scg1","vehicleId":"0x7a5b8a958a74e39ade01f412951fb319ee4fe6d9","vehicleStartPosition":"wx4ep8e5gw0","emptyAstarTime":9,"emptyRoute":[],"emptyRouteTime":0,"emptyCountFrag":0,"endGeohash":"wx4ep8e5gw0","loadAstarTime":5,"loadRoute":[],"loadRouteTime":0,"loadCountFrag":0},{"passengerId":"0xbd2f3e025a8f0b0d8bb9f64ef60980ebb27e8d5d000000000000000000000000","passengerGeohash":"wx4epb8scg1","vehicleId":"0x0cac0bfe17bd73be78486a51a15db39b10cbafcf","vehicleStartPosition":"wx4ep8e5gw0","emptyAstarTime":6,"emptyRoute":[],"emptyRouteTime":0,"emptyCountFrag":0,"endGeohash":"wx4ep8e5gw0","loadAstarTime":2,"loadRoute":[],"loadRouteTime":0,"loadCountFrag":0},{"passengerId":"0xf0ce9fe96ac15405e4fd51a62cbdbdaef2d36372000000000000000000000000","passengerGeohash":"wx4epb8scg1","vehicleId":"0x926f155822d00a9191fe71ec570bcd1f0eb0c300","vehicleStartPosition":"wx4ep8e5gw0","emptyAstarTime":5,"emptyRoute":[],"emptyRouteTime":0,"emptyCountFrag":0,"endGeohash":"wx4ep8e5gw0","loadAstarTime":3,"loadRoute":[],"loadRouteTime":0,"loadCountFrag":0},{"passengerId":"0x1bdf42d9a37b5b5c5a3bc09cadfade23d075791a000000000000000000000000","passengerGeohash":"wx4epb8scg1","vehicleId":"0x0d5f26272be5a3b462c3b7a978c7bf4b0d6aadb1","vehicleStartPosition":"wx4ep8e5gw0","emptyAstarTime":8,"emptyRoute":[],"emptyRouteTime":0,"emptyCountFrag":0,"endGeohash":"wx4ep8e5gw0","loadAstarTime":2,"loadRoute":[],"loadRouteTime":0,"loadCountFrag":0},{"passengerId":"0x3449a20e1b4700ffd4dd49f0fc14bcac44fee63c000000000000000000000000","passengerGeohash":"wx4epb8scg1","vehicleId":"0x4c0ae67f9e2dcabbcaee58afa56c14e427272b6f","vehicleStartPosition":"wx4ep8e5gw0","emptyAstarTime":5,"emptyRoute":[],"emptyRouteTime":0,"emptyCountFrag":0,"endGeohash":"wx4ep8e5gw0","loadAstarTime":1,"loadRoute":[],"loadRouteTime":0,"loadCountFrag":0},{"passengerId":"0xd2ed0cb17fd847c8aa8bc8e9ed3870481ede088b000000000000000000000000","passengerGeohash":"wx4epb8scg1","vehicleId":"0x0cac0bfe17bd73be78486a51a15db39b10cbafcf","vehicleStartPosition":"wx4ep8e5gw0","emptyAstarTime":1,"emptyRoute":[],"emptyRouteTime":0,"emptyCountFrag":0,"endGeohash":"wx4ep8e5gw0","loadAstarTime":2,"loadRoute":[],"loadRouteTime":0,"loadCountFrag":0},{"passengerId":"0x5227daf8db7c57d268979df21ba9ee9c93d26712000000000000000000000000","passengerGeohash":"wx4epb8scg1","vehicleId":"0x7a5b8a958a74e39ade01f412951fb319ee4fe6d9","vehicleStartPosition":"wx4ep8e5gw0","emptyAstarTime":2,"emptyRoute":[],"emptyRouteTime":0,"emptyCountFrag":0,"endGeohash":"wx4ep8e5gw0","loadAstarTime":3,"loadRoute":[],"loadRouteTime":0,"loadCountFrag":0},{"passengerId":"0xb658cbd857f52f9705fbecf9b30cf827dd8c81a8000000000000000000000000","passengerGeohash":"wx4epb8scg1","vehicleId":"0x0d5f26272be5a3b462c3b7a978c7bf4b0d6aadb1","vehicleStartPosition":"wx4ep8e5gw0","emptyAstarTime":8,"emptyRoute":[],"emptyRouteTime":0,"emptyCountFrag":0,"endGeohash":"wx4ep8e5gw0","loadAstarTime":3,"loadRoute":[],"loadRouteTime":0,"loadCountFrag":0},{"passengerId":"0x5895ef03d8c36b9a53b4f961cd1345ed0bd79fa3000000000000000000000000","passengerGeohash":"wx4epb8scg1","vehicleId":"0x4c0ae67f9e2dcabbcaee58afa56c14e427272b6f","vehicleStartPosition":"wx4ep8e5gw0","emptyAstarTime":13,"emptyRoute":[],"emptyRouteTime":0,"emptyCountFrag":0,"endGeohash":"wx4ep8e5gw0","loadAstarTime":2,"loadRoute":[],"loadRouteTime":0,"loadCountFrag":0},{"passengerId":"0x3b49b8eb1d9d3c28242b97c135379e0e32468fb9000000000000000000000000","passengerGeohash":"wx4epb8scg1","vehicleId":"0x0cac0bfe17bd73be78486a51a15db39b10cbafcf","vehicleStartPosition":"wx4ep8e5gw0","emptyAstarTime":3,"emptyRoute":[],"emptyRouteTime":0,"emptyCountFrag":0,"endGeohash":"wx4ep8e5gw0","loadAstarTime":2,"loadRoute":[],"loadRouteTime":0,"loadCountFrag":0},{"passengerId":"0x03875bcc0db199992266825e2c1cf0f5bfc200d2000000000000000000000000","passengerGeohash":"wx4epb8scg1","vehicleId":"0x0d5f26272be5a3b462c3b7a978c7bf4b0d6aadb1","vehicleStartPosition":"wx4ep8e5gw0","emptyAstarTime":4,"emptyRoute":[],"emptyRouteTime":0,"emptyCountFrag":0,"endGeohash":"wx4ep8e5gw0","loadAstarTime":2,"loadRoute":[],"loadRouteTime":0,"loadCountFrag":0},{"passengerId":"0x7906b337632876b8050f55ee5b57228f02972fa3000000000000000000000000","passengerGeohash":"wx4epb8scg1","vehicleId":"0x0cac0bfe17bd73be78486a51a15db39b10cbafcf","vehicleStartPosition":"wx4ep8e5gw0","emptyAstarTime":2,"emptyRoute":[],"emptyRouteTime":0,"emptyCountFrag":0,"endGeohash":"wx4ep8e5gw0","loadAstarTime":1,"loadRoute":[],"loadRouteTime":0,"loadCountFrag":0},{"passengerId":"0x4093777e3bf0a104ef5576011a965c58a206b69b000000000000000000000000","passengerGeohash":"wx4epb8scg1","vehicleId":"0x0cac0bfe17bd73be78486a51a15db39b10cbafcf","vehicleStartPosition":"wx4ep8e5gw0","emptyAstarTime":2,"emptyRoute":[],"emptyRouteTime":0,"emptyCountFrag":0,"endGeohash":"wx4ep8e5gw0","loadAstarTime":2,"loadRoute":[],"loadRouteTime":0,"loadCountFrag":0}]