{
    "0xbf5868b482ace24aa4f339ceb26e32230fc7d3aa": {
        "StartingPointWrittenToContract": 2572,
        "DestinationWrittenToContract": 4345,
        "FoundIdleCarsNearby": 2,
        "FoundTheMostNearbyCar": 20,
        "TheMostNearbyCarIsSelected": 10205,
        "PassengerOnBoard": 7645,
        "PassengerArriveAtDestination": 3044,
        "PassengerPaysAndGetsOff": 5153
    },
    "0x926f155822d00a9191fe71ec570bcd1f0eb0c300": {
        "StartingPointWrittenToContract": 3919,
        "DestinationWrittenToContract": 10223,
        "FoundIdleCarsNearby": 16,
        "FoundTheMostNearbyCar": 24,
        "TheMostNearbyCarIsSelected": 4066,
        "PassengerOnBoard": 6590,
        "PassengerArriveAtDestination": 5137,
        "PassengerPaysAndGetsOff": 1983
    },
    "0xedb6f3a4a1ebc511f7fe9bd4f2cd4219ca0a3cf4": {
        "StartingPointWrittenToContract": 1201,
        "DestinationWrittenToContract": 9939,
        "FoundIdleCarsNearby": 15,
        "FoundTheMostNearbyCar": 29,
        "TheMostNearbyCarIsSelected": 4063,
        "PassengerOnBoard": 6586,
        "PassengerArriveAtDestination": 5148,
        "PassengerPaysAndGetsOff": 1974
    },
    "0xbd2f3e025a8f0b0d8bb9f64ef60980ebb27e8d5d": {
        "StartingPointWrittenToContract": 8142,
        "DestinationWrittenToContract": 4106,
        "FoundIdleCarsNearby": 6,
        "FoundTheMostNearbyCar": 18026,
        "TheMostNearbyCarConflict": 11734,
        "TheMostNearbyCarIsSelected": 8187,
        "PassengerOnBoard": 7614,
        "PassengerArriveAtDestination": 3039,
        "PassengerPaysAndGetsOff": 6645
    },
    "0xabd6b57b7d198796947bc03e4f5bd911813caada": {
        "StartingPointWrittenToContract": 5138,
        "DestinationWrittenToContract": 4103,
        "FoundIdleCarsNearby": 8,
        "FoundTheMostNearbyCar": 27,
        "TheMostNearbyCarIsSelected": 3506,
        "PassengerOnBoard": 8204,
        "PassengerArriveAtDestination": 1965,
        "PassengerPaysAndGetsOff": 4501
    },
    "0x62119c27e0081b14e6e0c596603d21eaa6d6452b": {
        "StartingPointWrittenToContract": 2138,
        "DestinationWrittenToContract": 4105,
        "FoundIdleCarsNearby": 8,
        "FoundTheMostNearbyCar": 60,
        "TheMostNearbyCarIsSelected": 3476,
        "PassengerOnBoard": 8200,
        "PassengerArriveAtDestination": 1967,
        "PassengerPaysAndGetsOff": 4500
    },
    "0xc265c858c1186113b2d830e6f46f6d95142e9750": {
        "StartingPointWrittenToContract": 3250,
        "DestinationWrittenToContract": 3538,
        "FoundIdleCarsNearby": 17,
        "FoundTheMostNearbyCar": 49,
        "TheMostNearbyCarIsSelected": 2983,
        "PassengerOnBoard": 7122,
        "PassengerArriveAtDestination": 4490,
        "PassengerPaysAndGetsOff": 11089
    },
    "0x03875bcc0db199992266825e2c1cf0f5bfc200d2": {
        "StartingPointWrittenToContract": 1835,
        "DestinationWrittenToContract": 2911,
        "FoundIdleCarsNearby": 2,
        "FoundTheMostNearbyCar": 19,
        "TheMostNearbyCarIsSelected": 2280,
        "PassengerOnBoard": 6905,
        "PassengerArriveAtDestination": 4498,
        "PassengerPaysAndGetsOff": 11088
    },
    "0xf0ce9fe96ac15405e4fd51a62cbdbdaef2d36372": {
        "StartingPointWrittenToContract": 1750,
        "DestinationWrittenToContract": 2304,
        "FoundIdleCarsNearby": 42,
        "FoundTheMostNearbyCar": 35,
        "TheMostNearbyCarIsSelected": 4858,
        "PassengerOnBoard": 6465,
        "PassengerArriveAtDestination": 11081,
        "PassengerPaysAndGetsOff": 4521
    },
    "0x1bdf42d9a37b5b5c5a3bc09cadfade23d075791a": {
        "StartingPointWrittenToContract": 1051,
        "DestinationWrittenToContract": 4936,
        "FoundIdleCarsNearby": 3,
        "FoundTheMostNearbyCar": 18,
        "TheMostNearbyCarIsSelected": 1954,
        "PassengerOnBoard": 15576,
        "PassengerArriveAtDestination": 4509,
        "PassengerPaysAndGetsOff": 5288
    },
    "0x3449a20e1b4700ffd4dd49f0fc14bcac44fee63c": {
        "StartingPointWrittenToContract": 2986,
        "DestinationWrittenToContract": 1972,
        "FoundIdleCarsNearby": 5,
        "FoundTheMostNearbyCar": 16,
        "TheMostNearbyCarIsSelected": 4475,
        "PassengerOnBoard": 15582,
        "PassengerArriveAtDestination": 5295,
        "PassengerPaysAndGetsOff": 1045
    },
    "0xd2ed0cb17fd847c8aa8bc8e9ed3870481ede088b": {
        "StartingPointWrittenToContract": 1960,
        "DestinationWrittenToContract": 4495,
        "FoundIdleCarsNearby": 6,
        "FoundTheMostNearbyCar": 18,
        "TheMostNearbyCarIsSelected": 11066,
        "PassengerOnBoard": 9805,
        "PassengerArriveAtDestination": 9078,
        "PassengerPaysAndGetsOff": 7325
    },
    "0x5227daf8db7c57d268979df21ba9ee9c93d26712": {
        "StartingPointWrittenToContract": 3456,
        "DestinationWrittenToContract": 11090,
        "FoundIdleCarsNearby": 3,
        "FoundTheMostNearbyCar": 62,
        "TheMostNearbyCarIsSelected": 4439,
        "PassengerOnBoard": 6319,
        "PassengerArriveAtDestination": 8047,
        "PassengerPaysAndGetsOff": 7338
    },
    "0xb658cbd857f52f9705fbecf9b30cf827dd8c81a8": {
        "StartingPointWrittenToContract": 11536,
        "DestinationWrittenToContract": 4518,
        "FoundIdleCarsNearby": 5,
        "FoundTheMostNearbyCar": 112,
        "TheMostNearbyCarIsSelected": 5177,
        "PassengerOnBoard": 9085,
        "PassengerArriveAtDestination": 7312,
        "PassengerPaysAndGetsOff": 4085
    },
    "0x5895ef03d8c36b9a53b4f961cd1345ed0bd79fa3": {
        "StartingPointWrittenToContract": 8537,
        "DestinationWrittenToContract": 4515,
        "FoundIdleCarsNearby": 5,
        "FoundTheMostNearbyCar": 94,
        "TheMostNearbyCarIsSelected": 5184,
        "PassengerOnBoard": 9100,
        "PassengerArriveAtDestination": 7306,
        "PassengerPaysAndGetsOff": 4088
    },
    "0x4093777e3bf0a104ef5576011a965c58a206b69b": {
        "StartingPointWrittenToContract": 5535,
        "DestinationWrittenToContract": 4514,
        "FoundIdleCarsNearby": 3,
        "FoundTheMostNearbyCar": 14016,
        "TheMostNearbyCarConflict": 5203,
        "TheMostNearbyCarIsSelected": 2401,
        "PassengerOnBoard": 7611,
        "PassengerArriveAtDestination": 3037,
        "PassengerPaysAndGetsOff": 6649
    },
    "0x7906b337632876b8050f55ee5b57228f02972fa3": {
        "StartingPointWrittenToContract": 2536,
        "DestinationWrittenToContract": 4516,
        "FoundIdleCarsNearby": 4,
        "FoundTheMostNearbyCar": 58,
        "TheMostNearbyCarIsSelected": 5222,
        "PassengerOnBoard": 9096,
        "PassengerArriveAtDestination": 7303,
        "PassengerPaysAndGetsOff": 4095
    },
    "0x3b49b8eb1d9d3c28242b97c135379e0e32468fb9": {
        "StartingPointWrittenToContract": 4055,
        "DestinationWrittenToContract": 5281,
        "FoundIdleCarsNearby": 14,
        "FoundTheMostNearbyCar": 106,
        "TheMostNearbyCarIsSelected": 912,
        "PassengerOnBoard": 15387,
        "PassengerArriveAtDestination": 4059,
        "PassengerPaysAndGetsOff": 3551
    },
    "0x1cdf2caf87fe659e3d2fb0d2482049d74375eca6": {
        "StartingPointWrittenToContract": 3311,
        "DestinationWrittenToContract": 3463,
        "FoundIdleCarsNearby": 22,
        "FoundTheMostNearbyCar": 84,
        "TheMostNearbyCarIsSelected": 785,
        "PassengerOnBoard": 15091,
        "PassengerArriveAtDestination": 4050,
        "PassengerPaysAndGetsOff": 3556
    },
    "0x00cbd2864b7c93822826f80a7c968a2ada1cbaa7": {
        "StartingPointWrittenToContract": 3337,
        "DestinationWrittenToContract": 1032,
        "FoundIdleCarsNearby": 18,
        "FoundTheMostNearbyCar": 18016,
        "TheMostNearbyCarConflict": 3963,
        "TheMostNearbyCarIsSelected": 2586,
        "PassengerOnBoard": 7569,
        "PassengerArriveAtDestination": 4571,
        "PassengerPaysAndGetsOff": 3415
    },
    "0x6667d6c8b9d92f20a6a8ffaae8aace0147bee999": {
        "StartingPointWrittenToContract": 797,
        "DestinationWrittenToContract": 872,
        "FoundIdleCarsNearby": 12,
        "FoundTheMostNearbyCar": 18,
        "TheMostNearbyCarIsSelected": 7734,
        "PassengerOnBoard": 11397,
        "PassengerArriveAtDestination": 3513,
        "PassengerPaysAndGetsOff": 3077
    },
    "0x98a7df3e665e83ed12f900bb0a9f7d2914808fa7": {
        "StartingPointWrittenToContract": 6436,
        "DestinationWrittenToContract": 7314,
        "FoundIdleCarsNearby": 73,
        "FoundTheMostNearbyCar": 49,
        "TheMostNearbyCarIsSelected": 3959,
        "PassengerOnBoard": 6586,
        "PassengerArriveAtDestination": 6629,
        "PassengerPaysAndGetsOff": 3348
    },
    "0xcb1d4560f811ae161002ffadc4c834ecd1fa82ba": {
        "StartingPointWrittenToContract": 3434,
        "DestinationWrittenToContract": 7317,
        "FoundIdleCarsNearby": 74,
        "FoundTheMostNearbyCar": 161,
        "TheMostNearbyCarIsSelected": 3841,
        "PassengerOnBoard": 6593,
        "PassengerArriveAtDestination": 6624,
        "PassengerPaysAndGetsOff": 3349
    },
    "0x3d79e4b740913678fcab6e490f4c273f3e7d6a89": {
        "StartingPointWrittenToContract": 7749,
        "DestinationWrittenToContract": 4082,
        "FoundIdleCarsNearby": 3,
        "FoundTheMostNearbyCar": 119,
        "TheMostNearbyCarIsSelected": 3412,
        "PassengerOnBoard": 9682,
        "PassengerArriveAtDestination": 13970,
        "PassengerPaysAndGetsOff": 3911
    },
    "0xbcbc44f60dea618c7df6a08a3a9683ee138813ba": {
        "StartingPointWrittenToContract": 4748,
        "DestinationWrittenToContract": 4079,
        "FoundIdleCarsNearby": 3,
        "FoundTheMostNearbyCar": 18037,
        "TheMostNearbyCarConflict": 9636,
        "TheMostNearbyCarIsSelected": 7399,
        "PassengerOnBoard": 7563,
        "PassengerArriveAtDestination": 2308,
        "PassengerPaysAndGetsOff": 3305
    },
    "0x1c230c5d5ae6b126d0d7fd8e8af3aa09905d2b4b": {
        "StartingPointWrittenToContract": 1750,
        "DestinationWrittenToContract": 4082,
        "FoundIdleCarsNearby": 3,
        "FoundTheMostNearbyCar": 44,
        "TheMostNearbyCarIsSelected": 3486,
        "PassengerOnBoard": 9686,
        "PassengerArriveAtDestination": 13965,
        "PassengerPaysAndGetsOff": 3915
    },
    "0x075c06e40ff4067d3f9d765719555f06532bb170": {
        "StartingPointWrittenToContract": 2824,
        "DestinationWrittenToContract": 3542,
        "FoundIdleCarsNearby": 35,
        "FoundTheMostNearbyCar": 41,
        "TheMostNearbyCarIsSelected": 2986,
        "PassengerOnBoard": 9967,
        "PassengerArriveAtDestination": 10620,
        "PassengerPaysAndGetsOff": 3913
    },
    "0xbb9fdf370e08bb5dee6f39ea440de18f01cdb1c8": {
        "StartingPointWrittenToContract": 3361,
        "DestinationWrittenToContract": 3056,
        "FoundIdleCarsNearby": 8,
        "FoundTheMostNearbyCar": 28,
        "TheMostNearbyCarIsSelected": 6600,
        "PassengerOnBoard": 17875,
        "PassengerArriveAtDestination": 3658,
        "PassengerPaysAndGetsOff": 4582
    },
    "0xed04389fb476cbfb0737477e9aa3a509404917cf": {
        "StartingPointWrittenToContract": 3398,
        "DestinationWrittenToContract": 6650,
        "FoundIdleCarsNearby": 2,
        "FoundTheMostNearbyCar": 27,
        "TheMostNearbyCarIsSelected": 3315,
        "PassengerOnBoard": 14533,
        "PassengerArriveAtDestination": 3659,
        "PassengerPaysAndGetsOff": 4579
    },
    "0x54dd0a733e1c1ae9ea5ddab64c5f3922daec1ddf": {
        "StartingPointWrittenToContract": 421,
        "DestinationWrittenToContract": 6629,
        "FoundIdleCarsNearby": 2,
        "FoundTheMostNearbyCar": 112,
        "TheMostNearbyCarIsSelected": 3229,
        "PassengerOnBoard": 14534,
        "PassengerArriveAtDestination": 3664,
        "PassengerPaysAndGetsOff": 4582
    },
    "0xd93f7bbe87e0986efca3dedc91880635a0f355d9": {
        "StartingPointWrittenToContract": 4052,
        "DestinationWrittenToContract": 3343,
        "FoundIdleCarsNearby": 1,
        "FoundTheMostNearbyCar": 26026,
        "TheMostNearbyCarConflict": 11626,
        "TheMostNearbyCarIsSelected": 430,
        "PassengerOnBoard": 11361,
        "PassengerArriveAtDestination": 1399,
        "PassengerPaysAndGetsOff": 6852
    },
    "0x781b6d4d069a201ca8dc1542684edffd1b79c025": {
        "StartingPointWrittenToContract": 1049,
        "DestinationWrittenToContract": 3341,
        "FoundIdleCarsNearby": 0,
        "FoundTheMostNearbyCar": 30023,
        "TheMostNearbyCarConflict": 443,
        "TheMostNearbyCarIsSelected": 5278,
        "PassengerOnBoard": 8271,
        "PassengerArriveAtDestination": 2944,
        "PassengerPaysAndGetsOff": 3459
    },
    "0x05d6ca3c365ab26983bfca03809309a8258e3f62": {
        "StartingPointWrittenToContract": 12025,
        "DestinationWrittenToContract": 3900,
        "FoundIdleCarsNearby": 3,
        "FoundTheMostNearbyCar": 40,
        "TheMostNearbyCarIsSelected": 3624,
        "PassengerOnBoard": 7986,
        "PassengerArriveAtDestination": 9873,
        "PassengerPaysAndGetsOff": 1063
    },
    "0x792e5531f6d360524e4dd3f1d17725edcc9b1dc1": {
        "StartingPointWrittenToContract": 9024,
        "DestinationWrittenToContract": 3903,
        "FoundIdleCarsNearby": 4,
        "FoundTheMostNearbyCar": 29,
        "TheMostNearbyCarIsSelected": 3633,
        "PassengerOnBoard": 7988,
        "PassengerArriveAtDestination": 9869,
        "PassengerPaysAndGetsOff": 1066
    },
    "0x086ba65affc894f226e87f8d16f20a35d4f60b4d": {
        "StartingPointWrittenToContract": 6026,
        "DestinationWrittenToContract": 3903,
        "FoundIdleCarsNearby": 3,
        "FoundTheMostNearbyCar": 34030,
        "TheMostNearbyCarConflict": 5279,
        "TheMostNearbyCarIsSelected": 2793,
        "PassengerOnBoard": 4199,
        "PassengerArriveAtDestination": 3379,
        "PassengerPaysAndGetsOff": 6444
    },
    "0x2702ee5633daab4d277f5660f1c29d3e5454f7b3": {
        "StartingPointWrittenToContract": 3028,
        "DestinationWrittenToContract": 3899,
        "FoundIdleCarsNearby": 5,
        "FoundTheMostNearbyCar": 18015,
        "TheMostNearbyCarConflict": 3852,
        "TheMostNearbyCarIsSelected": 3801,
        "PassengerOnBoard": 10034,
        "PassengerArriveAtDestination": 1952,
        "PassengerPaysAndGetsOff": 13021
    },
    "0x2888bd343cbbc9cb5469c7a3c52d51dff4350d97": {
        "StartingPointWrittenToContract": 3929,
        "DestinationWrittenToContract": 3665,
        "FoundIdleCarsNearby": 2,
        "FoundTheMostNearbyCar": 26,
        "TheMostNearbyCarIsSelected": 4549,
        "PassengerOnBoard": 13290,
        "PassengerArriveAtDestination": 4667,
        "PassengerPaysAndGetsOff": 4155
    },
    "0x7a594ef9f871e4ef17c8d659aa58b3b09e090cf3": {
        "StartingPointWrittenToContract": 929,
        "DestinationWrittenToContract": 3662,
        "FoundIdleCarsNearby": 2,
        "FoundTheMostNearbyCar": 64,
        "TheMostNearbyCarIsSelected": 4512,
        "PassengerOnBoard": 13296,
        "PassengerArriveAtDestination": 4669,
        "PassengerPaysAndGetsOff": 4146
    },
    "0xb2e192f38247113c0a695a4da975771bfd32d68e": {
        "StartingPointWrittenToContract": 2149,
        "DestinationWrittenToContract": 4013,
        "FoundIdleCarsNearby": 14,
        "FoundTheMostNearbyCar": 52,
        "TheMostNearbyCarIsSelected": 3362,
        "PassengerOnBoard": 10923,
        "PassengerArriveAtDestination": 3619,
        "PassengerPaysAndGetsOff": 4148
    },
    "0xe3cfc7fd117fa5762bfb5390acbdf48557a18ac2": {
        "StartingPointWrittenToContract": 3165,
        "DestinationWrittenToContract": 3413,
        "FoundIdleCarsNearby": 17,
        "FoundTheMostNearbyCar": 60,
        "TheMostNearbyCarIsSelected": 9806,
        "PassengerOnBoard": 7567,
        "PassengerArriveAtDestination": 2307,
        "PassengerPaysAndGetsOff": 3304
    },
    "0xa97253e4fe217e80b5f2e995bd54904f63726719": {
        "StartingPointWrittenToContract": 910,
        "DestinationWrittenToContract": 5524,
        "FoundIdleCarsNearby": 5,
        "FoundTheMostNearbyCar": 19,
        "TheMostNearbyCarIsSelected": 7002,
        "PassengerOnBoard": 7565,
        "PassengerArriveAtDestination": 2310,
        "PassengerPaysAndGetsOff": 3300
    },
    "0xce2897c392e16c5762131a56686733e035a4aa30": {
        "StartingPointWrittenToContract": 3437,
        "DestinationWrittenToContract": 7030,
        "FoundIdleCarsNearby": 4,
        "FoundTheMostNearbyCar": 48,
        "TheMostNearbyCarIsSelected": 995,
        "PassengerOnBoard": 7767,
        "PassengerArriveAtDestination": 4349,
        "PassengerPaysAndGetsOff": 8651
    },
    "0x441d24425b99411edd0ecf95501cb0db988e2f13": {
        "StartingPointWrittenToContract": 7465,
        "DestinationWrittenToContract": 1050,
        "FoundIdleCarsNearby": 2,
        "FoundTheMostNearbyCar": 75,
        "TheMostNearbyCarIsSelected": 3544,
        "PassengerOnBoard": 8502,
        "PassengerArriveAtDestination": 8633,
        "PassengerPaysAndGetsOff": 2163
    },
    "0xf5493c66a2f85637127510a53b6cd0b067936b51": {
        "StartingPointWrittenToContract": 4462,
        "DestinationWrittenToContract": 1051,
        "FoundIdleCarsNearby": 3,
        "FoundTheMostNearbyCar": 26018,
        "TheMostNearbyCarConflict": 1238,
        "TheMostNearbyCarIsSelected": 2940,
        "PassengerOnBoard": 9541,
        "PassengerArriveAtDestination": 4396,
        "PassengerPaysAndGetsOff": 3875
    },
    "0xcd924d3e8e043bb9579a4033ab08f8c1404840f0": {
        "StartingPointWrittenToContract": 1462,
        "DestinationWrittenToContract": 1049,
        "FoundIdleCarsNearby": 3,
        "FoundTheMostNearbyCar": 101,
        "TheMostNearbyCarIsSelected": 3518,
        "PassengerOnBoard": 8500,
        "PassengerArriveAtDestination": 8628,
        "PassengerPaysAndGetsOff": 2169
    },
    "0xf85378de486a9514f26f3118450ff6409aaf2bfb": {
        "StartingPointWrittenToContract": 3138,
        "DestinationWrittenToContract": 4146,
        "FoundIdleCarsNearby": 2,
        "FoundTheMostNearbyCar": 58,
        "TheMostNearbyCarIsSelected": 4295,
        "PassengerOnBoard": 10797,
        "PassengerArriveAtDestination": 7885,
        "PassengerPaysAndGetsOff": 1959
    },
    "0x2a52bc09f527f500c7fc62c63f681d24dad62a77": {
        "StartingPointWrittenToContract": 3018,
        "DestinationWrittenToContract": 2322,
        "FoundIdleCarsNearby": 1,
        "FoundTheMostNearbyCar": 26019,
        "TheMostNearbyCarConflict": 541,
        "TheMostNearbyCarIsSelected": 2753,
        "PassengerOnBoard": 10561,
        "PassengerArriveAtDestination": 3870,
        "PassengerPaysAndGetsOff": 2951
    },
    "0x0c05c7ae6e3a58c23e5d27fc1d121ed1aec0f738": {
        "StartingPointWrittenToContract": 1284,
        "DestinationWrittenToContract": 4355,
        "FoundIdleCarsNearby": 2,
        "FoundTheMostNearbyCar": 14023,
        "TheMostNearbyCarConflict": 8622,
        "TheMostNearbyCarIsSelected": 10981,
        "PassengerOnBoard": 7839,
        "PassengerArriveAtDestination": 4659,
        "PassengerPaysAndGetsOff": 3165
    },
    "0x7776ed3449f97157630b06035e11bc7759e4f0db": {
        "StartingPointWrittenToContract": 2637,
        "DestinationWrittenToContract": 8646,
        "FoundIdleCarsNearby": 6,
        "FoundTheMostNearbyCar": 26,
        "TheMostNearbyCarIsSelected": 2120,
        "PassengerOnBoard": 9842,
        "PassengerArriveAtDestination": 12994,
        "PassengerPaysAndGetsOff": 3378
    },
    "0xd30d093abb9d34fb14917d07121ed6a61cb1f99e": {
        "StartingPointWrittenToContract": 8283,
        "DestinationWrittenToContract": 2150,
        "FoundIdleCarsNearby": 3,
        "FoundTheMostNearbyCar": 26,
        "TheMostNearbyCarIsSelected": 7859,
        "PassengerOnBoard": 14966,
        "PassengerArriveAtDestination": 3355,
        "PassengerPaysAndGetsOff": 4482
    },
    "0x7b11919cd9db9a817c8f9d2e9477f410273a3ceb": {
        "StartingPointWrittenToContract": 5274,
        "DestinationWrittenToContract": 2151,
        "FoundIdleCarsNearby": 3,
        "FoundTheMostNearbyCar": 18021,
        "TheMostNearbyCarConflict": 4311,
        "TheMostNearbyCarIsSelected": 1510,
        "PassengerOnBoard": 3924,
        "PassengerArriveAtDestination": 3535,
        "PassengerPaysAndGetsOff": 7457
    },
    "0x3c28dc70332560ed17d1002704780df9df497abb": {
        "StartingPointWrittenToContract": 3746,
        "DestinationWrittenToContract": 8570,
        "FoundIdleCarsNearby": 6,
        "FoundTheMostNearbyCar": 54,
        "TheMostNearbyCarIsSelected": 1902,
        "PassengerOnBoard": 16371,
        "PassengerArriveAtDestination": 4465,
        "PassengerPaysAndGetsOff": 4682
    },
    "0xeef75753e18f97f0ee8a61119d84cdba23d22a7f": {
        "StartingPointWrittenToContract": 1434,
        "DestinationWrittenToContract": 7879,
        "FoundIdleCarsNearby": 8,
        "FoundTheMostNearbyCar": 46,
        "TheMostNearbyCarIsSelected": 1913,
        "PassengerOnBoard": 16367,
        "PassengerArriveAtDestination": 4466,
        "PassengerPaysAndGetsOff": 4684
    },
    "0x2a772e261792d208c40d685b31673a85ad18eb90": {
        "StartingPointWrittenToContract": 6321,
        "DestinationWrittenToContract": 1956,
        "FoundIdleCarsNearby": 5,
        "FoundTheMostNearbyCar": 41,
        "TheMostNearbyCarIsSelected": 12964,
        "PassengerOnBoard": 7838,
        "PassengerArriveAtDestination": 4670,
        "PassengerPaysAndGetsOff": 3155
    },
    "0x495b77d80ccb1d3d1476db06dd522292555b2e23": {
        "StartingPointWrittenToContract": 3317,
        "DestinationWrittenToContract": 1964,
        "FoundIdleCarsNearby": 34,
        "FoundTheMostNearbyCar": 14020,
        "TheMostNearbyCarConflict": 12908,
        "TheMostNearbyCarIsSelected": 1640,
        "PassengerOnBoard": 7237,
        "PassengerArriveAtDestination": 3255,
        "PassengerPaysAndGetsOff": 668
    },
    "0xa95e44270fc15576da490955d8e6698e2a95f610": {
        "StartingPointWrittenToContract": 1367,
        "DestinationWrittenToContract": 13918,
        "FoundIdleCarsNearby": 2,
        "FoundTheMostNearbyCar": 39,
        "TheMostNearbyCarIsSelected": 3316,
        "PassengerOnBoard": 9151,
        "PassengerArriveAtDestination": 3143,
        "PassengerPaysAndGetsOff": 3331
    },
    "0xa330923b96f26c88a2681112bfe26d4d9186131a": {
        "StartingPointWrittenToContract": 12287,
        "DestinationWrittenToContract": 3363,
        "FoundIdleCarsNearby": 8,
        "FoundTheMostNearbyCar": 22017,
        "TheMostNearbyCarConflict": 5154,
        "TheMostNearbyCarIsSelected": 4620,
        "PassengerOnBoard": 4966,
        "PassengerArriveAtDestination": 4252,
        "PassengerPaysAndGetsOff": 3547
    },
    "0x814d66fc3f60ca8b257b21f1b89faeecd31475af": {
        "StartingPointWrittenToContract": 9288,
        "DestinationWrittenToContract": 3360,
        "FoundIdleCarsNearby": 6,
        "FoundTheMostNearbyCar": 73,
        "TheMostNearbyCarIsSelected": 4399,
        "PassengerOnBoard": 7823,
        "PassengerArriveAtDestination": 3326,
        "PassengerPaysAndGetsOff": 3909
    },
    "0x17164c34807aa124363d80a604efd4560d8cea0e": {
        "StartingPointWrittenToContract": 6286,
        "DestinationWrittenToContract": 3361,
        "FoundIdleCarsNearby": 7,
        "FoundTheMostNearbyCar": 14018,
        "TheMostNearbyCarConflict": 4376,
        "TheMostNearbyCarIsSelected": 1040,
        "PassengerOnBoard": 3924,
        "PassengerArriveAtDestination": 3533,
        "PassengerPaysAndGetsOff": 7462
    },
    "0x9edfe6721d18361bf2b6d83b5cc22c0bf4db6314": {
        "StartingPointWrittenToContract": 3284,
        "DestinationWrittenToContract": 3364,
        "FoundIdleCarsNearby": 8,
        "FoundTheMostNearbyCar": 18033,
        "TheMostNearbyCarConflict": 1040,
        "TheMostNearbyCarIsSelected": 5136,
        "PassengerOnBoard": 4325,
        "PassengerArriveAtDestination": 5202,
        "PassengerPaysAndGetsOff": 6165
    }
}